instance,profile,policy,label,population,n_routes,A_l1,A_l2,A_l2_over_l1,A_l1_over_tr,Delta_A,E_spec_norm,eta,angle_vM_vA_deg,angle_uslope_vM_deg,angle_uslope_E1_deg,angle_uslope_vA_deg,M_l1,M_l2,M_ld,M_l2_over_l1,M_gap12,M_gap12_rel,M_leading_multiplicity,M_trace,M_residual_opt,M_residual_uslope,M_transfer_ratio,M_transfer_bound_ratio,M_transfer_excess,M_transfer_bound_excess,M_q_rayleigh,M_beta_q,M_transfer_identity_excess,M_bound_slack_over_actual_excess,M_bound_slack_fraction,M_gap12_degenerate,eigengap_degenerate,mu_n,mu_mean,mu_p50,mu_p90,mu_p95,mu_max,sqrt_mu_p50,sqrt_mu_p90,sqrt_mu_p95,sqrt_mu_max,theorem_factor_exact_observed,theorem_factor_spectral_bound,Ce_u,Ce_best_found_min,Ce_best_found_max,Ce_best_found_spread,Ce_rho_best_found,Ce_global_lower_bound,Ce_rho_certified_upper,Ce_random_p05,Ce_random_p50,Ce_random_p95,Ce_pca_top,Ce_pca_bottom,Ce_cov_l1,Ce_cov_l2,Ce_cov_ld,Ce_cov_l2_over_l1,Ce_search_seconds,certificate_factor_best_found,certificate_factor_spectral_best_found,certificate_factor_certified_upper
CON3-0,moderate,-,train_random_unique,train_random_unique,200,493853917584109.2,1144848185826.8572,0.002318191969453955,0.991258883627631,492709069398282.3,218208535588086.53,0.44287501314837224,20.497071669369056,0.0,0.0,20.497071669369056,359050448319400.2,24680937124229.676,165378275101.58514,0.06873946889567528,334369511195170.5,0.9312605311043247,1,389268377554165.6,30217929234765.438,30217929234765.438,1.0,1.0,0.0,0.0,nan,nan,0.0,nan,nan,0,0,200,2.2169589568757244,2.2401629862376464,2.8108825558008923,3.0191923078969536,3.408084789306125,1.4967173884581224,1.6765685431882438,1.7375822543572785,1.8460998860587488,1.8460998860587488,1.8460998860587488,4.018036542200779,4.007213076857858,4.046947264701445,1.009915666345036,1.002700995713312,1.5715738347064603,2.5566960033737587,4.0186049700238025,4.027576936538649,4.035275414903927,4.023028824181041,4.031124983590341,1.0025519891487702,0.9930267722101018,0.9216607572467161,0.990499029435116,1.004175199981546,1.851086193937339,1.851086193937339,4.719916200515154
CON3-0,moderate,SAA,search_call_weighted,search_call_weighted,2867,2756464363418675.0,119146131673775.4,0.04322425976369443,0.9339167345084376,2637318231744899.5,1227177085619013.0,0.465312479490611,21.447340791495,6.448951068795312,6.4489510687954,21.059759367726873,2036660749841324.0,153543059093201.6,1165235158553.2031,0.07538960973503521,1883117690748122.5,0.9246103902649648,1,2355785168635564.5,319124418794240.5,344346288727306.25,1.079034597315876,1.080465228837036,25221869933065.75,25678419385764.69,37355327283665.65,0.01777949981420255,25221869933066.473,0.018101332451183855,0.017779499814230704,0,0,2867,1.8553980798161012,1.7716726095974467,2.382017544614857,2.4628427816041807,3.0518169375836153,1.3310419263109057,1.5433786071669233,1.5693446971412706,1.7469450299261322,1.8146669282067456,1.8158695123370026,4.018036542200779,4.007213076857858,4.046947264701445,1.009915666345036,1.002700995713312,1.5715738347064603,2.5566960033737587,4.0186049700238025,4.027576936538649,4.035275414903927,4.023028824181041,4.031124983590341,1.0025519891487702,0.9930267722101018,0.9216607572467161,0.990499029435116,1.004175199981546,1.819568335800921,1.8207741681057588,4.639551682800722
CON3-0,moderate,SAA,search_unique_ordered_route,search_unique_ordered_route,2660,2544202080708957.5,111498255915586.9,0.04382444962253833,0.9340108961064258,2432703824793370.5,1133712888441691.2,0.466029969159105,21.440051646630877,6.476613825003585,6.476613825003552,21.082877940998866,1877743893809614.5,141029563058248.1,1093157148360.6917,0.07510585630084182,1736714330751366.5,0.9248941436991582,1,2171616772289861.0,293872878480246.5,317333255792998.0,1.0798317198717895,1.081250145110735,23460377312751.5,23877214020629.402,33854806569943.42,0.017457510223702535,23460377312750.73,0.017767689850893303,0.01745751022367033,0,0,2660,1.8421434303733721,1.760935524009486,2.3642992458545717,2.4576933812630237,3.0518169375836153,1.3270024560297364,1.5376277925344057,1.5677032184744226,1.7469450299261322,1.8153370850739465,1.816528972137159,4.018036542200779,4.007213076857858,4.046947264701445,1.009915666345036,1.002700995713312,1.5715738347064603,2.5566960033737587,4.0186049700238025,4.027576936538649,4.035275414903927,4.023028824181041,4.031124983590341,1.0025519891487702,0.9930267722101018,0.9216607572467161,0.990499029435116,1.004175199981546,1.8202403027589475,1.8214354091040084,4.641265070184728
CON3-0,moderate,SAA,search_unique_customer_set_A_only,search_unique_customer_set_A_only,383,332830045893281.2,12653245788761.805,0.03801713801048764,0.9375608304018723,320176800104519.4,nan,nan,0.0,20.754736059706456,nan,20.754736059706456,nan,nan,nan,nan,nan,nan,0,nan,nan,nan,nan,nan,nan,nan,nan,nan,nan,nan,nan,0,0,0,nan,nan,nan,nan,nan,nan,nan,nan,nan,nan,nan,4.018036542200779,4.007213076857858,4.046947264701445,1.009915666345036,1.002700995713312,1.5715738347064603,2.5566960033737587,4.0186049700238025,4.027576936538649,4.035275414903927,4.023028824181041,4.031124983590341,1.0025519891487702,0.9930267722101018,0.9216607572467161,0.990499029435116,1.004175199981546,nan,nan,nan
CON3-1,moderate,-,train_random_unique,train_random_unique,200,615002475263542.2,1611838271101.2112,0.0026208646890575563,0.9912039009002725,613390636992441.0,277637626668767.38,0.4526277545253577,22.812470942072892,0.0,2.1767042412140705e-06,22.812470942072906,463537620562478.6,36094545685185.664,304200581939.45746,0.07786756475426271,427443074877292.94,0.9221324352457372,1,506539288090634.9,43001667528156.25,43001667528156.25,1.0,1.0000000000000155,0.0,0.6685801312297245,nan,nan,0.0,nan,nan,0,0,200,2.223144241515339,2.240367208317181,2.867785931629071,3.003883029650913,3.244856963885448,1.4967853350781049,1.6934537168662007,1.7331707361545086,1.8013486513957946,1.8013486513957946,1.8013486513958086,4.0172347633971,4.007213076857858,4.046947264701445,1.009915666345036,1.0025009118175219,1.5715738347064603,2.55618582765947,4.0186049700238025,4.027576936538649,4.035275414903927,4.023028824181041,4.031124983590341,1.0025519891487702,0.9930267722101018,0.9216607572467161,0.990499029435116,1.004175199981546,1.8058536655255475,1.8058536655255615,4.604581893371429
CON3-1,moderate,SAA,search_call_weighted,search_call_weighted,2844,3823789225002757.0,244689230318557.56,0.06399129657006164,0.9201848404799077,3579099994684199.5,1585316879045569.8,0.4429372974770574,20.256578942950412,4.627365407819154,4.627365407819302,19.319032707403704,2961229619708791.0,222977034322232.8,1062642220558.8263,0.07529879913336829,2738252585386558.0,0.9247012008666317,1,3454394303816864.5,493164684108073.5,512210482506593.5,1.0386195504509124,1.0390662851059242,19045798398520.0,19266112153539.1,34913037001417.008,0.01143529910247867,19045798398521.484,0.01156757781475948,0.011435299102555618,0,0,2844,1.8813340564124055,1.8344108096081322,2.142379495585799,2.3512825278223937,3.137247126251656,1.3544042266886405,1.4636869499217287,1.5333892286461128,1.7712275760758853,1.805105592457381,1.8054937598711176,4.0172347633971,4.007213076857858,4.046947264701445,1.009915666345036,1.0025009118175219,1.5715738347064603,2.55618582765947,4.0186049700238025,4.027576936538649,4.035275414903927,4.023028824181041,4.031124983590341,1.0025519891487702,0.9930267722101018,0.9216607572467161,0.990499029435116,1.004175199981546,1.8096200023654323,1.8100091405516412,4.614185332868408
CON3-1,moderate,SAA,search_unique_ordered_route,search_unique_ordered_route,2593,3550415617857013.0,226411457265891.94,0.06377040933662609,0.9211293899384384,3324004160591121.0,1464701983970231.8,0.4406438479637035,20.121494194652698,4.734703672827731,4.734703672828181,19.222981176932073,2752554636769061.5,206539788079741.94,960787587736.5165,0.07503567243343717,2546014848689319.5,0.9249643275665628,1,3206573765003527.5,454019128234466.0,472551117592017.5,1.040817640062031,1.0412916022665815,18531989357551.5,18747177264477.633,32544727545938.6,0.011478416397681358,18531989357554.812,0.011611700329325252,0.011478416397858111,0,0,2593,1.8709567536342968,1.8309018938181112,2.094971258204743,2.3369854687518044,3.137247126251656,1.3531082343323875,1.4474015367065747,1.5287201984356271,1.7712275760758853,1.8070147067018125,1.8074260944228993,4.0172347633971,4.007213076857858,4.046947264701445,1.009915666345036,1.0025009118175219,1.5715738347064603,2.55618582765947,4.0186049700238025,4.027576936538649,4.035275414903927,4.023028824181041,4.031124983590341,1.0025519891487702,0.9930267722101018,0.9216607572467161,0.990499029435116,1.004175199981546,1.8115338911362389,1.8119463077017388,4.619065383643407
CON3-1,moderate,SAA,search_unique_customer_set_A_only,search_unique_customer_set_A_only,330,361290987153827.0,19568243658307.4,0.05416200335486315,0.9262565844607634,341722743495519.6,nan,nan,0.0,20.11893080499609,nan,20.11893080499609,nan,nan,nan,nan,nan,nan,0,nan,nan,nan,nan,nan,nan,nan,nan,nan,nan,nan,nan,0,0,0,nan,nan,nan,nan,nan,nan,nan,nan,nan,nan,nan,4.0172347633971,4.007213076857858,4.046947264701445,1.009915666345036,1.0025009118175219,1.5715738347064603,2.55618582765947,4.0186049700238025,4.027576936538649,4.035275414903927,4.023028824181041,4.031124983590341,1.0025519891487702,0.9930267722101018,0.9216607572467161,0.990499029435116,1.004175199981546,nan,nan,nan
CON3-2,moderate,-,train_random_unique,train_random_unique,200,524828314882798.2,1700429755842.771,0.003239973354376853,0.9910843545017702,523127885126955.44,234611314468045.53,0.44847793653956874,20.64898223256198,0.0,1.3499346641909582e-06,20.64898223256198,377708807438175.9,27140292505111.03,156772298585.9538,0.0718550692243347,350568514933064.9,0.9281449307756654,1,410661101946819.44,32952294508643.562,32952294508643.562,1.0,1.0000000000000064,0.0,0.20958348120302947,nan,nan,0.0,nan,nan,0,0,200,2.254216567767389,2.3143362098733835,2.8470773769372326,2.938711892591569,3.282432049798805,1.5212927483552314,1.6873266198617347,1.7142654472854078,1.8117483406364154,1.8117483406364154,1.8117483406364214,4.018667496733632,4.007213076857858,4.046947264701445,1.009915666345036,1.002858450413312,1.5715738347064603,2.557097482781801,4.0186049700238025,4.027576936538649,4.035275414903927,4.023028824181041,4.031124983590341,1.0025519891487702,0.9930267722101018,0.9216607572467161,0.990499029435116,1.004175199981546,1.816927133429525,1.816927133429531,4.632817121275482
CON3-2,moderate,SAA,search_call_weighted,search_call_weighted,3519,4532411646695100.0,253694558237789.53,0.055973415041146155,0.9234431182170122,4278717088457310.5,2217273396038605.5,0.518209862956385,21.915868333057805,4.5409839438405895,4.54098394384052,19.97110473610056,3023535586470544.0,276492345253141.8,1099350400790.9421,0.09144669786271604,2747043241217402.0,0.9085533021372839,1,3528984870079188.0,505449283608644.0,523860093866043.5,1.0364246440828957,1.0374821692444536,18410810257399.5,18945335592706.96,86374627506672.06,0.028214086400965552,18410810257399.04,0.029033232532100512,0.02821408640094121,0,0,3519,2.076874187402715,2.082746637614181,2.388435620911137,2.5462952148956792,3.587276098106635,1.4431724213045998,1.5454564441853278,1.5957115074146953,1.8940105855318325,1.9281963990235145,1.9291798744395119,4.018667496733632,4.007213076857858,4.046947264701445,1.009915666345036,1.002858450413312,1.5715738347064603,2.557097482781801,4.0186049700238025,4.027576936538649,4.035275414903927,4.023028824181041,4.031124983590341,1.0025519891487702,0.9930267722101018,0.9216607572467161,0.990499029435116,1.004175199981546,1.93370805281725,1.9346943394489566,4.930586158251962
CON3-2,moderate,SAA,search_unique_ordered_route,search_unique_ordered_route,2816,3766228960106875.5,204984089408994.3,0.05442687940118686,0.9252920378459165,3561244870697881.0,1848274779840754.8,0.5189968246914054,21.957854564701204,4.7196978478161915,4.719697847816336,19.89215917537019,2506121348477683.5,228441871225013.56,936840652410.3368,0.0911535554189258,2277679477252670.0,0.9088464445810742,1,2918951461249987.0,412830112772303.5,429301885644634.5,1.0398996399795477,1.0410836433038226,16471772872331.0,16960565098214.152,73134594956782.58,0.028819336092352904,16471772872332.49,0.029674536534207385,0.02881933609244065,0,0,2816,2.0892378088229617,2.089648160297733,2.3702684183583145,2.541268784427853,3.587276098106635,1.4455615378213265,1.5395676075941953,1.5941357325217833,1.8940105855318325,1.9314261888377526,1.9325254124470335,4.018667496733632,4.007213076857858,4.046947264701445,1.009915666345036,1.002858450413312,1.5715738347064603,2.557097482781801,4.0186049700238025,4.027576936538649,4.035275414903927,4.023028824181041,4.031124983590341,1.0025519891487702,0.9930267722101018,0.9216607572467161,0.990499029435116,1.004175199981546,1.9369470748255175,1.9380494405109787,4.938845045655865
CON3-2,moderate,SAA,search_unique_customer_set_A_only,search_unique_customer_set_A_only,521,574377861682556.6,23863298441327.477,0.04154634089033899,0.9354497610640945,550514563241229.1,nan,nan,0.0,19.245695942274228,nan,19.245695942274228,nan,nan,nan,nan,nan,nan,0,nan,nan,nan,nan,nan,nan,nan,nan,nan,nan,nan,nan,0,0,0,nan,nan,nan,nan,nan,nan,nan,nan,nan,nan,nan,4.018667496733632,4.007213076857858,4.046947264701445,1.009915666345036,1.002858450413312,1.5715738347064603,2.557097482781801,4.0186049700238025,4.027576936538649,4.035275414903927,4.023028824181041,4.031124983590341,1.0025519891487702,0.9930267722101018,0.9216607572467161,0.990499029435116,1.004175199981546,nan,nan,nan
CON3-3,moderate,-,train_random_unique,train_random_unique,200,499547905475746.75,1252476619228.952,0.0025072202395406903,0.9912343214438406,498295428856517.8,217297431880141.16,0.4360815277370547,24.232245987756016,8.537736462515939e-07,0.0,24.23224598775597,410929962077380.1,31180727808727.83,194257739461.82983,0.07587844812069543,379749234268652.3,0.9241215518793046,1,448106707430238.0,37176745352857.875,37176745352857.875,1.0,1.0,0.0,0.0,nan,nan,0.0,nan,nan,0,0,200,2.2445620399352464,2.288933964916235,2.8781579341553902,2.9931790220661587,3.4202608505070713,1.5129222928195465,1.6965134637292179,1.7300805937795096,1.849394725445888,1.849394725445888,1.849394725445888,4.018629704737591,4.007213076857858,4.046947264701445,1.009915666345036,1.00284901942092,1.5715738347064603,2.557073435552707,4.0186049700238025,4.027576936538649,4.035275414903927,4.023028824181041,4.031124983590341,1.0025519891487702,0.9930267722101018,0.9216607572467161,0.990499029435116,1.004175199981546,1.8546636869356306,1.8546636869356306,4.729038124288972
CON3-3,moderate,SAA,search_call_weighted,search_call_weighted,2800,2695657320216091.0,159636723600145.53,0.059219961826360266,0.9195523694368173,2536020596615945.5,1192676225243282.0,0.47029437648684075,23.05837681255901,4.844053994387577,4.844053994387831,25.247697992091368,2091868377191899.5,170508281175345.84,1603407856037.0098,0.08151004290443657,1921360096016553.8,0.9184899570955635,1,2454840287169873.5,362971909977974.0,377493174835161.25,1.0400065802834948,1.0410644503463276,14521264857187.25,14905241974402.176,55451169503523.164,0.02576121326120446,14521264857189.744,0.026442401608347335,0.025761213261371856,0,0,2800,2.078961722994415,2.0977904860224514,2.973291207288018,3.2260523333865243,3.591602279935852,1.448375116675039,1.7243233957703739,1.7961214694951786,1.8951523104847936,1.9326898367028498,1.9336725300381226,4.018629704737591,4.007213076857858,4.046947264701445,1.009915666345036,1.00284901942092,1.5715738347064603,2.557073435552707,4.0186049700238025,4.027576936538649,4.035275414903927,4.023028824181041,4.031124983590341,1.0025519891487702,0.9930267722101018,0.9216607572467161,0.990499029435116,1.004175199981546,1.9381961075822312,1.9391816006299007,4.9420298405955565
CON3-3,moderate,SAA,search_unique_ordered_route,search_unique_ordered_route,2584,2507104598280280.0,147737715095872.34,0.05892762320216371,0.9206459263237624,2359366883184407.5,1112280366414152.0,0.47143171091429464,23.097384704126807,4.971693941898621,4.971693941898553,25.375390512041612,1940784529829853.0,159582995717244.28,1514829594042.8801,0.08222602420024173,1781201534112608.8,0.9177739757997583,1,2276761715718262.5,335977185888409.5,350164337134437.0,1.0422265315679486,1.043351253164929,14187151246027.5,14565032043088.805,51827989076001.75,0.025944384876348515,14187151246026.56,0.026635424583008792,0.025944384876283977,0,0,2584,2.0716809381686354,2.0977904860224514,2.927996194918199,3.201428224471774,3.591602279935852,1.448375116675039,1.7111388569859236,1.789253538135086,1.8951523104847936,1.9347514535436017,1.9357951181984852,4.018629704737591,4.007213076857858,4.046947264701445,1.009915666345036,1.00284901942092,1.5715738347064603,2.557073435552707,4.0186049700238025,4.027576936538649,4.035275414903927,4.023028824181041,4.031124983590341,1.0025519891487702,0.9930267722101018,0.9216607572467161,0.990499029435116,1.004175199981546,1.9402635980094007,1.9413102360851549,4.947301546253332
CON3-3,moderate,SAA,search_unique_customer_set_A_only,search_unique_customer_set_A_only,372,321611574107214.8,15447273219837.652,0.04803083739358222,0.9265621758898519,306164300887377.2,nan,nan,0.0,24.508002515995134,nan,24.508002515995134,nan,nan,nan,nan,nan,nan,0,nan,nan,nan,nan,nan,nan,nan,nan,nan,nan,nan,nan,0,0,0,nan,nan,nan,nan,nan,nan,nan,nan,nan,nan,nan,4.018629704737591,4.007213076857858,4.046947264701445,1.009915666345036,1.00284901942092,1.5715738347064603,2.557073435552707,4.0186049700238025,4.027576936538649,4.035275414903927,4.023028824181041,4.031124983590341,1.0025519891487702,0.9930267722101018,0.9216607572467161,0.990499029435116,1.004175199981546,nan,nan,nan
CON3-4,moderate,-,train_random_unique,train_random_unique,200,557499182140348.6,1501130961509.871,0.0026926155402537725,0.9921143233976097,555998051178838.75,247310593170420.4,0.4448047842003534,22.578578180778944,0.0,0.0,22.578578180778944,425048973606318.75,33250200702030.28,123881206204.09236,0.07822675213145365,391798772904288.5,0.9217732478685464,1,463770765162706.0,38721791556387.25,38721791556387.31,1.0000000000000016,1.0,0.0625,0.0,nan,nan,0.0,nan,nan,0,0,200,2.2512433155972205,2.327585699206666,2.7563521962014077,2.9644694843053156,3.643393526759211,1.5256426928607243,1.6602250515220691,1.721762837380195,1.9087675413101541,1.9087675413101557,1.9087675413101541,4.016900446748856,4.007213076857858,4.046947264701445,1.009915666345036,1.002417483099899,1.5715738347064603,2.5559731003660646,4.0186049700238025,4.027576936538649,4.035275414903927,4.023028824181041,4.031124983590341,1.0025519891487702,0.9930267722101018,0.9216607572467161,0.990499029435116,1.004175199981546,1.913381954582909,1.9133819545829074,4.878758490440629
CON3-4,moderate,SAA,search_call_weighted,search_call_weighted,2767,3119270209067895.0,105721204088275.75,0.0338929291155791,0.9383241331969902,3013549004979619.0,1444847265094962.8,0.4794503964287564,22.95926324768645,5.806937031885264,5.80693703188544,21.123180660604035,2321128414070038.0,162952614980442.56,872403675506.793,0.07020404988912674,2158175799089595.5,0.9297959501108733,1,2669874962291414.0,348746548221376.0,372027096297399.0,1.0667549204279008,1.0681063246269824,23280548076023.0,23751845625704.58,46912235255777.734,0.01984256537813792,23280548076025.098,0.02024426350026419,0.019842565378226158,0,0,2767,1.9234826755435053,2.0972814132863773,2.4247680042685187,2.499068953637585,2.7317198384080914,1.4481993693156952,1.5571666591134161,1.5808443796412706,1.6527915290223663,1.7070663662706091,1.7081473111276677,4.016900446748856,4.007213076857858,4.046947264701445,1.009915666345036,1.002417483099899,1.5715738347064603,2.5559731003660646,4.0186049700238025,4.027576936538649,4.035275414903927,4.023028824181041,4.031124983590341,1.0025519891487702,0.9930267722101018,0.9216607572467161,0.990499029435116,1.004175199981546,1.7111931703614744,1.7122767283844569,4.363215712727321
CON3-4,moderate,SAA,search_unique_ordered_route,search_unique_ordered_route,2641,2991978839127436.5,100258342682913.73,0.03350904136479538,0.9388430620008763,2891720496444523.0,1386630641921285.2,0.4795175203226587,22.983663149553283,5.79143938826856,5.791439388268837,21.116931131123202,2226147325785999.8,156734429985454.8,833592284613.8923,0.070406135375661,2069412895800545.0,0.929593864624339,1,2559950043007739.0,333802717221739.25,356006792082943.0,1.0665185563676942,1.0678812085028817,22204074861203.75,22658931846557.324,45504696074388.92,0.020074070059095877,22204074861205.254,0.020485293271476343,0.020074070059162244,0,0,2641,1.9189242338516554,2.088195992140353,2.4276529368736277,2.5021384408956155,2.7317198384080914,1.445059165619302,1.5580927240936682,1.5818149199244567,1.6527915290223663,1.706877235907723,1.7079672954510954,4.016900446748856,4.007213076857858,4.046947264701445,1.009915666345036,1.002417483099899,1.5715738347064603,2.5559731003660646,4.0186049700238025,4.027576936538649,4.035275414903927,4.023028824181041,4.031124983590341,1.0025519891487702,0.9930267722101018,0.9216607572467161,0.990499029435116,1.004175199981546,1.7110035827791323,1.7120962775230288,4.3627323006073215
CON3-4,moderate,SAA,search_unique_customer_set_A_only,search_unique_customer_set_A_only,366,334780040543895.25,11884814146174.238,0.0355003665298139,0.9392182653412546,322895226397721.0,nan,nan,0.0,21.88800228337831,nan,21.88800228337831,nan,nan,nan,nan,nan,nan,0,nan,nan,nan,nan,nan,nan,nan,nan,nan,nan,nan,nan,0,0,0,nan,nan,nan,nan,nan,nan,nan,nan,nan,nan,nan,4.016900446748856,4.007213076857858,4.046947264701445,1.009915666345036,1.002417483099899,1.5715738347064603,2.5559731003660646,4.0186049700238025,4.027576936538649,4.035275414903927,4.023028824181041,4.031124983590341,1.0025519891487702,0.9930267722101018,0.9216607572467161,0.990499029435116,1.004175199981546,nan,nan,nan
CON3-5,moderate,-,train_random_unique,train_random_unique,200,453102718503593.9,1488481309718.4575,0.0032850858071085515,0.9908895059146539,451614237193875.44,215911178829065.47,0.4780876266670398,21.568506541681575,8.537736462515939e-07,1.2074182697257333e-06,21.56850654168154,308709943059598.6,26145714395590.523,133345680929.58698,0.08469346382712042,282564228664008.1,0.9153065361728796,1,339199349320713.9,30489406261115.25,30489406261115.312,1.000000000000002,1.0000000000000044,0.0625,0.13703553730811405,nan,nan,0.0,nan,nan,0,0,200,2.304862900992482,2.3072216213805294,2.933168724827286,3.178720024200239,3.894149755267791,1.5189540523290765,1.712649612327197,1.7828964412465034,1.9733600166385734,1.9733600166385754,1.9733600166385779,4.01840204122199,4.007213076857858,4.046947264701445,1.009915666345036,1.0027922059919274,1.5715738347064603,2.556928572161263,4.0186049700238025,4.027576936538649,4.035275414903927,4.023028824181041,4.031124983590341,1.0025519891487702,0.9930267722101018,0.9216607572467161,0.990499029435116,1.004175199981546,1.9788700443012637,1.9788700443012661,5.045740609703799
CON3-5,moderate,SAA,search_call_weighted,search_call_weighted,3407,3534669913733522.0,122752941195769.31,0.034728261532661925,0.941886163532736,3411916972537752.5,1563906995601520.8,0.4583660763697603,18.478257141018073,5.758833911985197,5.7588339119846905,22.714101466711675,2434254449686076.5,185916680044500.94,1422279969533.5796,0.07637520394323483,2248337769641575.5,0.9236247960567652,1,2816592129653343.5,382337679967267.0,405468925967256.5,1.0604995196967504,1.0640657520886843,23131245999989.5,24494751018945.6,136846349849993.05,0.05566519202031028,23131245999986.305,0.05894645791915924,0.05566519202017979,0,0,3407,1.9459850746382596,1.9302085802161186,2.2702252802906595,2.3304358473091926,3.4222979655373247,1.389319466579274,1.506726672818554,1.526576512104517,1.8499453952853107,1.905084079171179,1.9082845853202943,4.01840204122199,4.007213076857858,4.046947264701445,1.009915666345036,1.0027922059919274,1.5715738347064603,2.556928572161263,4.0186049700238025,4.027576936538649,4.035275414903927,4.023028824181041,4.031124983590341,1.0025519891487702,0.9930267722101018,0.9216607572467161,0.990499029435116,1.004175199981546,1.9104034663521663,1.9136129089737284,4.871163914402317
CON3-5,moderate,SAA,search_unique_ordered_route,search_unique_ordered_route,2923,3127854495546479.0,108549290558317.89,0.034704072939733356,0.9419270466701692,3019305204988161.0,1382032841229173.5,0.45773207655388143,18.460465623679543,5.911971235431413,5.911971235431028,22.683164553056024,2156474554633517.2,164364467866278.25,1284314863236.9888,0.07621906203952925,1992110086767239.0,0.9237809379604708,1,2494040117137767.5,337565562504250.25,359194075885829.5,1.064072037506216,1.0677337321907001,21628513381579.25,22864575407465.96,117794189482526.38,0.05406013467827697,21628513381576.734,0.05714965259422085,0.054060134678166824,0,0,2923,1.934964945364817,1.9251581284245438,2.264734647622397,2.3347025311415477,3.4222979655373247,1.3875006769095803,1.5049035317108468,1.5279733394615251,1.8499453952853107,1.908290221413577,1.9115708146474217,4.01840204122199,4.007213076857858,4.046947264701445,1.009915666345036,1.0027922059919274,1.5715738347064603,2.556928572161263,4.0186049700238025,4.027576936538649,4.035275414903927,4.023028824181041,4.031124983590341,1.0025519891487702,0.9930267722101018,0.9216607572467161,0.990499029435116,1.004175199981546,1.9136185608041445,1.9169083141300738,4.879361791108318
CON3-5,moderate,SAA,search_unique_customer_set_A_only,search_unique_customer_set_A_only,568,530284423177636.7,19153777633154.22,0.03611981947042411,0.9436237265488739,511130645544482.5,nan,nan,0.0,22.139239662219264,nan,22.139239662219264,nan,nan,nan,nan,nan,nan,0,nan,nan,nan,nan,nan,nan,nan,nan,nan,nan,nan,nan,0,0,0,nan,nan,nan,nan,nan,nan,nan,nan,nan,nan,nan,4.01840204122199,4.007213076857858,4.046947264701445,1.009915666345036,1.0027922059919274,1.5715738347064603,2.556928572161263,4.0186049700238025,4.027576936538649,4.035275414903927,4.023028824181041,4.031124983590341,1.0025519891487702,0.9930267722101018,0.9216607572467161,0.990499029435116,1.004175199981546,nan,nan,nan
CON3-6,moderate,-,train_random_unique,train_random_unique,200,383830105669632.56,957091380718.783,0.0024935286903799143,0.9903526860198159,382873014288913.75,169720748410586.8,0.44328208590464024,21.291901238920005,0.0,0.0,21.29190123892002,284207793339768.2,20750186370966.03,160411977560.8531,0.07301061708100082,263457606968802.16,0.9269893829189991,1,309293840923597.25,25086047583829.062,25086047583829.062,1.0,1.0,0.0,0.0,nan,nan,0.0,nan,nan,0,0,200,2.229726728328904,2.1824750028167292,2.979389072147207,3.116127880291065,3.5194430198154882,1.4773191650459987,1.7260878081634712,1.7652527554456163,1.8760178623391326,1.8760178623391326,1.8760178623391326,4.017424121446494,4.007213076857858,4.046947264701445,1.009915666345036,1.0025481661176456,1.5715738347064603,2.5563063170982807,4.0186049700238025,4.027576936538649,4.035275414903927,4.023028824181041,4.031124983590341,1.0025519891487702,0.9930267722101018,0.9216607572467161,0.990499029435116,1.004175199981546,1.8807982674920432,1.8807982674920432,4.795676312486737
CON3-6,moderate,SAA,search_call_weighted,search_call_weighted,3069,2570417461468442.5,100123296435818.88,0.03895215385699251,0.9376865788780009,2470294165032623.5,1074501503274689.6,0.43496904882196463,19.997045272000708,3.353591865360926,3.3535918653608086,18.892366366046712,1949028367103203.2,143557669310391.1,1503197780585.1597,0.07365601842099281,1805470697792812.2,0.9263439815790072,1,2222102273852946.2,273073906749743.0,279597675200480.5,1.0238901201816992,1.0244051801992615,6523768450737.5,6664417901943.842,42604813902027.4,0.021104536551760242,6523768450736.063,0.021559540665555293,0.02110453655154457,0,0,3069,2.0304943760214145,2.0659748352087237,2.5441588215429656,2.622684842374228,3.2419141801813174,1.4373499348484085,1.5950419435783327,1.6194705350366585,1.8005316382061487,1.8219121547332089,1.8223703465374934,4.017424121446494,4.007213076857858,4.046947264701445,1.009915666345036,1.0025481661176456,1.5715738347064603,2.5563063170982807,4.0186049700238025,4.027576936538649,4.035275414903927,4.023028824181041,4.031124983590341,1.0025519891487702,0.9930267722101018,0.9216607572467161,0.990499029435116,1.004175199981546,1.8265546895552267,1.8270140489083424,4.657365550342642
CON3-6,moderate,SAA,search_unique_ordered_route,search_unique_ordered_route,2800,2359577345261013.5,94740641438422.03,0.040151530369919676,0.9377246769154702,2264836703822591.5,986184671430956.1,0.43543301367664766,20.018259984243937,3.3672420358952584,3.367242035895237,18.797172590774267,1790624638961571.2,131618173055284.97,1308050057121.7195,0.07350405561916856,1659006465906286.2,0.9264959443808314,1,2041698815690531.0,251074176728959.75,257109104310370.0,1.0240364328185176,1.0245860347725049,6034927581410.25,6172918439536.229,41306850297392.98,0.022354233168296645,6034927581409.958,0.022865371003131844,0.022354233168249308,0,0,2800,2.0207073593788696,2.0610038477975356,2.5465547889478803,2.6240530746154773,3.2419141801813174,1.4356196729697164,1.5957928377515385,1.619892918807087,1.8005316382061487,1.8220423245843236,1.8225312054789986,4.017424121446494,4.007213076857858,4.046947264701445,1.009915666345036,1.0025481661176456,1.5715738347064603,2.5563063170982807,4.0186049700238025,4.027576936538649,4.035275414903927,4.023028824181041,4.031124983590341,1.0025519891487702,0.9930267722101018,0.9216607572467161,0.990499029435116,1.004175199981546,1.8266851911007456,1.827175317745152,4.657698304355343
CON3-6,moderate,SAA,search_unique_customer_set_A_only,search_unique_customer_set_A_only,530,406265086694237.6,14668057245268.82,0.03610464626587089,0.9432824679886912,391597029448968.8,nan,nan,0.0,18.565357576501132,nan,18.565357576501132,nan,nan,nan,nan,nan,nan,0,nan,nan,nan,nan,nan,nan,nan,nan,nan,nan,nan,nan,0,0,0,nan,nan,nan,nan,nan,nan,nan,nan,nan,nan,nan,4.017424121446494,4.007213076857858,4.046947264701445,1.009915666345036,1.0025481661176456,1.5715738347064603,2.5563063170982807,4.0186049700238025,4.027576936538649,4.035275414903927,4.023028824181041,4.031124983590341,1.0025519891487702,0.9930267722101018,0.9216607572467161,0.990499029435116,1.004175199981546,nan,nan,nan
CON3-7,moderate,-,train_random_unique,train_random_unique,200,507218633099048.75,1473504045654.1694,0.002905066867617275,0.9917771290446485,505745129053394.56,239606152948482.03,0.4737685826000024,20.64831121577127,0.0,2.2588727439225514e-06,20.64831121577127,341751243109738.44,27667421041412.957,170655776606.59323,0.0809577773284903,314083822068325.5,0.9190422226715098,1,374179856972993.0,32428613863254.562,32428613863254.625,1.000000000000002,1.0000000000000164,0.0625,0.5309228859511179,nan,nan,0.0,nan,nan,0,0,200,2.265495876844286,2.267650951782162,2.9101914538632534,3.0766295579151968,3.601343502626571,1.5058700021327778,1.7059278154071726,1.754032312602381,1.897720607103841,1.8977206071038428,1.8977206071038566,4.018053575974598,4.007213076857858,4.046947264701445,1.009915666345036,1.0027052464914694,1.5715738347064603,2.5567068420460775,4.0186049700238025,4.027576936538649,4.035275414903927,4.023028824181041,4.031124983590341,1.0025519891487702,0.9930267722101018,0.9216607572467161,0.990499029435116,1.004175199981546,1.9028544091179997,1.9028544091180135,4.851915260474231
CON3-7,moderate,SAA,search_call_weighted,search_call_weighted,2979,3490320537373058.0,194994999094989.1,0.05586736146639111,0.9296036627191815,3295325538278069.0,1590505855558293.5,0.48265515412155374,19.924472428377836,5.537332946167068,5.537332946167009,21.350031630072866,2404439321738161.5,201007122550422.7,1601231839533.5647,0.08359833443628566,2203432199187738.8,0.9164016655637143,1,2833233098308837.5,428793776570676.0,450574416395850.0,1.0507951397974267,1.0521770463790454,21780639825174.0,22373192767174.156,65240283902297.055,0.02648495224472171,21780639825173.594,0.027205488303207938,0.02648495224470363,0,0,2979,1.7809033402111474,1.700518495252178,2.162963910212231,2.3050599052430703,2.850737342958454,1.304039299734551,1.4707018423971228,1.5182422990308764,1.6884126696274386,1.7307631105439512,1.7319008047565756,4.018053575974598,4.007213076857858,4.046947264701445,1.009915666345036,1.0027052464914694,1.5715738347064603,2.5567068420460775,4.0186049700238025,4.027576936538649,4.035275414903927,4.023028824181041,4.031124983590341,1.0025519891487702,0.9930267722101018,0.9216607572467161,0.990499029435116,1.004175199981546,1.7354452513763148,1.7365860233322163,4.425053886688671
CON3-7,moderate,SAA,search_unique_ordered_route,search_unique_ordered_route,2691,3131881038534221.5,176838426787101.03,0.05646396673797824,0.9296871422274833,2955042611747120.5,1426685939815277.0,0.4827970785070244,20.001722093943542,5.538532231814188,5.53853223181382,21.438688478234578,2162039087034505.8,181118937988224.6,1457519700688.2761,0.08377227732577712,1980920149046281.2,0.9162277226742229,1,2546763410690498.0,384724323655992.25,404331224675400.5,1.0509635076698194,1.0523132850419201,19606901019408.25,20126193205975.84,57204431939970.45,0.025801808680648197,19606901019405.49,0.026485174074860632,0.025801808680511046,0,0,2691,1.7904516801643722,1.7167954267020125,2.177634930657159,2.3498101537677014,2.850737342958454,1.310265403153885,1.4756811751381662,1.5329089076824636,1.6884126696274386,1.7309017642260804,1.732012926672398,4.018053575974598,4.007213076857858,4.046947264701445,1.009915666345036,1.0027052464914694,1.5715738347064603,2.5567068420460775,4.0186049700238025,4.027576936538649,4.035275414903927,4.023028824181041,4.031124983590341,1.0025519891487702,0.9930267722101018,0.9216607572467161,0.990499029435116,1.004175199981546,1.7355842801508312,1.7366984485654582,4.425408383506446
CON3-7,moderate,SAA,search_unique_customer_set_A_only,search_unique_customer_set_A_only,417,404728197577577.1,16695033569078.512,0.041249988681301246,0.9406057991374686,388033164008498.6,nan,nan,0.0,20.733475834308134,nan,20.733475834308134,nan,nan,nan,nan,nan,nan,0,nan,nan,nan,nan,nan,nan,nan,nan,nan,nan,nan,nan,0,0,0,nan,nan,nan,nan,nan,nan,nan,nan,nan,nan,nan,4.018053575974598,4.007213076857858,4.046947264701445,1.009915666345036,1.0027052464914694,1.5715738347064603,2.5567068420460775,4.0186049700238025,4.027576936538649,4.035275414903927,4.023028824181041,4.031124983590341,1.0025519891487702,0.9930267722101018,0.9216607572467161,0.990499029435116,1.004175199981546,nan,nan,nan
CON3-8,moderate,-,train_random_unique,train_random_unique,200,516105524490046.4,2112610175048.4487,0.004093368651955192,0.9903727582727254,513992914314997.94,222817348288388.44,0.4335027625533296,20.84656668833424,0.0,0.0,20.84656668833424,387385706630882.9,27509482577526.777,174274985399.0724,0.07101315847912518,359876224053356.1,0.9289868415208749,1,420600629675943.6,33214923045060.75,33214923045060.75,1.0,1.0,0.0,0.0,nan,nan,0.0,nan,nan,0,0,200,2.2161712749979943,2.2252391112941217,2.8104308294027947,3.0409942930894003,3.6443361754240695,1.4917235062389675,1.6764337109651204,1.7438423846144093,1.9090144513397664,1.9090144513397664,1.9090144513397664,4.018888682419316,4.007213076857858,4.046947264701445,1.009915666345036,1.0029136472998867,1.5715738347064603,2.5572382242988714,4.0186049700238025,4.027576936538649,4.035275414903927,4.023028824181041,4.031124983590341,1.0025519891487702,0.9930267722101018,0.9216607572467161,0.990499029435116,1.004175199981546,1.9145766461413574,1.9145766461413574,4.881804725704988
CON3-8,moderate,SAA,search_call_weighted,search_call_weighted,2808,2656070186331239.0,188353317736396.53,0.07091428483543355,0.9125421076128793,2467716868594842.5,1041067754605354.9,0.42187487870038975,19.13229662412744,4.100133484132238,4.100133484132157,18.19001512729521,2112799950355296.2,120530183445078.94,1264254700825.2866,0.05704760804486489,1992269766910217.2,0.942952391955135,1,2434072007922188.5,321272057566892.25,331903612204838.0,1.0330920613465806,1.0335996489150487,10631554637945.75,10794628340462.912,33163078173881.67,0.015106930722840249,10631554637944.73,0.015338650655580089,0.01510693072274584,0,0,2808,2.0275136781200604,2.0680223771860344,2.5631480542360947,2.7056717510702395,3.2474449697535914,1.438062016747583,1.600983460058896,1.6448925911079813,1.8020668605114494,1.8316412361355927,1.8320911496451953,4.018888682419316,4.007213076857858,4.046947264701445,1.009915666345036,1.0029136472998867,1.5715738347064603,2.5572382242988714,4.0186049700238025,4.027576936538649,4.035275414903927,4.023028824181041,4.031124983590341,1.0025519891487702,0.9930267722101018,0.9216607572467161,0.990499029435116,1.004175199981546,1.8369779926776204,1.8374292170765054,4.683942982247973
CON3-8,moderate,SAA,search_unique_ordered_route,search_unique_ordered_route,2650,2516916573846951.0,177900781218773.9,0.07068203335276368,0.9130158194213638,2339015792628177.0,988166693201852.0,0.42247115060797563,19.134363520024923,4.093427456956331,4.0934274569563796,18.18828667803583,1999220326850876.0,113903529701028.55,1233707406550.3542,0.05697397538991946,1885316797149847.5,0.9430260246100806,1,2302115978149400.5,302895651298524.5,312922062474671.0,1.0331018657189792,1.0336116190388682,10026411176146.5,10180813239975.854,31535143085019.246,0.015165985289178882,10026411176146.502,0.015399534401370483,0.015165985289179092,0,0,2650,2.0268791660792527,2.068569468262502,2.571377430639825,2.709477552539339,3.2474449697535914,1.43825222494969,1.603551505124575,1.646049053124582,1.8020668605114494,1.831649927544057,1.832101758343853,4.018888682419316,4.007213076857858,4.046947264701445,1.009915666345036,1.0029136472998867,1.5715738347064603,2.5572382242988714,4.0186049700238025,4.027576936538649,4.035275414903927,4.023028824181041,4.031124983590341,1.0025519891487702,0.9930267722101018,0.9216607572467161,0.990499029435116,1.004175199981546,1.8369867094097834,1.8374398566851693,4.683965208249921
CON3-8,moderate,SAA,search_unique_customer_set_A_only,search_unique_customer_set_A_only,361,302670218812133.94,20114023547153.117,0.06645524500591121,0.9153929071099808,282556195264980.8,nan,nan,0.0,19.087533999365125,nan,19.087533999365125,nan,nan,nan,nan,nan,nan,0,nan,nan,nan,nan,nan,nan,nan,nan,nan,nan,nan,nan,0,0,0,nan,nan,nan,nan,nan,nan,nan,nan,nan,nan,nan,4.018888682419316,4.007213076857858,4.046947264701445,1.009915666345036,1.0029136472998867,1.5715738347064603,2.5572382242988714,4.0186049700238025,4.027576936538649,4.035275414903927,4.023028824181041,4.031124983590341,1.0025519891487702,0.9930267722101018,0.9216607572467161,0.990499029435116,1.004175199981546,nan,nan,nan
CON3-9,moderate,-,train_random_unique,train_random_unique,200,365598868357977.8,993743973620.835,0.002718126503192034,0.9910044835952996,364605124384357.0,155573876772053.1,0.4266914159112346,20.510536347936416,0.0,0.0,20.51053634793645,276654848276656.06,18544913720192.25,110269934315.05467,0.06703267206670188,258109934556463.8,0.9329673279332982,1,299092815022085.06,22437966745429.0,22437966745429.062,1.0000000000000029,1.0,0.0625,0.0,nan,nan,0.0,nan,nan,0,0,200,2.224014466746621,2.2451945207342767,2.793835339464908,2.9676874540264992,3.596165020198444,1.4983970507158995,1.6714736958267542,1.722697595197678,1.8963557209021844,1.8963557209021873,1.8963557209021844,4.017661445045315,4.007213076857858,4.046947264701445,1.009915666345036,1.0026073902203498,1.5715738347064603,2.5564573272472026,4.0186049700238025,4.027576936538649,4.035275414903927,4.023028824181041,4.031124983590341,1.0025519891487702,0.9930267722101018,0.9216607572467161,0.990499029435116,1.004175199981546,1.9013002602631721,1.9013002602631692,4.847952477767548
CON3-9,moderate,SAA,search_call_weighted,search_call_weighted,2706,1750722227435325.8,73675278089730.66,0.04208279128189245,0.9217903635984653,1677046949345595.0,739770607985542.5,0.4411150255955627,20.040804249864,2.7348798569732704,2.734879856973403,19.068348677831523,1318686053201421.8,97323240225626.36,478539003110.5473,0.07380319219222135,1221362812975795.5,0.9261968078077787,1,1513977583394190.5,195291530192768.75,198248112051341.25,1.015139324555725,1.0153674481590984,2956581858572.5,3001132466148.3765,20046800761067.855,0.014844598856545023,2956581858573.0503,0.01506828145031859,0.014844598856728331,0,0,2706,1.9476160046501714,2.0653458309924106,2.4179889279773903,2.5097308311774773,3.5298681041301188,1.4371311088508087,1.5549884007925,1.584213000570781,1.8787943219336487,1.892962736822214,1.8931754195606898,4.017661445045315,4.007213076857858,4.046947264701445,1.009915666345036,1.0026073902203498,1.5715738347064603,2.5564573272472026,4.0186049700238025,4.027576936538649,4.035275414903927,4.023028824181041,4.031124983590341,1.0025519891487702,0.9930267722101018,0.9216607572467161,0.990499029435116,1.004175199981546,1.8978984293496908,1.898111666635059,4.839278458755067
CON3-9,moderate,SAA,search_unique_ordered_route,search_unique_ordered_route,2561,1655727725580425.5,70098045253392.33,0.04233669834140093,0.9220996788424354,1585629680327033.2,696456810035487.5,0.439230432349024,19.85933959723996,2.785800998173989,2.785800998174465,18.931796510222195,1246915439968734.0,91169935191310.66,454401161009.9024,0.07311637362802782,1155745504777423.2,0.9268836263719721,1,1430219005410231.8,183303565441497.75,186205852680472.5,1.0158332285135012,1.016062770458514,2902287238974.75,2944363095913.978,18266713922593.7,0.014290308486995942,2902287238975.641,0.01449748197703945,0.014290308487298507,0,0,2561,1.9466380943324675,2.0661435904754466,2.420123453339542,2.513273802436189,3.5298681041301188,1.4374086372620163,1.5556745975105277,1.5853308179797014,1.8787943219336487,1.8936095987413377,1.893823530647877,4.017661445045315,4.007213076857858,4.046947264701445,1.009915666345036,1.0026073902203498,1.5715738347064603,2.5564573272472026,4.0186049700238025,4.027576936538649,4.035275414903927,4.023028824181041,4.031124983590341,1.0025519891487702,0.9930267722101018,0.9216607572467161,0.990499029435116,1.004175199981546,1.8985469778902564,1.8987614676007567,4.840932133647928
CON3-9,moderate,SAA,search_unique_customer_set_A_only,search_unique_customer_set_A_only,333,207285404992373.12,7953386547956.8125,0.03836925493258655,0.9303991729611423,199332018444416.3,nan,nan,0.0,19.011557931932863,nan,19.011557931932863,nan,nan,nan,nan,nan,nan,0,nan,nan,nan,nan,nan,nan,nan,nan,nan,nan,nan,nan,0,0,0,nan,nan,nan,nan,nan,nan,nan,nan,nan,nan,nan,4.017661445045315,4.007213076857858,4.046947264701445,1.009915666345036,1.0026073902203498,1.5715738347064603,2.5564573272472026,4.0186049700238025,4.027576936538649,4.035275414903927,4.023028824181041,4.031124983590341,1.0025519891487702,0.9930267722101018,0.9216607572467161,0.990499029435116,1.004175199981546,nan,nan,nan
CON8-0,moderate,-,train_random_unique,train_random_unique,200,39330021090494.87,340516237470.5281,0.00865792155786112,0.9688613821955819,38989504853024.336,15959242336979.52,0.4093214929797087,20.776135527693455,0.0,0.0,20.776135527693455,31003954021379.668,2539576348161.367,39747751418.675415,0.08191136996300953,28464377673218.3,0.9180886300369905,1,34965984170319.543,3962030148939.875,3962030148939.875,1.0,1.0,0.0,0.0,nan,nan,0.0,nan,nan,0,0,200,1.7904415404319511,1.7615184836838238,2.2764255492532235,2.438557927241984,3.3146822057100898,1.3272220832684647,1.5087826376249,1.5615882568277462,1.8206268716324303,1.8206268716324303,1.8206268716324303,4.01800623303799,4.007213076857858,4.046947264701445,1.009915666345036,1.0026934320619145,1.5715738347064603,2.556676717507502,4.0186049700238025,4.027576936538649,4.035275414903927,4.023028824181041,4.031124983590341,1.0025519891487702,0.9930267722101018,0.9216607572467161,0.990499029435116,1.004175199981546,1.8255306064212682,1.8255306064212682,4.6547543339711535
CON8-0,moderate,SAA,search_call_weighted,search_call_weighted,5812,474361700360404.75,18908885789860.36,0.03986174637516898,0.8857492590693643,455452814570544.4,202381246116824.06,0.44435173006374634,20.94561761833782,1.5768866509611459,1.5768866509629078,20.92639232149987,355236259808851.56,33325705426945.324,824771608782.3191,0.09381279221011249,321910554381906.25,0.9061872077898876,1,441755957236203.9,86519697427352.31,86782161911563.94,1.0030335806991466,1.0031019788496254,262464484211.625,268382271495.6305,8639489720770.168,0.02204984424087391,262464484212.1399,0.02254700212785355,0.02204984424279247,0,0,5812,1.6815849253337531,1.6311169379068866,2.1132467492695057,2.274460924894181,3.0470403371173496,1.2771518852144745,1.453701051282563,1.5081316006549896,1.7455773649762274,1.7482230349339154,1.748282640706886,4.01800623303799,4.007213076857858,4.046947264701445,1.009915666345036,1.0026934320619145,1.5715738347064603,2.556676717507502,4.0186049700238025,4.027576936538649,4.035275414903927,4.023028824181041,4.031124983590341,1.0025519891487702,0.9930267722101018,0.9216607572467161,0.990499029435116,1.004175199981546,1.752931754907584,1.7529915212246545,4.469641130425845
CON8-0,moderate,SAA,search_unique_ordered_route,search_unique_ordered_route,3393,319217916858550.75,12012853488010.654,0.037632140470779694,0.8892132481772184,307205063370540.1,136260991641807.5,0.4435506047550206,21.077970065854636,1.5753044205591846,1.5753044205593378,21.1494320650266,239782702481540.25,22533163125884.105,530340734493.3149,0.09397326367867936,217249539355656.16,0.9060267363213207,1,297423339697334.75,57640637215794.5,57818320008431.53,1.0030825959118361,1.003136907723381,177682792637.03125,180813360062.82843,4672709694180.219,0.017313805930436264,177682792637.07053,0.017618855373307162,0.01731380593065347,0,0,3393,1.6956996423585775,1.641033403805222,2.1533481153014273,2.3083523705265567,3.0470403371173496,1.2810282603460479,1.4674290812669462,1.5193262878592917,1.7455773649762274,1.748265749594079,1.7483130787946153,4.01800623303799,4.007213076857858,4.046947264701445,1.009915666345036,1.0026934320619145,1.5715738347064603,2.556676717507502,4.0186049700238025,4.027576936538649,4.035275414903927,4.023028824181041,4.031124983590341,1.0025519891487702,0.9930267722101018,0.9216607572467161,0.990499029435116,1.004175199981546,1.7529745846167828,1.7530220412953053,4.469750338002982
CON8-0,moderate,SAA,search_unique_customer_set_A_only,search_unique_customer_set_A_only,1011,90864587878144.3,3603804760947.0986,0.03966126788337004,0.8915776414496712,87260783117197.2,nan,nan,0.0,21.04531506743304,nan,21.04531506743304,nan,nan,nan,nan,nan,nan,0,nan,nan,nan,nan,nan,nan,nan,nan,nan,nan,nan,nan,0,0,0,nan,nan,nan,nan,nan,nan,nan,nan,nan,nan,nan,4.01800623303799,4.007213076857858,4.046947264701445,1.009915666345036,1.0026934320619145,1.5715738347064603,2.556676717507502,4.0186049700238025,4.027576936538649,4.035275414903927,4.023028824181041,4.031124983590341,1.0025519891487702,0.9930267722101018,0.9216607572467161,0.990499029435116,1.004175199981546,nan,nan,nan
CON8-1,moderate,-,train_random_unique,train_random_unique,200,42130745096257.836,367030152178.4677,0.008711693831663763,0.968081063343676,41763714944079.37,18582962973125.29,0.4449547411672415,23.57626996424315,0.0,0.0,23.57626996424315,32772460759360.57,3164049406481.468,63790716435.41887,0.09654598199733117,29608411352879.1,0.9034540180026688,1,37417950368385.77,4645489609025.203,4645489609025.203,1.0,1.0,0.0,0.0,nan,nan,0.0,nan,nan,0,0,200,1.8221327055500796,1.7699421385993106,2.4103376406748773,2.552471985865111,2.9060912877922536,1.3303917097019862,1.5525257125467016,1.597645748002491,1.7047261621129224,1.7047261621129224,1.7047261621129224,4.017277155512292,4.007213076857858,4.046947264701445,1.009915666345036,1.0025114907696213,1.5715738347064603,2.5562128019665344,4.0186049700238025,4.027576936538649,4.035275414903927,4.023028824181041,4.031124983590341,1.0025519891487702,0.9930267722101018,0.9216607572467161,0.990499029435116,1.004175199981546,1.709007566133801,1.709007566133801,4.35764283944033
CON8-1,moderate,SAA,search_call_weighted,search_call_weighted,5228,588673729498087.5,29159551057769.45,0.04953431688319324,0.8729471358908677,559514178440318.06,243103860793027.12,0.4344909747786818,20.699015554728806,3.10194451829828,3.1019445182984438,21.087608260156347,455108540572635.2,41727744171857.11,1555062068701.1343,0.0916874557426535,413380796400778.06,0.9083125442573464,1,562745601916966.2,107637061344331.0,108944637130701.88,1.0121480071087035,1.0123385777578007,1307575786370.875,1328088251018.1875,8560243905347.999,0.015445106627235586,1307575786370.8328,0.015687400195933603,0.01544510662720379,0,0,5228,1.7463327799583976,1.7082803074436308,2.2201355461296064,2.3495800422103215,3.004465476873159,1.3070119758766041,1.4900119268051595,1.5328339849888426,1.73333940036946,1.7438359283040559,1.74400008823973,4.017277155512292,4.007213076857858,4.046947264701445,1.009915666345036,1.0025114907696213,1.5715738347064603,2.5562128019665344,4.0186049700238025,4.027576936538649,4.035275414903927,4.023028824181041,4.031124983590341,1.0025519891487702,0.9930267722101018,0.9216607572467161,0.990499029435116,1.004175199981546,1.7482155561417256,1.7483801283635627,4.457615724460023
CON8-1,moderate,SAA,search_unique_ordered_route,search_unique_ordered_route,3289,415001067303462.44,18164685766879.215,0.04377021458018709,0.8804437966977499,396836381536583.25,171404603142636.66,0.43192764352639207,20.708039073814163,3.384042129326482,3.3840421293269687,21.20186420089749,321240953776616.0,28831308113466.0,1040033020680.5953,0.08974978991475248,292409645663150.0,0.9102502100852475,1,393813432663008.9,72572478886392.88,73670734605328.19,1.015133225925141,1.0153734669943724,1098255718935.3125,1115690608859.7485,6043810737054.82,0.015626993528192322,1098255718935.6323,0.015875073194554386,0.015626993528478954,0,0,3289,1.7583514502458215,1.7252511283586056,2.2310494606787854,2.35223927998861,3.004465476873159,1.3134881531093479,1.493669792812937,1.533701040735738,1.73333940036946,1.7464056606982719,1.7466123003453284,4.017277155512292,4.007213076857858,4.046947264701445,1.009915666345036,1.0025114907696213,1.5715738347064603,2.5562128019665344,4.0186049700238025,4.027576936538649,4.035275414903927,4.023028824181041,4.031124983590341,1.0025519891487702,0.9930267722101018,0.9216607572467161,0.990499029435116,1.004175199981546,1.75079174239513,1.7509989010157527,4.464184507303746
CON8-1,moderate,SAA,search_unique_customer_set_A_only,search_unique_customer_set_A_only,931,108971987090076.19,4979164417032.534,0.04569215034058945,0.880663614996087,103992822673043.66,nan,nan,0.0,21.157684489369508,nan,21.157684489369508,nan,nan,nan,nan,nan,nan,0,nan,nan,nan,nan,nan,nan,nan,nan,nan,nan,nan,nan,0,0,0,nan,nan,nan,nan,nan,nan,nan,nan,nan,nan,nan,4.017277155512292,4.007213076857858,4.046947264701445,1.009915666345036,1.0025114907696213,1.5715738347064603,2.5562128019665344,4.0186049700238025,4.027576936538649,4.035275414903927,4.023028824181041,4.031124983590341,1.0025519891487702,0.9930267722101018,0.9216607572467161,0.990499029435116,1.004175199981546,nan,nan,nan
CON8-2,moderate,-,train_random_unique,train_random_unique,200,38314295740822.67,479355021312.4794,0.01251112703610892,0.9655819125408582,37834940719510.195,16929701840902.47,0.44746209506210216,21.25691469526367,0.0,0.0,21.25691469526369,28090945189312.055,2421214784595.1016,39312381954.95335,0.08619200131138047,25669730404716.953,0.9138079986886195,1,31828845290124.543,3737900100812.4883,3737900100812.4883,1.0,1.0,0.0,0.0,nan,nan,0.0,nan,nan,0,0,200,1.8305306619852235,1.774585912459545,2.379354682059977,2.5325100390646105,3.5337102368444975,1.332130542379733,1.5425156733834229,1.5913843026612613,1.87981654340111,1.87981654340111,1.87981654340111,4.0185433648386395,4.007213076857858,4.046947264701445,1.009915666345036,1.0028274732996394,1.5715738347064603,2.5570184970591763,4.0186049700238025,4.027576936538649,4.035275414903927,4.023028824181041,4.031124983590341,1.0025519891487702,0.9930267722101018,0.9216607572467161,0.990499029435116,1.004175199981546,1.885131674485797,1.885131674485797,4.8067256725544825
CON8-2,moderate,SAA,search_call_weighted,search_call_weighted,4357,437042934843982.1,28203144283242.484,0.06453174742044644,0.8674306715764422,408839790560739.6,199297330629064.53,0.48747048411242094,19.619846579933927,3.2715569397479665,3.271556939749052,21.738986368297418,294504929462973.1,32559408485912.277,724412960153.4805,0.11055641257103588,261945520977060.84,0.8894435874289641,1,373009490125234.1,78504560662261.0,79405591236435.88,1.0114774296750892,1.012187644272288,901030574174.875,956785659103.8896,17843981478005.492,0.05827332840735782,901030574175.4784,0.0618792375387181,0.058273328407988455,0,0,4357,1.7829544964527493,1.7837969010875145,2.220817118164592,2.3835671193670316,3.0735950860296604,1.3355885972437451,1.4902406242498532,1.5438805378517906,1.753167158610285,1.763199381090881,1.7638182926750823,4.0185433648386395,4.007213076857858,4.046947264701445,1.009915666345036,1.0028274732996394,1.5715738347064603,2.5570184970591763,4.0186049700238025,4.027576936538649,4.035275414903927,4.023028824181041,4.031124983590341,1.0025519891487702,0.9930267722101018,0.9216607572467161,0.990499029435116,1.004175199981546,1.7681847802628563,1.7688054418030366,4.508533431452674
CON8-2,moderate,SAA,search_unique_ordered_route,search_unique_ordered_route,3118,342781103856962.56,20863367067724.457,0.06086498594283782,0.8722980994065896,321917736789238.1,156940084349581.53,0.48751611487729657,19.70312038678332,3.2450652888944473,3.2450652888943154,21.462798942299532,230669953020507.6,25106316943544.42,563093055430.6132,0.10884086381771776,205563636076963.2,0.8911591361822823,1,290551583194381.7,59881630173874.09,60584817668169.16,1.0117429584373916,1.0123132626760478,703187494295.0625,737338241800.8672,11220781519885.428,0.04631625700369089,703187494294.9686,0.04856563545692806,0.0463162570035636,0,0,3118,1.7833985223417268,1.7843032483951122,2.2332230622288862,2.3915859442685923,3.0735950860296604,1.3357781433676124,1.4943972148863984,1.5464753278164738,1.753167158610285,1.7634307997135237,1.7639277393600208,4.0185433648386395,4.007213076857858,4.046947264701445,1.009915666345036,1.0028274732996394,1.5715738347064603,2.5570184970591763,4.0186049700238025,4.027576936538649,4.035275414903927,4.023028824181041,4.031124983590341,1.0025519891487702,0.9930267722101018,0.9216607572467161,0.990499029435116,1.004175199981546,1.7684168532154754,1.7689151979455546,4.509125173151336
CON8-2,moderate,SAA,search_unique_customer_set_A_only,search_unique_customer_set_A_only,869,95867630985320.83,5968530129152.049,0.06225803295448017,0.8728288137007034,89899100856168.78,nan,nan,0.0,21.32492056232145,nan,21.32492056232145,nan,nan,nan,nan,nan,nan,0,nan,nan,nan,nan,nan,nan,nan,nan,nan,nan,nan,nan,0,0,0,nan,nan,nan,nan,nan,nan,nan,nan,nan,nan,nan,4.0185433648386395,4.007213076857858,4.046947264701445,1.009915666345036,1.0028274732996394,1.5715738347064603,2.5570184970591763,4.0186049700238025,4.027576936538649,4.035275414903927,4.023028824181041,4.031124983590341,1.0025519891487702,0.9930267722101018,0.9216607572467161,0.990499029435116,1.004175199981546,nan,nan,nan
CON8-3,moderate,-,train_random_unique,train_random_unique,200,35315423841131.03,354066121074.1449,0.01002582108788887,0.9674374973777943,34961357720056.887,15374477213240.137,0.4397562971194335,25.410508773626255,0.0,0.0,25.410508773626226,29339092334051.668,2928862209767.429,44358118843.283394,0.09982797614935483,26410230124284.24,0.9001720238506451,1,33584539315364.6,4245446981312.9336,4245446981312.9336,1.0,1.0,0.0,0.0,nan,nan,0.0,nan,nan,0,0,200,1.8566496666457843,1.836306608855591,2.4172319127687834,2.596954995102481,3.159803453470467,1.3551039077407667,1.5547448766836662,1.6115060047044736,1.7775835995728773,1.7775835995728773,1.7775835995728773,4.018671545989297,4.007213076857858,4.046947264701445,1.009915666345036,1.0028594609050396,1.5715738347064603,2.5571000593426825,4.0186049700238025,4.027576936538649,4.035275414903927,4.023028824181041,4.031124983590341,1.0025519891487702,0.9930267722101018,0.9216607572467161,0.990499029435116,1.004175199981546,1.7826665303812956,1.7826665303812956,4.545459127954383
CON8-3,moderate,SAA,search_call_weighted,search_call_weighted,6706,592565436826947.8,29775452285648.883,0.050248378381786175,0.8824829220208547,562789984541298.9,263780362186125.78,0.46870123746270925,23.57538910480093,3.9286404304654376,3.928640430466114,26.257774051699514,453453830593598.56,48304885579769.84,2192586921765.5413,0.1065265796002557,405148945013828.75,0.8934734203997443,1,572216353022436.1,118762522428837.56,120754325637392.81,1.0167713110821535,1.0178363998040147,1991803208555.25,2118295831774.0088,29139351208636.98,0.059714333248763796,1991803208555.9885,0.0635065867327877,0.05971433324911235,0,0,6706,1.7694213738232547,1.7247395840846866,2.378564203405621,2.608624607115628,3.1141039951037204,1.3132934112698071,1.54225944750083,1.6151237126349263,1.764682406299706,1.779418894456216,1.7803506393381248,4.018671545989297,4.007213076857858,4.046947264701445,1.009915666345036,1.0028594609050396,1.5715738347064603,2.5571000593426825,4.0186049700238025,4.027576936538649,4.035275414903927,4.023028824181041,4.031124983590341,1.0025519891487702,0.9930267722101018,0.9216607572467161,0.990499029435116,1.004175199981546,1.7845070732186024,1.7854414823885745,4.55015216060948
CON8-3,moderate,SAA,search_unique_ordered_route,search_unique_ordered_route,3534,385741139625263.6,17966116130033.523,0.04657557694646489,0.8889157433602717,367775023495230.1,171449402915832.66,0.4661801154587005,23.14770065629211,4.713158987307247,4.713158987307668,26.302947330525626,293384051418492.4,29879298788396.97,1285937313887.2864,0.10184363684369531,263504752630095.4,0.8981563631563046,1,366622741165105.8,73238689746613.44,75103056617025.5,1.0254560380157303,1.0269269582031548,1864366870412.0625,1972095137660.883,17242177506425.674,0.05462630336197309,1864366870412.3477,0.057782762051017594,0.05462630336211764,0,0,3534,1.8118877589064837,1.7458371699632214,2.48788505111088,2.659305211421124,3.1141039951037204,1.3213013146472532,1.5773030928849443,1.6307376265344458,1.764682406299706,1.7870021669791052,1.7882833509318805,4.018671545989297,4.007213076857858,4.046947264701445,1.009915666345036,1.0028594609050396,1.5715738347064603,2.5571000593426825,4.0186049700238025,4.027576936538649,4.035275414903927,4.023028824181041,4.031124983590341,1.0025519891487702,0.9930267722101018,0.9216607572467161,0.990499029435116,1.004175199981546,1.792112029812803,1.7933968772610034,4.569543347227772
CON8-3,moderate,SAA,search_unique_customer_set_A_only,search_unique_customer_set_A_only,1068,107229605338263.9,4801081889138.527,0.04477384649503419,0.8952669514407235,102428523449125.38,nan,nan,0.0,26.012205061342936,nan,26.012205061342936,nan,nan,nan,nan,nan,nan,0,nan,nan,nan,nan,nan,nan,nan,nan,nan,nan,nan,nan,0,0,0,nan,nan,nan,nan,nan,nan,nan,nan,nan,nan,nan,4.018671545989297,4.007213076857858,4.046947264701445,1.009915666345036,1.0028594609050396,1.5715738347064603,2.5571000593426825,4.0186049700238025,4.027576936538649,4.035275414903927,4.023028824181041,4.031124983590341,1.0025519891487702,0.9930267722101018,0.9216607572467161,0.990499029435116,1.004175199981546,nan,nan,nan
CON8-4,moderate,-,train_random_unique,train_random_unique,200,41898947360826.14,407585468684.9661,0.00972782120693663,0.9724200761516164,41491361892141.17,18904103314764.04,0.45561539686034364,23.972419201441397,0.0,0.0,23.972419201441365,32147084119894.684,3097909728224.723,34904087174.4198,0.0963667409669525,29049174391669.96,0.9036332590330475,1,36458698594870.62,4311614474975.9336,4311614474975.9336,1.0,1.0,0.0,0.0,nan,nan,0.0,nan,nan,0,0,200,1.8866700950002275,1.8526034729583891,2.5199476210787917,2.698022889606864,3.0270121707662567,1.3611024862187167,1.5874224996521595,1.642564823851082,1.7398310753536554,1.7398310753536554,1.7398310753536554,4.016716282467002,4.007213076857858,4.046947264701445,1.009915666345036,1.0023715249044347,1.5715738347064603,2.5558559157465535,4.0186049700238025,4.027576936538649,4.035275414903927,4.023028824181041,4.031124983590341,1.0025519891487702,0.9930267722101018,0.9216607572467161,0.990499029435116,1.004175199981546,1.7439571280783661,1.7439571280783661,4.446757546342328
CON8-4,moderate,SAA,search_call_weighted,search_call_weighted,3727,395324218057840.06,21460552677486.223,0.05428595491295279,0.8774883416537016,373863665380353.8,160512480137862.06,0.42933426005590336,19.471218207855046,4.1460751960418065,4.146075196042157,22.24742911377972,299172304374867.44,27899216324763.1,630564299606.1318,0.09325467604048321,271273088050104.34,0.9067453239595168,1,368957796837008.7,69785492462141.25,71262563824095.62,1.0211658800395467,1.0223620093132646,1477071361954.375,1560543832369.1597,16599367000954.656,0.053489346907815455,1477071361954.7136,0.05651214461590992,0.05348934690803261,0,0,3727,1.7969468423486326,1.7998577614403777,2.1586408628838782,2.2460110107549083,2.8432431032945016,1.3415877762712276,1.4692313812048443,1.4986697440544827,1.6861918939712945,1.7039433223385398,1.7049409761191876,4.016716282467002,4.007213076857858,4.046947264701445,1.009915666345036,1.0023715249044347,1.5715738347064603,2.5558559157465535,4.0186049700238025,4.027576936538649,4.035275414903927,4.023028824181041,4.031124983590341,1.0025519891487702,0.9930267722101018,0.9216607572467161,0.990499029435116,1.004175199981546,1.707984266363211,1.7089842861046454,4.355033620495793
CON8-4,moderate,SAA,search_unique_ordered_route,search_unique_ordered_route,2917,327083811208150.25,16694753539322.613,0.05104121013405452,0.8829854415532651,310389057668827.6,132935052175148.53,0.42828524038042853,19.40554822819349,4.178730632637166,4.178730632637362,22.265466594987224,246913029344098.03,22959047833641.96,509105434303.80237,0.09298435118888047,223953981510456.06,0.9070156488111195,1,302801372910157.2,55888343566059.16,57126662902005.06,1.022157023395804,1.0234099079259364,1238319335945.9062,1308340977014.5427,13696498798145.148,0.053519412980895166,1238319335945.8735,0.056545705971028495,0.053519412980870165,0,0,2917,1.8026773250437198,1.810638764281573,2.1683199522916765,2.2772816001495193,2.8432431032945016,1.3455997786420646,1.4725216281300872,1.5090664648053769,1.6861918939712945,1.7047700452712549,1.7058145158702571,4.016716282467002,4.007213076857858,4.046947264701445,1.009915666345036,1.0023715249044347,1.5715738347064603,2.5558559157465535,4.0186049700238025,4.027576936538649,4.035275414903927,4.023028824181041,4.031124983590341,1.0025519891487702,0.9930267722101018,0.9216607572467161,0.990499029435116,1.004175199981546,1.70881294988995,1.7098598974769896,4.357146605194057
CON8-4,moderate,SAA,search_unique_customer_set_A_only,search_unique_customer_set_A_only,691,77241097635065.34,3818779499774.0146,0.049439736315196964,0.887723702317425,73422318135291.33,nan,nan,0.0,22.979842152031438,nan,22.979842152031438,nan,nan,nan,nan,nan,nan,0,nan,nan,nan,nan,nan,nan,nan,nan,nan,nan,nan,nan,0,0,0,nan,nan,nan,nan,nan,nan,nan,nan,nan,nan,nan,4.016716282467002,4.007213076857858,4.046947264701445,1.009915666345036,1.0023715249044347,1.5715738347064603,2.5558559157465535,4.0186049700238025,4.027576936538649,4.035275414903927,4.023028824181041,4.031124983590341,1.0025519891487702,0.9930267722101018,0.9216607572467161,0.990499029435116,1.004175199981546,nan,nan,nan
CON8-5,moderate,-,train_random_unique,train_random_unique,200,30232922562546.87,365901717595.5666,0.012102757080086353,0.9665728256378668,29867020844951.305,13671769887581.195,0.45775472413386886,21.23080587588406,0.0,0.0,21.23080587588406,21446064071883.668,2081660914987.1072,31003404778.01769,0.09706493965558077,19364403156896.562,0.9029350603444193,1,24484507878689.62,3038443806805.953,3038443806805.953,1.0,1.0,0.0,0.0,nan,nan,0.0,nan,nan,0,0,200,1.9249795522990445,1.9263988916989025,2.442982035153852,2.737156432595923,3.2596711271645558,1.3879477237379114,1.563003492315716,1.6544334924812154,1.805455933321153,1.805455933321153,1.805455933321153,4.018682925268563,4.007213076857858,4.046947264701445,1.009915666345036,1.0028623006041144,1.5715738347064603,2.5571073000328846,4.0186049700238025,4.027576936538649,4.035275414903927,4.023028824181041,4.031124983590341,1.0025519891487702,0.9930267722101018,0.9216607572467161,0.990499029435116,1.004175199981546,1.8106236909298001,1.8106236909298001,4.616744546983205
CON8-5,moderate,SAA,search_call_weighted,search_call_weighted,4231,346684712823594.7,18191949209299.402,0.05247404496475765,0.8749106957293769,328492763614295.3,152467266014904.03,0.46414193219161975,20.33963919259475,3.5185309488204974,3.5185309488205503,21.748984963711504,246733907884401.66,26208360630992.06,775828101545.7238,0.10622115482915728,220525547253409.6,0.8937788451708427,1,309355564771522.75,62621656887121.09,63509534237449.875,1.0141784391289619,1.0147934007506638,887877350328.7812,926387266001.7468,11000304688312.701,0.0415699967888579,887877350328.8154,0.04337301279135609,0.041569996788894725,0,0,4231,1.809284758648053,1.7258447292278285,2.3479711760810127,2.5530095882768484,3.248708935118956,1.3137140972174381,1.5323090993924864,1.5978140030294041,1.8024175251919174,1.8151502849635495,1.8157005227510492,4.018682925268563,4.007213076857858,4.046947264701445,1.009915666345036,1.0028623006041144,1.5715738347064603,2.5571073000328846,4.0186049700238025,4.027576936538649,4.035275414903927,4.023028824181041,4.031124983590341,1.0025519891487702,0.9930267722101018,0.9216607572467161,0.990499029435116,1.004175199981546,1.820345790720759,1.8208976034542104,4.641534044337063
CON8-5,moderate,SAA,search_unique_ordered_route,search_unique_ordered_route,3011,267847617670481.06,12570156780704.723,0.04693025418717418,0.882290732042211,255277460889776.34,117763739839752.88,0.46131663731409833,20.30187647377794,3.4485288997588235,3.448528899758364,21.707739037705608,190571831480142.28,20066441984674.496,594961865741.247,0.10529594971524128,170505389495467.78,0.8947040502847587,1,237232324465854.4,46660492985712.125,47320703522673.44,1.0141492404969548,1.014731582024455,660210536961.3125,687382879720.5205,8104774475023.374,0.03953014187740281,660210536961.0706,0.04115708738044614,0.03953014187705093,0,0,3011,1.8172415798025443,1.7354942508597055,2.3730946372144563,2.5622265977240435,3.248708935118956,1.3173815889330265,1.5404851953895748,1.600695642718689,1.8024175251919174,1.8151241552980777,1.8156452178964482,4.018682925268563,4.007213076857858,4.046947264701445,1.009915666345036,1.0028623006041144,1.5715738347064603,2.5571073000328846,4.0186049700238025,4.027576936538649,4.035275414903927,4.023028824181041,4.031124983590341,1.0025519891487702,0.9930267722101018,0.9216607572467161,0.990499029435116,1.004175199981546,1.82031958626433,1.8208421403004906,4.641467227978738
CON8-5,moderate,SAA,search_unique_customer_set_A_only,search_unique_customer_set_A_only,764,67900572529212.03,3174494743325.9136,0.046752105690422416,0.8862471781396981,64726077785886.12,nan,nan,0.0,21.22908259148426,nan,21.22908259148426,nan,nan,nan,nan,nan,nan,0,nan,nan,nan,nan,nan,nan,nan,nan,nan,nan,nan,nan,0,0,0,nan,nan,nan,nan,nan,nan,nan,nan,nan,nan,nan,4.018682925268563,4.007213076857858,4.046947264701445,1.009915666345036,1.0028623006041144,1.5715738347064603,2.5571073000328846,4.0186049700238025,4.027576936538649,4.035275414903927,4.023028824181041,4.031124983590341,1.0025519891487702,0.9930267722101018,0.9216607572467161,0.990499029435116,1.004175199981546,nan,nan,nan
CON8-6,moderate,-,train_random_unique,train_random_unique,200,28725621608698.934,259958975650.91922,0.009049724987402754,0.9675463986346879,28465662633048.016,12349201238030.586,0.4338279911915148,21.553761676091828,0.0,0.0,21.55376167609181,21634454352197.168,2119074045732.057,34610725167.657455,0.0979490405089346,19515380306465.11,0.9020509594910653,1,24724474145679.98,3090019793482.8125,3090019793482.8125,1.0,1.0,0.0,0.0,nan,nan,0.0,nan,nan,0,0,200,1.8208036862082133,1.7971550074197178,2.3013999603494764,2.5903731100060123,3.144958540037256,1.3405798801652076,1.5170321359873618,1.6094623777850128,1.7734030957560822,1.7734030957560822,1.7734030957560822,4.01793924783035,4.007213076857858,4.046947264701445,1.009915666345036,1.002676715903738,1.5715738347064603,2.556634094497268,4.0186049700238025,4.027576936538649,4.035275414903927,4.023028824181041,4.031124983590341,1.0025519891487702,0.9930267722101018,0.9216607572467161,0.990499029435116,1.004175199981546,1.7781499920262307,1.7781499920262307,4.533942817897003
CON8-6,moderate,SAA,search_call_weighted,search_call_weighted,5838,412727411885854.0,20238548236876.664,0.04903611355592233,0.8868739631982991,392488863648977.3,173589202949751.3,0.4422780339189469,19.87538094894198,1.7342805537937516,1.734280553793037,20.366380998163265,304657363136770.0,30095232043630.79,1116699175721.5203,0.09878386569675691,274562131093139.22,0.9012161343032431,1,373486771410747.0,68829408273977.0,69101716929788.19,1.003956283551462,1.0040392771181836,272308655811.1875,278021053899.20056,7353439466288.464,0.020546638493771186,272308655811.07642,0.020977658866539687,0.020546638493371624,0,0,5838,1.7239433901934285,1.668924687624548,2.2281387952689227,2.385652571576447,3.064816360153088,1.2918686804707074,1.4926951447864103,1.5445557845466271,1.7506616920904758,1.7541213306687236,1.7541938327186335,4.01793924783035,4.007213076857858,4.046947264701445,1.009915666345036,1.002676715903738,1.5715738347064603,2.556634094497268,4.0186049700238025,4.027576936538649,4.035275414903927,4.023028824181041,4.031124983590341,1.0025519891487702,0.9930267722101018,0.9216607572467161,0.990499029435116,1.004175199981546,1.7588166151316105,1.7588893112489106,4.484646399872575
CON8-6,moderate,SAA,search_unique_ordered_route,search_unique_ordered_route,3413,281872361373802.2,13127236580811.928,0.04657156351488955,0.8923912322802321,268745124792990.25,118800710184265.48,0.4420571732260283,19.810272710695052,1.8767166881508834,1.8767166881498736,20.142740464028417,207543334062227.22,20037046210379.668,753703170246.0219,0.09654391600152289,187506287851847.56,0.9034560839984772,1,252708375376878.97,45165041314651.75,45383209362100.25,1.0048304627007554,1.0049104714670405,218168047448.5,221781646683.30496,4123029997691.007,0.01629349988638932,218168047448.2673,0.016563375237879305,0.016293499885340075,0,0,3413,1.7618362271615329,1.7094372307323078,2.2524146690951077,2.392455690722215,3.064816360153088,1.3074544851474976,1.5008046653352571,1.54675650639178,1.7506616920904758,1.7548848512838306,1.7549547154959122,4.01793924783035,4.007213076857858,4.046947264701445,1.009915666345036,1.002676715903738,1.5715738347064603,2.556634094497268,4.0186049700238025,4.027576936538649,4.035275414903927,4.023028824181041,4.031124983590341,1.0025519891487702,0.9930267722101018,0.9216607572467161,0.990499029435116,1.004175199981546,1.759582179474491,1.75965223069322,4.48659844270901
CON8-6,moderate,SAA,search_unique_customer_set_A_only,search_unique_customer_set_A_only,1024,84050895303653.17,3691642187483.3096,0.04392150939197499,0.8972772518573068,80359253116169.86,nan,nan,0.0,20.06144304124602,nan,20.06144304124602,nan,nan,nan,nan,nan,nan,0,nan,nan,nan,nan,nan,nan,nan,nan,nan,nan,nan,nan,0,0,0,nan,nan,nan,nan,nan,nan,nan,nan,nan,nan,nan,4.01793924783035,4.007213076857858,4.046947264701445,1.009915666345036,1.002676715903738,1.5715738347064603,2.556634094497268,4.0186049700238025,4.027576936538649,4.035275414903927,4.023028824181041,4.031124983590341,1.0025519891487702,0.9930267722101018,0.9216607572467161,0.990499029435116,1.004175199981546,nan,nan,nan
CON8-7,moderate,-,train_random_unique,train_random_unique,200,37341777050877.58,360843580825.4653,0.009663267506895069,0.9691669599811332,36980933470052.11,17527013065180.643,0.4739472863597228,20.887647445582395,0.0,1.909095910416423e-06,20.887647445582374,25272634633458.54,2394708502117.501,48558723473.84361,0.0947550002937619,22877926131341.04,0.9052449997062382,1,28784650704987.957,3512016071529.418,3512016071529.418,1.0,1.000000000000008,0.0,0.028004349850157755,nan,nan,0.0,nan,nan,0,0,200,1.8785961082117717,1.8792186211069075,2.435923637402165,2.585167600348808,3.164462919945959,1.3708453359476696,1.560744501531846,1.607845237010462,1.7788937348661271,1.7788937348661271,1.7788937348661342,4.018013888884754,4.007213076857858,4.046947264701445,1.009915666345036,1.00269534257843,1.5715738347064603,2.5566815889596697,4.0186049700238025,4.027576936538649,4.035275414903927,4.023028824181041,4.031124983590341,1.0025519891487702,0.9930267722101018,0.9216607572467161,0.990499029435116,1.004175199981546,1.783688462892214,1.7836884628922212,4.548064860647931
CON8-7,moderate,SAA,search_call_weighted,search_call_weighted,4398,423031605118022.56,21601047605543.11,0.05106249118081044,0.8793217763963291,401430557512479.44,194218784039500.12,0.48381664127166596,21.331158908774604,3.161009328685307,3.161009328685751,21.394652827740614,294124475705283.9,32363706538949.445,1281434001109.0964,0.11003404752815693,261760769166334.44,0.8899659524718431,1,371065707587495.4,76941231882211.5,77807541760981.62,1.011259371049535,1.0115728785112659,866309878770.125,890431529079.978,9214506019448.25,0.027089842982689044,866309878770.3658,0.027844136262301238,0.027089842982959373,0,0,4398,1.7958637676554834,1.77651499279017,2.1834570674423652,2.3781582352993236,3.4059969144069395,1.3328597048414998,1.4776525347925042,1.5421278271593841,1.8455343167784606,1.8558950125100877,1.8561826695956185,4.018013888884754,4.007213076857858,4.046947264701445,1.009915666345036,1.00269534257843,1.5715738347064603,2.5566815889596697,4.0186049700238025,4.027576936538649,4.035275414903927,4.023028824181041,4.031124983590341,1.0025519891487702,0.9930267722101018,0.9216607572467161,0.990499029435116,1.004175199981546,1.860897285358402,1.8611857177783233,4.744932609526617
CON8-7,moderate,SAA,search_unique_ordered_route,search_unique_ordered_route,3104,323571574346613.1,15403106091885.848,0.04760339693926848,0.8835503095147615,308168468254727.25,149007414965835.88,0.4835258318598276,21.419791764760582,2.8930748321058304,2.8930748321053787,21.497380278843746,224627881028179.88,24814982331409.613,957132336090.3673,0.11047151501329677,199812898696770.25,0.8895284849867032,1,282338271150254.5,57710390122074.625,58265237832943.34,1.0096143469086771,1.0098732498081737,554847710868.7188,569789098202.4087,6822374935491.218,0.0262226627026455,554847710868.6024,0.026928807744915052,0.02622266270244126,0,0,3104,1.8130352407078447,1.8007663019165554,2.204854755737549,2.382563755193952,3.4059969144069395,1.3419263399741945,1.4848753332314484,1.5435555435826713,1.8455343167784606,1.854384898102854,1.8546226497022913,4.018013888884754,4.007213076857858,4.046947264701445,1.009915666345036,1.00269534257843,1.5715738347064603,2.5566815889596697,4.0186049700238025,4.027576936538649,4.035275414903927,4.023028824181041,4.031124983590341,1.0025519891487702,0.9930267722101018,0.9216607572467161,0.990499029435116,1.004175199981546,1.859383100675508,1.8596214930969546,4.741071727824419
CON8-7,moderate,SAA,search_unique_customer_set_A_only,search_unique_customer_set_A_only,856,87047866387248.61,3898398413959.9614,0.0447845372408924,0.8864696689688822,83149467973288.64,nan,nan,0.0,21.692331506363942,nan,21.692331506363942,nan,nan,nan,nan,nan,nan,0,nan,nan,nan,nan,nan,nan,nan,nan,nan,nan,nan,nan,0,0,0,nan,nan,nan,nan,nan,nan,nan,nan,nan,nan,nan,4.018013888884754,4.007213076857858,4.046947264701445,1.009915666345036,1.00269534257843,1.5715738347064603,2.5566815889596697,4.0186049700238025,4.027576936538649,4.035275414903927,4.023028824181041,4.031124983590341,1.0025519891487702,0.9930267722101018,0.9216607572467161,0.990499029435116,1.004175199981546,nan,nan,nan
CON8-8,moderate,-,train_random_unique,train_random_unique,200,37222449714433.8,480504235097.5978,0.01290899010634628,0.9678232778010688,36741945479336.195,15932810717327.732,0.4336409112110953,21.739428345083773,0.0,0.0,21.739428345083773,28410754505080.535,2635792701130.585,34601060497.88165,0.0927744703386614,25774961803949.95,0.9072255296613385,1,32246803831281.26,3836049326200.7266,3836049326200.7344,1.000000000000002,1.0,0.0078125,0.0,nan,nan,0.0,nan,nan,0,0,200,1.7891656105673923,1.7202597201380665,2.319962025956315,2.4989484463895617,3.101963319581378,1.311586697823629,1.5231418725633867,1.5808050727988792,1.7612391432117838,1.7612391432117855,1.7612391432117838,4.01884455841954,4.007213076857858,4.046947264701445,1.009915666345036,1.0029026361559994,1.5715738347064603,2.5572101479853044,4.0186049700238025,4.027576936538649,4.035275414903927,4.023028824181041,4.031124983590341,1.0025519891487702,0.9930267722101018,0.9216607572467161,0.990499029435116,1.004175199981546,1.7663513796282335,1.7663513796282317,4.503858610050121
CON8-8,moderate,SAA,search_call_weighted,search_call_weighted,5177,492132749758307.3,34264706159611.688,0.06962492574704594,0.8722517208409911,457868043598695.6,205064107931720.2,0.44786726393915205,19.326620008373546,2.2937809051729756,2.2937809051734055,19.436379542921276,364013926370688.94,32329177492240.71,1368558330843.9712,0.08881302376140056,331684748878448.25,0.9111869762385995,1,446652012475807.7,82638086105118.75,83200806333789.31,1.006809453790529,1.0070295650687264,562720228670.5625,580909803430.9448,12723789374485.57,0.03131221861461626,562720228670.5414,0.03232436623676307,0.0313122186145798,0,0,5177,1.8240064057948258,1.7956719754221557,2.232668236464425,2.4048748851120356,2.7572148590628185,1.3400268562316786,1.4942115569315353,1.5507659027435559,1.6604863320915408,1.6661302428790392,1.6663123597702383,4.01884455841954,4.007213076857858,4.046947264701445,1.009915666345036,1.0029026361559994,1.5715738347064603,2.5572101479853044,4.0186049700238025,4.027576936538649,4.035275414903927,4.023028824181041,4.031124983590341,1.0025519891487702,0.9930267722101018,0.9216607572467161,0.990499029435116,1.004175199981546,1.670966412762624,1.671149058272896,4.260645164955499
CON8-8,moderate,SAA,search_unique_ordered_route,search_unique_ordered_route,3119,346936204326255.2,19057050775790.246,0.05492955343994366,0.8875169554116731,327879153550464.94,146245814050551.3,0.4460357191572478,19.27770940250021,3.4120840503989682,3.4120840503994048,19.867838768472836,253130508019793.22,22937271435755.652,938799145985.5375,0.09061440920413316,230193236584037.56,0.9093855907958668,1,307399142264271.75,54268634244478.53,55135029220888.91,1.015964930543623,1.016461243025571,866394976410.375,893329176964.1945,8542471162909.736,0.030150364779553254,866394976410.5057,0.031087669350776403,0.0301503647796998,0,0,3119,1.8685964807214959,1.8740578157012098,2.251277642128595,2.3990969311466332,2.7572148590628185,1.3689623134700275,1.5004258178595105,1.5489018227706646,1.6604863320915408,1.6736886218115965,1.674097381555675,4.01884455841954,4.007213076857858,4.046947264701445,1.009915666345036,1.0029026361559994,1.5715738347064603,2.5572101479853044,4.0186049700238025,4.027576936538649,4.035275414903927,4.023028824181041,4.031124983590341,1.0025519891487702,0.9930267722101018,0.9216607572467161,0.990499029435116,1.004175199981546,1.6785467309191517,1.6789566771440425,4.279973528264153
CON8-8,moderate,SAA,search_unique_customer_set_A_only,search_unique_customer_set_A_only,822,87570306685791.22,4723436137490.239,0.053938787201445806,0.8911151173044339,82846870548300.98,nan,nan,0.0,20.49640181382079,nan,20.49640181382079,nan,nan,nan,nan,nan,nan,0,nan,nan,nan,nan,nan,nan,nan,nan,nan,nan,nan,nan,0,0,0,nan,nan,nan,nan,nan,nan,nan,nan,nan,nan,nan,4.01884455841954,4.007213076857858,4.046947264701445,1.009915666345036,1.0029026361559994,1.5715738347064603,2.5572101479853044,4.0186049700238025,4.027576936538649,4.035275414903927,4.023028824181041,4.031124983590341,1.0025519891487702,0.9930267722101018,0.9216607572467161,0.990499029435116,1.004175199981546,nan,nan,nan
CON8-9,moderate,-,train_random_unique,train_random_unique,200,26644287593943.188,242470389648.37384,0.009100276702593937,0.9652993484043069,26401817204294.812,11285349454266.45,0.427445935518054,21.137570535186658,0.0,0.0,21.137570535186658,20353395071369.71,1724201233836.7737,31515852885.314617,0.08471320031821802,18629193837532.938,0.915286799681782,1,22982563459499.457,2629168388129.746,2629168388129.746,1.0,1.0,0.0,0.0,nan,nan,0.0,nan,nan,0,0,200,1.8389329309270865,1.7795588353434821,2.370998457161823,2.5808166718401964,3.0377930264689175,1.3340010185669,1.5398042866676678,1.606487251991921,1.7429265694425906,1.7429265694425906,1.7429265694425906,4.017625550365994,4.007213076857858,4.046947264701445,1.009915666345036,1.0025984327033344,1.5715738347064603,2.5564344872898763,4.0186049700238025,4.027576936538649,4.035275414903927,4.023028824181041,4.031124983590341,1.0025519891487702,0.9930267722101018,0.9216607572467161,0.990499029435116,1.004175199981546,1.7474554468401406,1.7474554468401406,4.455677590936872
CON8-9,moderate,SAA,search_call_weighted,search_call_weighted,4520,321507021008656.94,13896896135467.69,0.043224238437684075,0.8797391246318638,307610124873189.25,134341468356237.52,0.43672641923479966,20.22614461176425,2.637360974741635,2.637360974741419,20.787494741140424,240966995679546.8,24723456231613.27,654004957332.3529,0.10260100625768721,216243539447933.53,0.8973989937423127,1,298832823976291.8,57865828296745.0,58361439668803.69,1.0085648367377913,1.0087931039744962,495611372058.6875,508820244783.616,6892482575240.52,0.025959801836594944,495611372058.5856,0.02665167401236388,0.025959801836394722,0,0,4520,1.7105898753654014,1.6563371720051536,2.2121789386758897,2.31812577750893,2.9745414304402904,1.2869876325646683,1.487339550565334,1.522539252236556,1.7246858932687685,1.7320559725833942,1.7322519685411237,4.017625550365994,4.007213076857858,4.046947264701445,1.009915666345036,1.0025984327033344,1.5715738347064603,2.5564344872898763,4.0186049700238025,4.027576936538649,4.035275414903927,4.023028824181041,4.031124983590341,1.0025519891487702,0.9930267722101018,0.9216607572467161,0.990499029435116,1.004175199981546,1.7365566034665605,1.7367531087065964,4.427887622228598
CON8-9,moderate,SAA,search_unique_ordered_route,search_unique_ordered_route,2950,229947961809887.72,9007027392766.756,0.03916985096051178,0.8857690137821593,220940934417120.97,97169872043836.27,0.4398002221733451,20.504655545203658,2.1533298791923947,2.1533298791929774,20.451937321123502,172079942954314.38,17072736525112.436,445999301764.25287,0.09921398294306204,155007206429201.94,0.900786017056938,1,211765059787450.66,39685116833136.28,39923279948987.125,1.0060013207684948,1.006105860849371,238163115850.84375,242311801174.1594,3384590074222.106,0.017121268147323093,238163115850.9958,0.01741951228885447,0.017121268147950473,0,0,2950,1.749416886095386,1.7137042459986993,2.241605001098727,2.352674902987573,2.9745414304402904,1.3090852687276149,1.4971990511825461,1.5338431807015709,1.7246858932687685,1.729853348611824,1.729943226382082,4.017625550365994,4.007213076857858,4.046947264701445,1.009915666345036,1.0025984327033344,1.5715738347064603,2.5564344872898763,4.0186049700238025,4.027576936538649,4.035275414903927,4.023028824181041,4.031124983590341,1.0025519891487702,0.9930267722101018,0.9216607572467161,0.990499029435116,1.004175199981546,1.7343482561248293,1.734438367436425,4.422256758345144
CON8-9,moderate,SAA,search_unique_customer_set_A_only,search_unique_customer_set_A_only,763,57175736683863.86,2220233430098.966,0.03883174155455281,0.8882521482277479,54955503253764.89,nan,nan,0.0,20.932204399248107,nan,20.932204399248107,nan,nan,nan,nan,nan,nan,0,nan,nan,nan,nan,nan,nan,nan,nan,nan,nan,nan,nan,0,0,0,nan,nan,nan,nan,nan,nan,nan,nan,nan,nan,nan,4.017625550365994,4.007213076857858,4.046947264701445,1.009915666345036,1.0025984327033344,1.5715738347064603,2.5564344872898763,4.0186049700238025,4.027576936538649,4.035275414903927,4.023028824181041,4.031124983590341,1.0025519891487702,0.9930267722101018,0.9216607572467161,0.990499029435116,1.004175199981546,nan,nan,nan
SCA3-0,moderate,-,train_random_unique,train_random_unique,200,463395454902138.9,1346789451805.0627,0.0029063501541884596,0.990817089351435,462048665450333.8,202880084670941.28,0.4390881304098239,23.402635990293515,0.0,0.0,23.402635990293497,366832322222949.56,29353634357942.06,95703212133.0861,0.08001921471931203,337478687865007.5,0.9199807852806879,1,402662003922557.44,35829681699607.875,35829681699607.875,1.0,1.0,0.0,0.0,nan,nan,0.0,nan,nan,0,0,200,2.170574192909154,2.201130742032979,2.728529916160723,3.0050226607532036,3.264507230471756,1.4836208197584138,1.651826234090074,1.733500021448531,1.8067947394410235,1.8067947394410235,1.8067947394410235,4.017720351887198,4.007213076857858,4.046947264701445,1.009915666345036,1.0026220904223988,1.5715738347064603,2.556494809954399,4.0186049700238025,4.027576936538649,4.035275414903927,4.023028824181041,4.031124983590341,1.0025519891487702,0.9930267722101018,0.9216607572467161,0.990499029435116,1.004175199981546,1.8115323186225525,1.8115323186225525,4.619061374033887
SCA3-0,moderate,SAA,search_call_weighted,search_call_weighted,2759,2343937286154987.0,125277759940219.88,0.05344757331188092,0.914757539638653,2218659526214767.0,1032685800182766.4,0.46545483341674393,23.78169802073309,6.390884890340927,6.390884890340803,24.010620164312826,1902900355430293.0,128716284280224.86,1126308624934.6436,0.06764215683333503,1774184071150068.2,0.932357843166665,1,2214810860964921.8,311910505534628.75,334796943236503.75,1.0733750139728273,1.075544662258032,22886437701875.0,23563173795345.58,55745399851002.17,0.02872007393192576,22886437701872.438,0.02956930660358452,0.028720073931817008,0,0,2759,2.0298082313932855,1.9068838989789605,2.731923640410278,2.8569345133730395,3.269889064090896,1.3808996701350031,1.6528531816790224,1.690246871327184,1.8082834578933957,1.8734506184733455,1.875343096358337,4.017720351887198,4.007213076857858,4.046947264701445,1.009915666345036,1.0026220904223988,1.5715738347064603,2.556494809954399,4.0186049700238025,4.027576936538649,4.035275414903927,4.023028824181041,4.031124983590341,1.0025519891487702,0.9930267722101018,0.9216607572467161,0.990499029435116,1.004175199981546,1.8783629753968816,1.88026041553001,4.7894667828329665
SCA3-0,moderate,SAA,search_unique_ordered_route,search_unique_ordered_route,2559,2168057898446624.5,116301917160836.95,0.05364336314273029,0.9154234469400597,2051755981285787.5,955546623200888.4,0.46572137813487435,23.750490738137184,6.42571391790699,6.4257139179070535,23.92022295394341,1757327246865255.8,118869120646948.69,1022797790984.5004,0.06764199488683115,1638458126218307.0,0.9323580051131688,1,2043892747019591.8,286565500154336.0,307950211805756.0,1.0746241666910454,1.0767629838850237,21384711651420.0,21997622870351.01,49958026249039.44,0.027862611453184076,21384711651420.746,0.02866118696953825,0.027862611453217973,0,0,2559,2.0309727099349897,1.9066554780737772,2.7384787699543214,2.862875872117255,3.269889064090896,1.380816960380259,1.6548349651482313,1.692003508194707,1.8082834578933957,1.874540426523483,1.8764049418032134,4.017720351887198,4.007213076857858,4.046947264701445,1.009915666345036,1.0026220904223988,1.5715738347064603,2.556494809954399,4.0186049700238025,4.027576936538649,4.035275414903927,4.023028824181041,4.031124983590341,1.0025519891487702,0.9930267722101018,0.9216607572467161,0.990499029435116,1.004175199981546,1.8794556410222696,1.8813250452296573,4.79225287145699
SCA3-0,moderate,SAA,search_unique_customer_set_A_only,search_unique_customer_set_A_only,334,263656375553222.06,12236556614636.1,0.04641100215748817,0.9230103394967368,251419818938585.97,nan,nan,0.0,24.076432068458534,nan,24.076432068458534,nan,nan,nan,nan,nan,nan,0,nan,nan,nan,nan,nan,nan,nan,nan,nan,nan,nan,nan,0,0,0,nan,nan,nan,nan,nan,nan,nan,nan,nan,nan,nan,4.017720351887198,4.007213076857858,4.046947264701445,1.009915666345036,1.0026220904223988,1.5715738347064603,2.556494809954399,4.0186049700238025,4.027576936538649,4.035275414903927,4.023028824181041,4.031124983590341,1.0025519891487702,0.9930267722101018,0.9216607572467161,0.990499029435116,1.004175199981546,nan,nan,nan
SCA3-1,moderate,-,train_random_unique,train_random_unique,200,410546752213290.6,1707371533915.098,0.004158774913479452,0.9896341307718518,408839380679375.5,184084788285136.28,0.4502618802993963,24.99064303407667,0.0,0.0,24.990643034076655,332664656973650.06,26951056126506.01,125722947403.0818,0.08101568820591834,305713600847144.06,0.9189843117940817,1,365800128814504.25,33135471840854.188,33135471840854.188,1.0,1.0,0.0,0.0,nan,nan,0.0,nan,nan,0,0,200,2.1900598372964275,2.2203602192477616,2.715440589962904,2.890539412820802,3.7440345957952093,1.4900873183784622,1.6478590852479673,1.7001584688554634,1.9349507993215769,1.9349507993215769,1.9349507993215769,4.016637549239182,4.007213076857858,4.046947264701445,1.009915666345036,1.0023518770278905,1.5715738347064603,2.555805817414498,4.0186049700238025,4.027576936538649,4.035275414903927,4.023028824181041,4.031124983590341,1.0025519891487702,0.9930267722101018,0.9216607572467161,0.990499029435116,1.004175199981546,1.9395015656565997,1.9395015656565997,4.945358509316919
SCA3-1,moderate,SAA,search_call_weighted,search_call_weighted,2777,2195135825139145.0,186212509982286.12,0.08482960728431577,0.8832636959157149,2008923315156859.0,994667089757526.2,0.4951244690392085,24.765527950741394,3.4885441644282795,3.48854416442833,24.792943011728806,1718903580055755.8,174765699330172.53,675859129426.7495,0.10167277638953064,1544137880725583.2,0.8983272236104693,1,2122359544662930.0,403455964607174.25,409585755829247.25,1.0151932100645513,1.0157685235892566,6129791222073.0,6361904895134.506,63365282192877.39,0.03648493287586676,6129791222072.875,0.037866489192271154,0.03648493287584715,0,0,2777,1.7971027674219122,1.7868332259138795,2.0358792379616637,2.14741865866225,3.021967448381353,1.3367248130837848,1.4268424010971523,1.465407325062123,1.738380697195339,1.751536706618747,1.752032937298018,4.016637549239182,4.007213076857858,4.046947264701445,1.009915666345036,1.0023518770278905,1.5715738347064603,2.555805817414498,4.0186049700238025,4.027576936538649,4.035275414903927,4.023028824181041,4.031124983590341,1.0025519891487702,0.9930267722101018,0.9216607572467161,0.990499029435116,1.004175199981546,1.7556561055625508,1.7561535033153566,4.476587704191225
SCA3-1,moderate,SAA,search_unique_ordered_route,search_unique_ordered_route,2604,2052206124202412.5,173195585735778.38,0.08439482939516645,0.8838732655760432,1879010538466634.0,929775371844483.5,0.49482179732915516,24.7562364789036,3.4584516628595026,3.4584516628596176,24.79376190344656,1606785492110379.8,163243343907631.2,640895218181.504,0.10159622719347843,1443542148202748.5,0.8984037728065215,1,1982748427254769.0,375962935144389.25,381599209723634.25,1.0149915697862089,1.0155464147982833,5636274579245.0,5844875738534.8125,57963521033840.85,0.03568957983395485,5636274579244.828,0.03701046788209445,0.035689579833925504,0,0,2604,1.794057709074552,1.7840356463956843,2.0273978492469493,2.146491059490888,3.021967448381353,1.3356779723923653,1.423867213822237,1.4650907903594166,1.738380697195339,1.7513627506246139,1.751841376335426,4.016637549239182,4.007213076857858,4.046947264701445,1.009915666345036,1.0023518770278905,1.5715738347064603,2.555805817414498,4.0186049700238025,4.027576936538649,4.035275414903927,4.023028824181041,4.031124983590341,1.0025519891487702,0.9930267722101018,0.9216607572467161,0.990499029435116,1.004175199981546,1.7554817404453111,1.7559614918249373,4.476143106449445
SCA3-1,moderate,SAA,search_unique_customer_set_A_only,search_unique_customer_set_A_only,349,231966813904984.9,17463157202286.488,0.07528299806471243,0.8939364692550386,214503656702698.4,nan,nan,0.0,24.68698676189473,nan,24.68698676189473,nan,nan,nan,nan,nan,nan,0,nan,nan,nan,nan,nan,nan,nan,nan,nan,nan,nan,nan,0,0,0,nan,nan,nan,nan,nan,nan,nan,nan,nan,nan,nan,4.016637549239182,4.007213076857858,4.046947264701445,1.009915666345036,1.0023518770278905,1.5715738347064603,2.555805817414498,4.0186049700238025,4.027576936538649,4.035275414903927,4.023028824181041,4.031124983590341,1.0025519891487702,0.9930267722101018,0.9216607572467161,0.990499029435116,1.004175199981546,nan,nan,nan
SCA3-2,moderate,-,train_random_unique,train_random_unique,200,489021213423647.8,1363813136557.548,0.002788862935023746,0.9909292257326583,487657400287090.25,218886032255529.28,0.44885206730517824,23.599068106708742,0.0,0.0,23.599068106708742,379500057498968.75,31103051019728.816,171840854123.12415,0.081957961283875,348397006479239.94,0.918042038716125,1,416711794813719.0,37211737314750.25,37211737314750.25,1.0,1.0,0.0,0.0,nan,nan,0.0,nan,nan,0,0,200,2.277576914499964,2.3079630323211955,2.840645263267229,2.9854644806426327,3.6275585622846234,1.5191979663761583,1.6854198175698742,1.727849669488549,1.9046150693209962,1.9046150693209962,1.9046150693209962,4.0175379073040585,4.007213076857858,4.046947264701445,1.009915666345036,1.0025765613777384,1.5715738347064603,2.556378719587462,4.0186049700238025,4.027576936538649,4.035275414903927,4.023028824181041,4.031124983590341,1.0025519891487702,0.9930267722101018,0.9216607572467161,0.990499029435116,1.004175199981546,1.9095224269480673,1.9095224269480673,4.868917432217794
SCA3-2,moderate,SAA,search_call_weighted,search_call_weighted,2687,2113911738015280.2,133521740067400.56,0.06316334673119423,0.8939177643850837,1980389997947879.8,865448616932086.2,0.4370091839632,21.36291831314017,4.138452576918242,4.138452576918016,23.636550221630383,1670895211445527.8,152375442726453.34,376515787927.5844,0.09119389515434068,1518519768719074.5,0.9088061048456594,1,2034258491899312.0,363363280453784.25,371708666432277.25,1.0229670592143238,1.0239433887614773,8345385978493.0,8700148285550.614,68494557803360.33,0.040776581664426124,8345385978492.243,0.04250999390224451,0.04077658166433908,0,0,2687,1.9053546367005352,1.918028332428887,2.0992803518255876,2.165494944403073,2.7048601610793113,1.3849289990569504,1.4488893511229683,1.4715620709607382,1.6446459075069355,1.663425034248699,1.6642186393204066,4.0175379073040585,4.007213076857858,4.046947264701445,1.009915666345036,1.0025765613777384,1.5715738347064603,2.556378719587462,4.0186049700238025,4.027576936538649,4.035275414903927,4.023028824181041,4.031124983590341,1.0025519891487702,0.9930267722101018,0.9216607572467161,0.990499029435116,1.004175199981546,1.6677109509467074,1.668506600790592,4.252344359182419
SCA3-2,moderate,SAA,search_unique_ordered_route,search_unique_ordered_route,2460,1905310274047708.8,120153965962376.64,0.06306267677186105,0.8942524859805403,1785156308085332.0,782565394189399.0,0.4383735982361897,21.38898008385924,4.020801280999689,4.020801280999699,23.625725450553,1502014795141759.0,137458294485698.19,337674618930.9106,0.09151593907750089,1364556500656060.8,0.9084840609224991,1,1828435494651816.2,326420699510057.25,333508911263735.75,1.0217149579187765,1.022618603445494,7088211753678.5,7383180358618.779,60331821286733.27,0.03995142887101765,7088211753679.527,0.04161396628524851,0.03995142887115669,0,0,2460,1.9046107044126321,1.9149674082204682,2.0985185017929946,2.1659553590106153,2.7048601610793113,1.3838234743693836,1.4486264189865639,1.4717185025216926,1.6446459075069355,1.6624067148725439,1.6631417018517332,4.0175379073040585,4.007213076857858,4.046947264701445,1.009915666345036,1.0025765613777384,1.5715738347064603,2.556378719587462,4.0186049700238025,4.027576936538649,4.035275414903927,4.023028824181041,4.031124983590341,1.0025519891487702,0.9930267722101018,0.9216607572467161,0.990499029435116,1.004175199981546,1.6666900078081774,1.6674268885264305,4.2497411491994725
SCA3-2,moderate,SAA,search_unique_customer_set_A_only,search_unique_customer_set_A_only,316,225426150502593.28,13862878032507.11,0.06149631709364452,0.9007799385793744,211563272470086.2,nan,nan,0.0,23.768877115980885,nan,23.768877115980885,nan,nan,nan,nan,nan,nan,0,nan,nan,nan,nan,nan,nan,nan,nan,nan,nan,nan,nan,0,0,0,nan,nan,nan,nan,nan,nan,nan,nan,nan,nan,nan,4.0175379073040585,4.007213076857858,4.046947264701445,1.009915666345036,1.0025765613777384,1.5715738347064603,2.556378719587462,4.0186049700238025,4.027576936538649,4.035275414903927,4.023028824181041,4.031124983590341,1.0025519891487702,0.9930267722101018,0.9216607572467161,0.990499029435116,1.004175199981546,nan,nan,nan
SCA3-3,moderate,-,train_random_unique,train_random_unique,200,500914064241368.56,1728569135780.875,0.003450829711477123,0.9907972844872016,499185495105587.7,218345484211362.53,0.43740350301079584,23.2141829501427,0.0,0.0,23.214182950142717,397110630820906.06,30753531782572.61,92208178599.13454,0.07744323469507475,366357099038333.44,0.9225567653049253,1,433682602641879.2,36571971820973.125,36571971820973.125,1.0,1.0,0.0,0.0,nan,nan,0.0,nan,nan,0,0,200,2.2369636741523173,2.2610679684234363,2.819990771420669,3.0168993341609442,3.4946960475339304,1.503684692541654,1.679282693639969,1.736922280740283,1.8694106150158478,1.8694106150158478,1.8694106150158478,4.0179706639978345,4.007213076857858,4.046947264701445,1.009915666345036,1.0026845558081507,1.5715738347064603,2.556654084755944,4.0186049700238025,4.027576936538649,4.035275414903927,4.023028824181041,4.031124983590341,1.0025519891487702,0.9930267722101018,0.9216607572467161,0.990499029435116,1.004175199981546,1.8744291521402072,1.8744291521402072,4.779436284966389
SCA3-3,moderate,SAA,search_call_weighted,search_call_weighted,2717,2553886798970209.0,165176458485431.62,0.06467649958174924,0.9091218836633568,2388710340484777.5,1124139621222204.5,0.4706052475973565,24.123805580296185,4.66466063423104,4.664660634230624,24.209208554059902,2068112895055422.8,170157862463224.25,322184546453.5623,0.08227687321618109,1897955032592198.5,0.917723126783819,1,2456051168916361.5,387938273860938.75,401255133159936.0,1.0343272633722416,1.0352516177215294,13316859298997.25,13675451729695.81,54542996532662.586,0.02622161503610925,13316859298994.834,0.026927702895048408,0.026221615035932483,0,0,2717,1.9715982647820272,1.953506730129369,2.35298733330969,2.421083237266584,3.0554379562845093,1.39767905118785,1.5339450229097813,1.5559830389697902,1.7479811086749506,1.7777296700363168,1.7785238505826404,4.0179706639978345,4.007213076857858,4.046947264701445,1.009915666345036,1.0026845558081507,1.5715738347064603,2.556654084755944,4.0186049700238025,4.027576936538649,4.035275414903927,4.023028824181041,4.031124983590341,1.0025519891487702,0.9930267722101018,0.9216607572467161,0.990499029435116,1.004175199981546,1.7825020845473347,1.7832983971156566,4.545039822490186
SCA3-3,moderate,SAA,search_unique_ordered_route,search_unique_ordered_route,2539,2367919415319189.5,152937495897917.44,0.06458728912330906,0.9097404343264596,2214981919421272.0,1042840719757728.8,0.47081229449954204,24.17971111721964,4.629911807814208,4.629911807814159,24.190577789068218,1919484003430691.2,158308300996294.9,307675890086.1254,0.08247440495120079,1761175702434396.2,0.9175255950487992,1,2278947498006007.5,359463494575316.25,371652986206652.5,1.0339102351568061,1.0347868229157007,12189491631336.25,12504592930450.484,48668702706564.05,0.025198845005790498,12189491631335.56,0.02585024122779532,0.02519884500573524,0,0,2539,1.9669659467632434,1.9516087173313492,2.3554481221566093,2.4259195116061214,3.0554379562845093,1.3969998988301142,1.5347469217129899,1.5575363595854756,1.7479811086749506,1.7773712543779783,1.7781245556483631,4.0179706639978345,4.007213076857858,4.046947264701445,1.009915666345036,1.0026845558081507,1.5715738347064603,2.556654084755944,4.0186049700238025,4.027576936538649,4.035275414903927,4.023028824181041,4.031124983590341,1.0025519891487702,0.9930267722101018,0.9216607572467161,0.990499029435116,1.004175199981546,1.782142706702159,1.7828980302518445,4.544123477633255
SCA3-3,moderate,SAA,search_unique_customer_set_A_only,search_unique_customer_set_A_only,334,249111265709779.38,13967671597548.582,0.05607001175860612,0.912760783376378,235143594112230.78,nan,nan,0.0,23.775803852660577,nan,23.775803852660577,nan,nan,nan,nan,nan,nan,0,nan,nan,nan,nan,nan,nan,nan,nan,nan,nan,nan,nan,0,0,0,nan,nan,nan,nan,nan,nan,nan,nan,nan,nan,nan,4.0179706639978345,4.007213076857858,4.046947264701445,1.009915666345036,1.0026845558081507,1.5715738347064603,2.556654084755944,4.0186049700238025,4.027576936538649,4.035275414903927,4.023028824181041,4.031124983590341,1.0025519891487702,0.9930267722101018,0.9216607572467161,0.990499029435116,1.004175199981546,nan,nan,nan
SCA3-4,moderate,-,train_random_unique,train_random_unique,200,645395012950331.4,2064265702693.563,0.003198453135324158,0.990983658595593,643330747247637.8,274597696489040.62,0.4268375134623241,23.10923919035628,0.0,0.0,23.10923919035628,525056273507480.3,38998661924585.53,151509104458.74414,0.07427520418728971,486057611582894.75,0.9257247958127103,1,572460477122185.6,47404203614705.31,47404203614705.31,1.0,1.0,0.0,0.0,nan,nan,0.0,nan,nan,0,0,200,2.241697570537553,2.2533186960499405,2.81633625047172,2.9952915616552604,3.4434082108573336,1.5011056322813263,1.678193125966293,1.7306910097201895,1.8556422637074566,1.8556422637074566,1.8556422637074566,4.018101224511418,4.007213076857858,4.046947264701445,1.009915666345036,1.0027171371835555,1.5715738347064603,2.5567371610395395,4.0186049700238025,4.027576936538649,4.035275414903927,4.023028824181041,4.031124983590341,1.0025519891487702,0.9930267722101018,0.9216607572467161,0.990499029435116,1.004175199981546,1.8606842983015532,1.8606842983015532,4.744389533216387
SCA3-4,moderate,SAA,search_call_weighted,search_call_weighted,2624,3511762456456519.0,221528883775282.03,0.0630819671097036,0.9227042119510008,3290233572681237.0,1565069169819028.0,0.4756711446912995,21.946070295463034,4.638191710568733,4.638191710568427,22.89476467625335,2597253609946119.5,241419798454533.22,1587318480283.6873,0.09295195414495604,2355833811491586.5,0.9070480458550441,1,3069491354902120.5,472237744956001.0,488868000981881.0,1.0352158551566637,1.0359411036917372,16630256025880.0,16972745758615.746,53964763301805.54,0.020178805339396318,16630256025877.574,0.02059437522806406,0.02017880533925341,0,0,2624,2.0079940611828246,2.007861251049801,2.274675785042778,2.3347304518588206,2.8345846182283774,1.416990208494923,1.5082028317061604,1.5279824742092136,1.6836224690316939,1.7130110739785702,1.7136110170966825,4.018101224511418,4.007213076857858,4.046947264701445,1.009915666345036,1.0027171371835555,1.5715738347064603,2.5567371610395395,4.0186049700238025,4.027576936538649,4.035275414903927,4.023028824181041,4.031124983590341,1.0025519891487702,0.9930267722101018,0.9216607572467161,0.990499029435116,1.004175199981546,1.7176655600635198,1.7182671333093862,4.3797190701132624
SCA3-4,moderate,SAA,search_unique_ordered_route,search_unique_ordered_route,2457,3261935150011811.5,204805216236294.12,0.06278641567584584,0.9233002018677631,3057129933775517.5,1454127066433768.2,0.47565105112753236,21.920681358254672,4.689857213328624,4.6898572133292875,22.8784983670028,2409985350206238.0,224030240816334.53,1477439743767.5764,0.09295917122366026,2185955109389903.5,0.9070408287763397,1,2847357945113122.0,437372594906884.0,453144687612083.0,1.0360609989945915,1.0368129267433541,15772092705199.0,16100965295857.83,50672765711592.66,0.020425644339436205,15772092705203.033,0.020851550698178616,0.020425644339686674,0,0,2457,2.0032464878410243,1.9967281602634872,2.2735883574470965,2.3351108706238586,2.8345846182283774,1.413056318857634,1.507842280926098,1.5281069539918777,1.6836224690316939,1.713710177158435,1.7143319323068849,4.018101224511418,4.007213076857858,4.046947264701445,1.009915666345036,1.0027171371835555,1.5715738347064603,2.5567371610395395,4.0186049700238025,4.027576936538649,4.035275414903927,4.023028824181041,4.031124983590341,1.0025519891487702,0.9930267722101018,0.9216607572467161,0.990499029435116,1.004175199981546,1.7183665628026297,1.7189900073451123,4.3815064931926235
SCA3-4,moderate,SAA,search_unique_customer_set_A_only,search_unique_customer_set_A_only,299,335142289755908.75,17367397290588.148,0.05182096626253044,0.9285008352702451,317774892465320.6,nan,nan,0.0,22.871374121605268,nan,22.871374121605268,nan,nan,nan,nan,nan,nan,0,nan,nan,nan,nan,nan,nan,nan,nan,nan,nan,nan,nan,0,0,0,nan,nan,nan,nan,nan,nan,nan,nan,nan,nan,nan,4.018101224511418,4.007213076857858,4.046947264701445,1.009915666345036,1.0027171371835555,1.5715738347064603,2.5567371610395395,4.0186049700238025,4.027576936538649,4.035275414903927,4.023028824181041,4.031124983590341,1.0025519891487702,0.9930267722101018,0.9216607572467161,0.990499029435116,1.004175199981546,nan,nan,nan
SCA3-5,moderate,-,train_random_unique,train_random_unique,200,454093713217411.06,1338067197514.4766,0.0029466763325874026,0.990811034755174,452755646019896.56,204806417496092.53,0.45235530312324856,23.430773405927827,0.0,1.909095910416423e-06,23.430773405927827,347564284475876.94,28527690394222.72,151287035013.68396,0.08207888919669107,319036594081654.25,0.9179211108033091,1,382069979530635.44,34505695054758.5,34505695054758.5,1.0,1.000000000000011,0.0,0.38570590881288697,nan,nan,0.0,nan,nan,0,0,200,2.2656119823342573,2.276202391727737,2.8010341635232208,2.873809642947705,3.7264694909818656,1.50870884684026,1.6736284817550484,1.695231405123849,1.9304065610595778,1.9304065610595778,1.9304065610595886,4.0180872999386334,4.007213076857858,4.046947264701445,1.009915666345036,1.002713662306498,1.5715738347064603,2.556728300766814,4.0186049700238025,4.027576936538649,4.035275414903927,4.023028824181041,4.031124983590341,1.0025519891487702,0.9930267722101018,0.9216607572467161,0.990499029435116,1.004175199981546,1.9356450325805417,1.9356450325805525,4.935525086646963
SCA3-5,moderate,SAA,search_call_weighted,search_call_weighted,3059,2853521116282862.0,253289564881663.2,0.08876386561022219,0.8896651495116479,2600231551401199.0,1177780858140130.5,0.4529522986156576,19.832074940383258,6.200337542320655,6.2003375423205735,21.11587270538883,2151955072328107.0,202884451356557.7,604504031965.5176,0.0942791296925478,1949070620971549.2,0.9057208703074522,1,2656396377080517.0,504441304752410.0,528389720827793.0,1.0474751291176232,1.0497496438986378,23948416075383.0,25095775279196.645,98962568196384.31,0.04571921732045646,23948416075381.715,0.047909607057188025,0.04571921732040523,0,0,3059,2.035595315727404,2.019802072514583,2.3701018226406085,2.48249942198448,3.1019056506026925,1.4211974080030483,1.5395135019351434,1.575594941701077,1.7612227714297508,1.8025451511337354,1.8045011366378656,4.0180872999386334,4.007213076857858,4.046947264701445,1.009915666345036,1.002713662306498,1.5715738347064603,2.556728300766814,4.0186049700238025,4.027576936538649,4.035275414903927,4.023028824181041,4.031124983590341,1.0025519891487702,0.9930267722101018,0.9216607572467161,0.990499029435116,1.004175199981546,1.8074366499661279,1.8093979433543927,4.6086182013136145
SCA3-5,moderate,SAA,search_unique_ordered_route,search_unique_ordered_route,2688,2552639656887602.5,227368391398542.47,0.08907187145864902,0.8899468047006072,2325271265489060.0,1054355684276768.9,0.4534334122324488,19.874884055007914,6.085087850534921,6.085087850534915,21.027668273605254,1925800112363087.0,181496618657129.56,547529241337.479,0.09424478557871768,1744303493705957.5,0.9057552144212824,1,2376647408413157.0,450847296050070.0,471522010747806.25,1.0458574663281115,1.0479858510611333,20674714697736.25,21634291199573.375,85940996576348.11,0.04435442293839036,20674714697735.203,0.046413046848099555,0.044354422938341874,0,0,2688,2.0225468726584626,2.0121812426594947,2.359777767799711,2.466790726485193,3.1019056506026925,1.418513744235936,1.536156814861132,1.5706020030810839,1.7612227714297508,1.8011527377011047,1.80298453491931,4.0180872999386334,4.007213076857858,4.046947264701445,1.009915666345036,1.002713662306498,1.5715738347064603,2.556728300766814,4.0186049700238025,4.027576936538649,4.035275414903927,4.023028824181041,4.031124983590341,1.0025519891487702,0.9930267722101018,0.9216607572467161,0.990499029435116,1.004175199981546,1.80604045799365,1.8078772260909195,4.6050581784840405
SCA3-5,moderate,SAA,search_unique_customer_set_A_only,search_unique_customer_set_A_only,384,289126442085624.5,20857868024023.2,0.07214099088815323,0.9026335316568833,268268574061601.3,nan,nan,0.0,21.177945404712368,nan,21.177945404712368,nan,nan,nan,nan,nan,nan,0,nan,nan,nan,nan,nan,nan,nan,nan,nan,nan,nan,nan,0,0,0,nan,nan,nan,nan,nan,nan,nan,nan,nan,nan,nan,4.0180872999386334,4.007213076857858,4.046947264701445,1.009915666345036,1.002713662306498,1.5715738347064603,2.556728300766814,4.0186049700238025,4.027576936538649,4.035275414903927,4.023028824181041,4.031124983590341,1.0025519891487702,0.9930267722101018,0.9216607572467161,0.990499029435116,1.004175199981546,nan,nan,nan
SCA3-6,moderate,-,train_random_unique,train_random_unique,200,425455189174803.4,1716123281886.9688,0.004033616995518367,0.9878435155171068,423739065892916.4,203091146728482.47,0.4792835097715675,23.813158951680805,8.537736462515939e-07,0.0,23.813158951680805,307039091033989.75,26703906903413.047,258922283060.8761,0.08697233571622605,280335184130576.7,0.9130276642837739,1,339732374402246.25,32693283368256.5,32693283368256.5,1.0,1.0,0.0,0.0,nan,nan,0.0,nan,nan,0,0,200,2.254542511944525,2.291110047231948,2.8743767022763884,3.002636754163665,3.443379566005033,1.5136403851075575,1.6953985788806205,1.7328115693319217,1.8556345453792977,1.8556345453792977,1.8556345453792977,4.015829033305904,4.007213076857858,4.046947264701445,1.009915666345036,1.002150111881448,1.5715738347064603,2.5552913548321983,4.0186049700238025,4.027576936538649,4.035275414903927,4.023028824181041,4.031124983590341,1.0025519891487702,0.9930267722101018,0.9216607572467161,0.990499029435116,1.004175199981546,1.8596243672629431,1.8596243672629431,4.741686911535696
SCA3-6,moderate,SAA,search_call_weighted,search_call_weighted,2775,2411404961606868.5,151567746709203.25,0.06285453879476315,0.9179946057765438,2259837214897665.0,1025167833745907.2,0.45364676136299986,20.700240175103875,4.700169723541331,4.7001697235412045,23.716471591290386,1788396119430022.5,199219550833040.4,1822408351115.3108,0.11139565148270028,1589176568596982.0,0.8886043485172996,1,2165860574213351.8,377464454783329.25,388893044587592.75,1.0302772609697082,1.031779882211842,11428589804263.5,11995775912171.357,86295459289982.31,0.047282152656244976,11428589804261.965,0.049628704645280505,0.04728215265611701,0,0,2775,1.8577427950679788,1.8598046383237885,2.1488409300899995,2.1928210947821913,2.668098591601874,1.3637465447522823,1.465892536987882,1.4808176994138191,1.6334315386944975,1.6579750628259504,1.6591836699330678,4.015829033305904,4.007213076857858,4.046947264701445,1.009915666345036,1.002150111881448,1.5715738347064603,2.5552913548321983,4.0186049700238025,4.027576936538649,4.035275414903927,4.023028824181041,4.031124983590341,1.0025519891487702,0.9930267722101018,0.9216607572467161,0.990499029435116,1.004175199981546,1.661539894707677,1.6627511004552953,4.236609344566522
SCA3-6,moderate,SAA,search_unique_ordered_route,search_unique_ordered_route,2555,2236460037265336.5,139891499033058.39,0.0625504130197259,0.9186036081703327,2096568538232278.0,951187771268454.5,0.4536878971151826,20.673691304657744,4.710990353558866,4.710990353558693,23.736961098142878,1657332236865346.5,183779672269559.22,1641664908171.5322,0.11088885389519566,1473552564595787.2,0.8891111461048044,1,2005428035932729.8,348095799067383.25,358723113393101.75,1.0305298551553657,1.0320834198600801,10627314325718.5,11168103673008.918,81814615477194.7,0.04842266539831264,10627314325717.14,0.05088673682886065,0.04842266539819093,0,0,2555,1.8564980191920362,1.8615523208883262,2.150352375234336,2.1945291745541855,2.668098591601874,1.3643871594559684,1.466407982694178,1.4813943325674723,1.6334315386944975,1.6581782941359817,1.6594277082609912,4.015829033305904,4.007213076857858,4.046947264701445,1.009915666345036,1.002150111881448,1.5715738347064603,2.5552913548321983,4.0186049700238025,4.027576936538649,4.035275414903927,4.023028824181041,4.031124983590341,1.0025519891487702,0.9930267722101018,0.9216607572467161,0.990499029435116,1.004175199981546,1.6617435629877626,1.662995663492927,4.237128659776076
SCA3-6,moderate,SAA,search_unique_customer_set_A_only,search_unique_customer_set_A_only,357,260741744009503.78,15749676281808.18,0.06040335559477626,0.9218366150478706,244992067727695.6,nan,nan,0.0,24.65632849065141,nan,24.65632849065141,nan,nan,nan,nan,nan,nan,0,nan,nan,nan,nan,nan,nan,nan,nan,nan,nan,nan,nan,0,0,0,nan,nan,nan,nan,nan,nan,nan,nan,nan,nan,nan,4.015829033305904,4.007213076857858,4.046947264701445,1.009915666345036,1.002150111881448,1.5715738347064603,2.5552913548321983,4.0186049700238025,4.027576936538649,4.035275414903927,4.023028824181041,4.031124983590341,1.0025519891487702,0.9930267722101018,0.9216607572467161,0.990499029435116,1.004175199981546,nan,nan,nan
SCA3-7,moderate,-,train_random_unique,train_random_unique,200,486575969461895.3,1685427968928.8232,0.0034638536933764715,0.9900385484975532,484890541492966.5,212553641423258.88,0.43835386181964126,24.33744433379001,0.0,0.0,24.337444333789996,399690485497596.3,30454011704228.246,192068156521.18845,0.07619398712059508,369236473793368.06,0.9238060128794049,1,436911327960864.94,37220842463268.625,37220842463268.625,1.0,1.0,0.0,0.0,nan,nan,0.0,nan,nan,0,0,200,2.2199852425954423,2.245964086119791,2.773932504268485,2.922198799570566,3.5115652549540277,1.498653974037339,1.66551268409879,1.7094371551317016,1.8739170886018484,1.8739170886018484,1.8739170886018484,4.017573248775494,4.007213076857858,4.046947264701445,1.009915666345036,1.0025853808417295,1.5715738347064603,2.5564012075359472,4.0186049700238025,4.027576936538649,4.035275414903927,4.023028824181041,4.031124983590341,1.0025519891487702,0.9930267722101018,0.9216607572467161,0.990499029435116,1.004175199981546,1.8787618779417092,1.8787618779417092,4.790483908124012
SCA3-7,moderate,SAA,search_call_weighted,search_call_weighted,3199,2752989905884932.0,219664546083400.0,0.0797912646224506,0.8915658163713841,2533325359801532.0,1091703328830411.9,0.43093688088921156,21.634877908731916,4.427548853602156,4.427548853602118,22.716402500648762,2312931719486956.5,173274002955419.38,922974719032.9674,0.0749153126724615,2139657716531537.0,0.9250846873275385,1,2722583330299735.5,409651610812779.0,423069795901304.5,1.0327551136974729,1.0336350155727154,13418185088525.5,13778638309075.791,61405801780645.24,0.026160293380587306,13418185088525.37,0.026863038344770707,0.026160293380577793,0,0,3199,2.0594820130889646,2.1011753216567564,2.4930284679654764,2.5576075016136715,3.017605181444338,1.4495431423923733,1.5789326989466772,1.5992521694884991,1.7371255514338444,1.765346193316379,1.766098065995919,4.017573248775494,4.007213076857858,4.046947264701445,1.009915666345036,1.0025853808417295,1.5715738347064603,2.5564012075359472,4.0186049700238025,4.027576936538649,4.035275414903927,4.023028824181041,4.031124983590341,1.0025519891487702,0.9930267722101018,0.9216607572467161,0.990499029435116,1.004175199981546,1.7699102855435993,1.7706641021003604,4.512933140312979
SCA3-7,moderate,SAA,search_unique_ordered_route,search_unique_ordered_route,2823,2458447266676648.5,194869102474273.94,0.07926511384468285,0.892695091154518,2263578164202374.5,971086940230790.0,0.429005260603835,21.600078732120526,4.5186788004143015,4.518678800414548,22.685909295535648,2071514044225530.5,154094774545551.72,753128684181.1843,0.07438751138332861,1917419269679978.8,0.9256124886166713,1,2435303664862008.0,363789620636477.5,376305522449670.75,1.0344042300912701,1.0353310656035544,12515901813193.25,12853074952599.555,55075145899845.01,0.026232877396888028,12515901813194.998,0.026939580098885408,0.02623287739702404,0,0,2823,2.0442047350091066,2.087737846749409,2.4863730624342786,2.5376325097238697,3.017605181444338,1.4449006355972749,1.576823720220401,1.5929948212630305,1.7371255514338444,1.7667550946385744,1.7675464316604452,4.017573248775494,4.007213076857858,4.046947264701445,1.009915666345036,1.0025853808417295,1.5715738347064603,2.5564012075359472,4.0186049700238025,4.027576936538649,4.035275414903927,4.023028824181041,4.031124983590341,1.0025519891487702,0.9930267722101018,0.9216607572467161,0.990499029435116,1.004175199981546,1.771322829412281,1.7721162123417276,4.516534857354339
SCA3-7,moderate,SAA,search_unique_customer_set_A_only,search_unique_customer_set_A_only,465,382490506686304.4,26309025450174.93,0.06878347302813453,0.9027558898637202,356181481236129.44,nan,nan,0.0,23.21436481302428,nan,23.21436481302428,nan,nan,nan,nan,nan,nan,0,nan,nan,nan,nan,nan,nan,nan,nan,nan,nan,nan,nan,0,0,0,nan,nan,nan,nan,nan,nan,nan,nan,nan,nan,nan,4.017573248775494,4.007213076857858,4.046947264701445,1.009915666345036,1.0025853808417295,1.5715738347064603,2.5564012075359472,4.0186049700238025,4.027576936538649,4.035275414903927,4.023028824181041,4.031124983590341,1.0025519891487702,0.9930267722101018,0.9216607572467161,0.990499029435116,1.004175199981546,nan,nan,nan
SCA3-8,moderate,-,train_random_unique,train_random_unique,200,476261500525059.2,1705668272279.119,0.0035813692066200774,0.9910478757427549,474555832252780.06,220737038088367.84,0.4651445058434949,22.05274765942639,0.0,0.0,22.052747659426412,340370544169420.56,27214337465112.297,142992276629.41858,0.07995503116029415,313156206704308.25,0.9200449688397058,1,372946343153267.25,32575798983846.688,32575798983846.688,1.0,1.0,0.0,0.0,nan,nan,0.0,nan,nan,0,0,200,2.2445733122375624,2.274239262546548,2.797559926416708,2.9353468072373747,3.649907050781383,1.5080577736094813,1.6725907785103251,1.7132850416963665,1.9104729913771048,1.9104729913771048,1.9104729913771048,4.0170180819192325,4.007213076857858,4.046947264701445,1.009915666345036,1.0024468389559815,1.5715738347064603,2.5560479521915265,4.0186049700238025,4.027576936538649,4.035275414903927,4.023028824181041,4.031124983590341,1.0025519891487702,0.9930267722101018,0.9216607572467161,0.990499029435116,1.004175199981546,1.915147611116757,1.915147611116757,4.883260577326668
SCA3-8,moderate,SAA,search_call_weighted,search_call_weighted,2787,2469171182930446.5,195029003690068.8,0.07898561470274641,0.8912266694742464,2274142179240377.5,1106693761250384.5,0.4866422914771533,21.904996203839527,4.616086889325154,4.616086889324832,22.31694727589806,1819219478917864.0,158598342544089.6,1286859711321.7651,0.08717933398472047,1660621136373774.5,0.9128206660152796,1,2235624740246184.8,416405261328320.75,427961879528081.25,1.0277532953423671,1.0282764188870324,11556618199760.5,11774449596083.799,34919242918372.695,0.018500346410930332,11556618199758.209,0.018849060560624315,0.018500346410735828,0,0,2787,1.791787633309527,1.771038493275625,2.072214277832458,2.151457050560789,2.730385284977705,1.3308037020070334,1.4395187650966537,1.4667845953434975,1.6523877526106592,1.6751604323736113,1.6755867041185077,4.0170180819192325,4.007213076857858,4.046947264701445,1.009915666345036,1.0024468389559815,1.5715738347064603,2.5560479521915265,4.0186049700238025,4.027576936538649,4.035275414903927,4.023028824181041,4.031124983590341,1.0025519891487702,0.9930267722101018,0.9216607572467161,0.990499029435116,1.004175199981546,1.679259280177062,1.6796865949402695,4.281790392760842
SCA3-8,moderate,SAA,search_unique_ordered_route,search_unique_ordered_route,2628,2334164134989948.0,184988591922272.22,0.07925260659660888,0.891527140700464,2149175543067675.8,1047460943424627.5,0.48737803052118756,21.928426514846404,4.626648431754631,4.626648431754499,22.321875963112497,1716851196754973.5,152061967627293.56,1218883997052.947,0.08857026626111011,1564789229127680.0,0.9114297337388899,1,2111433969218518.5,394582772463545.0,405553825671947.5,1.027804187040163,1.0282897866874654,10971053208402.5,11162662463542.371,30668043694888.918,0.017165192960545105,10971053208402.232,0.017464982759642582,0.01716519296052114,0,0,2628,1.792804367868798,1.7706554657558624,2.0803845942950003,2.155659322462025,2.730385284977705,1.3306597857503926,1.4423538337048742,1.468216373489423,1.6523877526106592,1.6752019066766053,1.675597595565331,4.0170180819192325,4.007213076857858,4.046947264701445,1.009915666345036,1.0024468389559815,1.5715738347064603,2.5560479521915265,4.0186049700238025,4.027576936538649,4.035275414903927,4.023028824181041,4.031124983590341,1.0025519891487702,0.9930267722101018,0.9216607572467161,0.990499029435116,1.004175199981546,1.679300855960996,1.6796975130367093,4.281896403068077
SCA3-8,moderate,SAA,search_unique_customer_set_A_only,search_unique_customer_set_A_only,339,257804543848175.34,18829303604164.984,0.07303712852809073,0.8977576316925323,238975240244010.38,nan,nan,0.0,22.06382436189359,nan,22.06382436189359,nan,nan,nan,nan,nan,nan,0,nan,nan,nan,nan,nan,nan,nan,nan,nan,nan,nan,nan,0,0,0,nan,nan,nan,nan,nan,nan,nan,nan,nan,nan,nan,4.0170180819192325,4.007213076857858,4.046947264701445,1.009915666345036,1.0024468389559815,1.5715738347064603,2.5560479521915265,4.0186049700238025,4.027576936538649,4.035275414903927,4.023028824181041,4.031124983590341,1.0025519891487702,0.9930267722101018,0.9216607572467161,0.990499029435116,1.004175199981546,nan,nan,nan
SCA3-9,moderate,-,train_random_unique,train_random_unique,200,384602886854698.94,1331553016628.3945,0.003462150342962581,0.9907109868352757,383271333838070.56,168935112084309.12,0.44077158182584825,22.52424331099486,0.0,0.0,22.52424331099486,296272620923868.75,22769677095341.746,131730774902.8856,0.07685380115225943,273502943828527.0,0.9231461988477405,1,323941161342358.44,27668540418489.688,27668540418489.688,1.0,1.0,0.0,0.0,nan,nan,0.0,nan,nan,0,0,200,2.198795603584499,2.2266840228833487,2.781331265511511,2.8944144818094713,3.204227614786417,1.492206731592503,1.6677292393265162,1.7012976637690866,1.7900356462334532,1.7900356462334532,1.7900356462334532,4.01784670660566,4.007213076857858,4.046947264701445,1.009915666345036,1.0026536222416553,1.5715738347064603,2.5565752100703025,4.0186049700238025,4.027576936538649,4.035275414903927,4.023028824181041,4.031124983590341,1.0025519891487702,0.9930267722101018,0.9216607572467161,0.990499029435116,1.004175199981546,1.7947857246376542,1.7947857246376542,4.57636075830262
SCA3-9,moderate,SAA,search_call_weighted,search_call_weighted,2670,1762505489595727.8,123217160885386.36,0.06991022814553,0.8926341778518199,1639288328710341.5,786996110143034.6,0.48008400740715274,24.690269469902756,4.551518004206314,4.551518004206251,23.132884258028657,1423672016890694.2,123740283887460.73,636664230014.2324,0.08691628578730518,1299931733003233.5,0.9130837142126949,1,1723765801358968.2,300093784468274.0,308866125432450.0,1.0292319981892308,1.0298615410333645,8772340964176.0,8961262858757.012,30637183031710.492,0.02108206148610689,8772340964175.529,0.021536086587664625,0.021082061486054487,0,0,2670,1.8605434504250014,1.8453828916716941,2.2612967462430302,2.317542147104246,2.6035035813558016,1.3584487070868652,1.5037608673697067,1.5223475751912976,1.6135375983706737,1.6369511884389376,1.6374517429167093,4.01784670660566,4.007213076857858,4.046947264701445,1.009915666345036,1.0026536222416553,1.5715738347064603,2.5565752100703025,4.0186049700238025,4.027576936538649,4.035275414903927,4.023028824181041,4.031124983590341,1.0025519891487702,0.9930267722101018,0.9216607572467161,0.990499029435116,1.004175199981546,1.6412950385210834,1.6417969212813504,4.184988828458108
SCA3-9,moderate,SAA,search_unique_ordered_route,search_unique_ordered_route,2523,1655813259840386.8,114459986220430.97,0.0691261442316656,0.8940737360900987,1541353273619955.8,740656339757741.6,0.48052341564647805,24.641808699238286,4.525286988264588,4.525286988264208,23.117362561340347,1331290984598800.0,116777476815972.4,605980663854.4319,0.08771746985965255,1214513507782827.5,0.9122825301403473,1,1611287212547523.5,279996227948723.5,288114346416588.5,1.0289936708338503,1.029584677311928,8118118467865.0,8283598052419.992,27188777201469.52,0.01997677621601473,8118118467863.383,0.020383982472050817,0.01997677621581947,0,0,2523,1.866284513746101,1.8555848403028643,2.266000897170092,2.3236348733142345,2.6035035813558016,1.3621985318971916,1.5053241810213884,1.5243473522030224,1.6135375983706737,1.6367616525347795,1.63723162524142,4.01784670660566,4.007213076857858,4.046947264701445,1.009915666345036,1.0026536222416553,1.5715738347064603,2.5565752100703025,4.0186049700238025,4.027576936538649,4.035275414903927,4.023028824181041,4.031124983590341,1.0025519891487702,0.9930267722101018,0.9216607572467161,0.990499029435116,1.004175199981546,1.6411049996602343,1.6415762194969021,4.18450426566412
SCA3-9,moderate,SAA,search_unique_customer_set_A_only,search_unique_customer_set_A_only,301,177017178487864.1,10837107264554.93,0.061220653029998996,0.903388682001227,166180071223309.16,nan,nan,0.0,22.952038987008493,nan,22.952038987008493,nan,nan,nan,nan,nan,nan,0,nan,nan,nan,nan,nan,nan,nan,nan,nan,nan,nan,nan,0,0,0,nan,nan,nan,nan,nan,nan,nan,nan,nan,nan,nan,4.01784670660566,4.007213076857858,4.046947264701445,1.009915666345036,1.0026536222416553,1.5715738347064603,2.5565752100703025,4.0186049700238025,4.027576936538649,4.035275414903927,4.023028824181041,4.031124983590341,1.0025519891487702,0.9930267722101018,0.9216607572467161,0.990499029435116,1.004175199981546,nan,nan,nan
SCA8-0,moderate,-,train_random_unique,train_random_unique,200,33136206792208.17,435513932878.63226,0.01314314386102399,0.9623782916090157,32700692859329.54,14309788258076.824,0.43759893160778174,24.25959674853099,0.0,0.0,24.259596748531003,26855327440484.27,2625451680653.9624,25183136558.967583,0.0977627879039042,24229875759830.31,0.9022372120960959,1,30920945271618.47,4065617831134.199,4065617831134.199,1.0,1.0,0.0,0.0,nan,nan,0.0,nan,nan,0,0,200,1.7654796564694777,1.7408243631833669,2.3283266360877164,2.5096774771023256,3.0483134289927096,1.3194024095871435,1.525885495900018,1.584196024976958,1.7459419890112928,1.7459419890112928,1.7459419890112928,4.0179941965603,4.007213076857858,4.046947264701445,1.009915666345036,1.002690428358977,1.5715738347064603,2.556669058638778,4.0186049700238025,4.027576936538649,4.035275414903927,4.023028824181041,4.031124983590341,1.0025519891487702,0.9930267722101018,0.9216607572467161,0.990499029435116,1.004175199981546,1.7506393208516575,1.7506393208516575,4.463795861483418
SCA8-0,moderate,SAA,search_call_weighted,search_call_weighted,3800,333787349738848.25,23635553071960.11,0.07081021222180026,0.8549139635506052,310151796666888.1,145049793352951.53,0.4676735550519449,24.310764876738563,4.024509216642938,4.024509216643099,23.697646814643836,267034814899580.6,29129363624189.258,960259736306.8008,0.10908451632100279,237905451275391.34,0.8909154836789972,1,344839487633144.0,77804672733563.4,79077086956993.1,1.0163539563720931,1.0168447238506608,1272414223429.6875,1310598226487.9182,8712285813211.725,0.02913478920277806,1272414223429.658,0.030009097945564365,0.029134789202755505,0,0,3800,1.6813390993670547,1.6029067786242979,2.184025491314823,2.330266383886826,2.9342614185282683,1.2660595475060603,1.4778448796125887,1.5265210066968702,1.7129685982318148,1.7269187015465424,1.7273355903903054,4.0179941965603,4.007213076857858,4.046947264701445,1.009915666345036,1.002690428358977,1.5715738347064603,2.556669058638778,4.0186049700238025,4.027576936538649,4.035275414903927,4.023028824181041,4.031124983590341,1.0025519891487702,0.9930267722101018,0.9216607572467161,0.990499029435116,1.004175199981546,1.731564852594831,1.7319828630481617,4.4151596110287
SCA8-0,moderate,SAA,search_unique_ordered_route,search_unique_ordered_route,2826,258596481113127.0,17736510500185.64,0.06858759416925914,0.8584698422621289,240859970612941.38,111198600235150.97,0.4616732284412904,23.996719611378893,4.195148599199832,4.195148599199809,23.276447825432793,207984347314525.16,21850257323663.492,731004655626.4957,0.10505721995809787,186134089990861.66,0.8949427800419021,1,267148804311611.5,59164456997086.34,60242473759409.31,1.0182206820959425,1.018746226680798,1078016762322.9688,1109110322313.7043,6541287107804.653,0.028034686329478538,1078016762322.8528,0.028843299174433533,0.028034686329373996,0,0,2826,1.6713567429966028,1.5960886062743112,2.142433274275376,2.299555614451975,2.9342614185282683,1.263364001100408,1.4637049835148859,1.5164285404651152,1.7129685982318148,1.7285038799556283,1.7289498975449575,4.0179941965603,4.007213076857858,4.046947264701445,1.009915666345036,1.002690428358977,1.5715738347064603,2.556669058638778,4.0186049700238025,4.027576936538649,4.035275414903927,4.023028824181041,4.031124983590341,1.0025519891487702,0.9930267722101018,0.9216607572467161,0.990499029435116,1.004175199981546,1.7331542958128627,1.733601513380563,4.419212387619631
SCA8-0,moderate,SAA,search_unique_customer_set_A_only,search_unique_customer_set_A_only,666,57454339630334.516,3496945902853.5103,0.06086478280584408,0.8647648571130994,53957393727481.01,nan,nan,0.0,23.662284246427326,nan,23.662284246427326,nan,nan,nan,nan,nan,nan,0,nan,nan,nan,nan,nan,nan,nan,nan,nan,nan,nan,nan,0,0,0,nan,nan,nan,nan,nan,nan,nan,nan,nan,nan,nan,4.0179941965603,4.007213076857858,4.046947264701445,1.009915666345036,1.002690428358977,1.5715738347064603,2.556669058638778,4.0186049700238025,4.027576936538649,4.035275414903927,4.023028824181041,4.031124983590341,1.0025519891487702,0.9930267722101018,0.9216607572467161,0.990499029435116,1.004175199981546,nan,nan,nan
SCA8-1,moderate,-,train_random_unique,train_random_unique,200,27769933638408.633,394289153545.9061,0.014198419005242572,0.9633963476633015,27375644484862.727,11905191379681.266,0.43488259742210644,24.806918589678833,0.0,0.0,24.806918589678833,23040900047638.33,2267133197290.579,31323319119.621387,0.09839603455607882,20773766850347.75,0.9016039654439212,1,26574333892097.277,3533433844458.949,3533433844458.949,1.0,1.0,0.0,0.0,nan,nan,0.0,nan,nan,0,0,200,1.7957202365931013,1.8169902972215326,2.238552901321389,2.483560367300767,2.82543864115441,1.3479574676838864,1.4961677317267372,1.5759315854959566,1.6809041142059264,1.6809041142059264,1.6809041142059264,4.0164274060245555,4.007213076857858,4.046947264701445,1.009915666345036,1.0022994357899038,1.5715738347064603,2.5556721022749445,4.0186049700238025,4.027576936538649,4.035275414903927,4.023028824181041,4.031124983590341,1.0025519891487702,0.9930267722101018,0.9216607572467161,0.990499029435116,1.004175199981546,1.684769245285528,1.684769245285528,4.295839751275263
SCA8-1,moderate,SAA,search_call_weighted,search_call_weighted,4700,296583094302963.0,22531296623126.797,0.07596959184770936,0.8641285040202445,274051797679836.2,130781667223817.14,0.4772151408275167,25.174186062445475,2.5420276801044053,2.5420276801032453,25.124876276594563,236149428194856.38,29195843280740.45,770543704583.3723,0.12363291964717267,206953584914115.94,0.8763670803528274,1,305478472804177.0,69329044609320.625,69781787851448.09,1.0065303545531132,1.0066785563635263,452743242127.46875,463017932052.7764,5993764849571.307,0.022190695466584146,452743242127.0257,0.02269429771502777,0.022190695465627307,0,0,4700,1.679430180401389,1.6833980127982757,1.9672620589517924,2.0542690932959333,3.4205769558170314,1.2974582738537044,1.4025911925225254,1.4332721630227572,1.8494801852999214,1.8555092390270456,1.855645836848248,4.0164274060245555,4.007213076857858,4.046947264701445,1.009915666345036,1.0022994357899038,1.5715738347064603,2.5556721022749445,4.0186049700238025,4.027576936538649,4.035275414903927,4.023028824181041,4.031124983590341,1.0025519891487702,0.9930267722101018,0.9216607572467161,0.990499029435116,1.004175199981546,1.8597758633797614,1.8599127752988829,4.742073197694832
SCA8-1,moderate,SAA,search_unique_ordered_route,search_unique_ordered_route,3279,234707836071617.16,17928837598861.1,0.07638789526136834,0.869881113289092,216778998472756.06,103699930730786.8,0.4783670533648092,24.700469203904866,2.977438784053629,2.977438784053907,25.442789459273012,184448776315779.66,22188314958487.555,562220955941.1655,0.12029526788782137,162260461357292.1,0.8797047321121786,1,237126107600267.44,52677331284487.78,53162145291603.28,1.0092034656140272,1.009418368120322,484814007115.5,496134497633.4587,4758030794282.65,0.02281738232646162,484814007115.6091,0.023350172131602075,0.022817382326681488,0,0,3279,1.6988781773645918,1.695583798470681,1.9854539277723788,2.0887163376457623,3.4205769558170314,1.3021458437789066,1.4090613613088367,1.4452391969162643,1.8494801852999214,1.857971506296592,1.8581693164969673,4.0164274060245555,4.007213076857858,4.046947264701445,1.009915666345036,1.0022994357899038,1.5715738347064603,2.5556721022749445,4.0186049700238025,4.027576936538649,4.035275414903927,4.023028824181041,4.031124983590341,1.0025519891487702,0.9930267722101018,0.9216607572467161,0.990499029435116,1.004175199981546,1.8622437924747919,1.8624420575270215,4.748365945463957
SCA8-1,moderate,SAA,search_unique_customer_set_A_only,search_unique_customer_set_A_only,923,61875392725905.92,5110854227317.362,0.08259914001608519,0.8698077028461122,56764538498588.56,nan,nan,0.0,26.509919671823926,nan,26.509919671823926,nan,nan,nan,nan,nan,nan,0,nan,nan,nan,nan,nan,nan,nan,nan,nan,nan,nan,nan,0,0,0,nan,nan,nan,nan,nan,nan,nan,nan,nan,nan,nan,4.0164274060245555,4.007213076857858,4.046947264701445,1.009915666345036,1.0022994357899038,1.5715738347064603,2.5556721022749445,4.0186049700238025,4.027576936538649,4.035275414903927,4.023028824181041,4.031124983590341,1.0025519891487702,0.9930267722101018,0.9216607572467161,0.990499029435116,1.004175199981546,nan,nan,nan
SCA8-2,moderate,-,train_random_unique,train_random_unique,200,33839795597969.35,463476985354.5642,0.013696211137350263,0.9646169567115136,33376318612614.79,14562550736889.484,0.43631386990012366,24.507641912216314,8.537736462515939e-07,2.6315071101596038e-06,24.5076419122163,27953318375946.504,2549884218774.212,34738820261.25498,0.09121937454725793,25403434157172.293,0.9087806254527421,1,31925545303544.05,3972226927597.547,3972226927597.547,1.0,1.0000000000000149,0.0,0.05889211469134678,nan,nan,0.0,nan,nan,0,0,200,1.8824501146039119,1.8622203386623086,2.4794497059821703,2.66861430230002,3.044191242280544,1.3646301533522607,1.574626077403625,1.6335892834656907,1.744761084584518,1.744761084584518,1.7447610845845312,4.01768071201141,4.007213076857858,4.046947264701445,1.009915666345036,1.0026121982916267,1.5715738347064603,2.5564695869105223,4.0186049700238025,4.027576936538649,4.035275414903927,4.023028824181041,4.031124983590341,1.0025519891487702,0.9930267722101018,0.9216607572467161,0.990499029435116,1.004175199981546,1.7493187465089666,1.7493187465089797,4.460428649165338
SCA8-2,moderate,SAA,search_call_weighted,search_call_weighted,4021,363392102627867.8,25262489188645.207,0.06951854210908731,0.8686983515699545,338129613439222.6,168021504768057.94,0.49691449104104896,24.663073460906368,3.814893654523881,3.814893654524012,25.24397493292981,273346729555716.28,30873835891900.93,994046175437.4546,0.11294752251867683,242472893663815.34,0.8870524774813231,1,348297142812208.94,74950413256492.66,76112956108892.12,1.0155108264502966,1.0160855295963387,1162542852399.4688,1205617090695.1316,10724651750717.45,0.0357279592567605,1162542852399.522,0.03705174239965292,0.035727959256804505,0,0,4021,1.8557163541176227,1.866870117615231,2.293183090597998,2.388655988743349,2.7473326776801943,1.366334555522633,1.5143259525604116,1.545527737940458,1.6575079721317163,1.67031316765597,1.6707857369447487,4.01768071201141,4.007213076857858,4.046947264701445,1.009915666345036,1.0026121982916267,1.5715738347064603,2.5564695869105223,4.0186049700238025,4.027576936538649,4.035275414903927,4.023028824181041,4.031124983590341,1.0025519891487702,0.9930267722101018,0.9216607572467161,0.990499029435116,1.004175199981546,1.6746763568590024,1.6751501605924701,4.270104813728663
SCA8-2,moderate,SAA,search_unique_ordered_route,search_unique_ordered_route,3035,290821922144167.44,18613204493872.36,0.06400206819568899,0.8756690037680158,272208717650295.06,133936393850627.14,0.4920356519319651,24.633907824537534,4.536868243401456,4.536868243401975,25.17540933927623,219823864511292.75,24416000133288.21,764889024312.9177,0.11107074378648236,195407864378004.53,0.8889292562135176,1,277978683750618.66,58154819239325.91,59475352437291.375,1.0227072014879979,1.0235686413069411,1320533197965.4688,1370630074921.6772,8771550151814.178,0.036550253691737686,1320533197965.7644,0.03793685538038136,0.03655025369195347,0,0,3035,1.8485174374694406,1.867180723423571,2.2969699182347467,2.3932869961322245,2.7473326776801943,1.3664482146878347,1.515575771081225,1.5470251904618855,1.6575079721317163,1.6762210219260583,1.6769268249125473,4.01768071201141,4.007213076857858,4.046947264701445,1.009915666345036,1.0026121982916267,1.5715738347064603,2.5564695869105223,4.0186049700238025,4.027576936538649,4.035275414903927,4.023028824181041,4.031124983590341,1.0025519891487702,0.9930267722101018,0.9216607572467161,0.990499029435116,1.004175199981546,1.6805996436159223,1.681307290299767,4.285208063494044
SCA8-2,moderate,SAA,search_unique_customer_set_A_only,search_unique_customer_set_A_only,782,68893187700710.22,4209950042429.7876,0.06110836474455061,0.8744920343186654,64683237658280.43,nan,nan,0.0,25.03238264333421,nan,25.03238264333421,nan,nan,nan,nan,nan,nan,0,nan,nan,nan,nan,nan,nan,nan,nan,nan,nan,nan,nan,0,0,0,nan,nan,nan,nan,nan,nan,nan,nan,nan,nan,nan,4.01768071201141,4.007213076857858,4.046947264701445,1.009915666345036,1.0026121982916267,1.5715738347064603,2.5564695869105223,4.0186049700238025,4.027576936538649,4.035275414903927,4.023028824181041,4.031124983590341,1.0025519891487702,0.9930267722101018,0.9216607572467161,0.990499029435116,1.004175199981546,nan,nan,nan
SCA8-3,moderate,-,train_random_unique,train_random_unique,200,35280398066715.875,480759748819.6432,0.013626823254956413,0.9648816013159626,34799638317896.23,15156675285398.78,0.4355411727829434,24.029626524086606,0.0,0.0,24.029626524086623,28701744040497.1,2659761803225.4414,23013963449.31556,0.09266899598409824,26041982237271.66,0.9073310040159017,1,32758236992546.39,4056492952049.289,4056492952049.289,1.0,1.0,0.0,0.0,nan,nan,0.0,nan,nan,0,0,200,1.8424459803864486,1.7958113660675588,2.3941564741736006,2.696711319964061,3.07732964434232,1.3400788651771365,1.5473061838352138,1.6421648856990911,1.7542319243310789,1.7542319243310789,1.7542319243310789,4.017958761103107,4.007213076857858,4.046947264701445,1.009915666345036,1.0026815854408409,1.5715738347064603,2.5566465108867025,4.0186049700238025,4.027576936538649,4.035275414903927,4.023028824181041,4.031124983590341,1.0025519891487702,0.9930267722101018,0.9216607572467161,0.990499029435116,1.004175199981546,1.7589360471192232,1.7589360471192232,4.484950928627119
SCA8-3,moderate,SAA,search_call_weighted,search_call_weighted,3687,320005378069601.0,17456078188941.16,0.05454932755894019,0.8565348852223297,302549299880659.8,131774630865793.33,0.4355476311390298,22.66866870097007,2.7946035931285262,2.794603593128456,23.475893175223142,258985216940810.88,27292050356219.457,654573365515.7091,0.10538072666308537,231693166584591.4,0.8946192733369146,1,328159819433150.8,69174602492339.94,69765220318968.78,1.0085380733007356,1.0088772815014737,590617826628.8438,614082419077.0463,10525598947922.227,0.038210819459091494,590617826628.6912,0.03972889301722371,0.038210819458842894,0,0,3687,1.7965230174001163,1.7709897016596352,2.16205615875225,2.3112865411725863,3.1398977639063066,1.3307853702455685,1.4703931986894696,1.5202915806044286,1.7719756668493805,1.779524217641152,1.7798234519868399,4.017958761103107,4.007213076857858,4.046947264701445,1.009915666345036,1.0026815854408409,1.5715738347064603,2.5566465108867025,4.0186049700238025,4.027576936538649,4.035275414903927,4.023028824181041,4.031124983590341,1.0025519891487702,0.9930267722101018,0.9216607572467161,0.990499029435116,1.004175199981546,1.7842961638748023,1.784596200642955,4.54961438207064
SCA8-3,moderate,SAA,search_unique_ordered_route,search_unique_ordered_route,2811,258599560051827.22,13227174750609.557,0.05114925465441099,0.8622803672955796,245372385301217.66,106556283765705.22,0.4342635526605709,22.59332015344807,2.9891958580561586,2.989195858056388,23.296514408626194,208789665083112.03,21763538918619.664,511128245505.7865,0.10423666760496188,187026126164492.38,0.8957633323950381,1,263223054602263.56,54433389519151.53,54979501059068.97,1.0100326572484577,1.0104051550308208,546111539917.4375,566387856799.8351,7967364395376.266,0.03579934957812801,546111539917.451,0.03712852668424294,0.035799349578151986,0,0,2811,1.819990410674742,1.7850214298452822,2.178352415589215,2.3589508452254204,3.1398977639063066,1.3360469414827019,1.4759242580800733,1.5358875715364055,1.7719756668493805,1.7808422956474212,1.7811706507015772,4.017958761103107,4.007213076857858,4.046947264701445,1.009915666345036,1.0026815854408409,1.5715738347064603,2.5566465108867025,4.0186049700238025,4.027576936538649,4.035275414903927,4.023028824181041,4.031124983590341,1.0025519891487702,0.9930267722101018,0.9216607572467161,0.990499029435116,1.004175199981546,1.785617776419863,1.7859470119861516,4.5529842416064445
SCA8-3,moderate,SAA,search_unique_customer_set_A_only,search_unique_customer_set_A_only,671,58905810714198.95,3078612044705.192,0.052263299789592876,0.8646216318722806,55827198669493.76,nan,nan,0.0,23.58660213497104,nan,23.58660213497104,nan,nan,nan,nan,nan,nan,0,nan,nan,nan,nan,nan,nan,nan,nan,nan,nan,nan,nan,0,0,0,nan,nan,nan,nan,nan,nan,nan,nan,nan,nan,nan,4.017958761103107,4.007213076857858,4.046947264701445,1.009915666345036,1.0026815854408409,1.5715738347064603,2.5566465108867025,4.0186049700238025,4.027576936538649,4.035275414903927,4.023028824181041,4.031124983590341,1.0025519891487702,0.9930267722101018,0.9216607572467161,0.990499029435116,1.004175199981546,nan,nan,nan
SCA8-4,moderate,-,train_random_unique,train_random_unique,200,46384829167659.336,569365529671.6903,0.012274822175450981,0.9689250567346046,45815463637987.65,19524279019865.875,0.4261504188659443,23.40910987863635,0.0,0.0,23.40910987863635,37920219466109.34,3396190427608.966,37236648403.60938,0.08956146550376014,34524029038500.38,0.9104385344962399,1,43039719335106.01,5119499868996.664,5119499868996.664,1.0,1.0,0.0,0.0,nan,nan,0.0,nan,nan,0,0,200,1.8690599535445258,1.8493197930802143,2.353406650521689,2.5120275593138173,3.520498541719916,1.3598969549933941,1.5340809028501357,1.5849346110298017,1.8762991610401354,1.8762991610401354,1.8762991610401354,4.018244538466394,4.007213076857858,4.046947264701445,1.009915666345036,1.0027529011801855,1.5715738347064603,2.5568283523993163,4.0186049700238025,4.027576936538649,4.035275414903927,4.023028824181041,4.031124983590341,1.0025519891487702,0.9930267722101018,0.9216607572467161,0.990499029435116,1.004175199981546,1.8814644272149437,1.8814644272149437,4.797374892530469
SCA8-4,moderate,SAA,search_call_weighted,search_call_weighted,3724,398311123507098.94,21494653248828.645,0.05396448148264068,0.86503981285005,376816470258270.3,169108316721535.53,0.44878164854532115,22.252665323859635,4.560697380766904,4.560697380766297,22.89767259167993,309248042236343.44,32546913031306.465,1086573344474.203,0.10524533250377838,276701129205036.97,0.8947546674962216,1,391973655672217.1,82725613435873.69,84615523342801.25,1.02284552303009,1.0235525621585189,1889909906927.5625,1948400152550.0212,10337465664192.031,0.030019626895547647,1889909906927.2412,0.030948695177510695,0.03001962689538289,0,0,3724,1.7583506574046375,1.7217654062790042,2.151819219798806,2.2997335383796913,2.8040323122185677,1.3121605777766794,1.4669080474926866,1.5164872284488211,1.6745245033198433,1.693544182176678,1.6941294099172564,4.018244538466394,4.007213076857858,4.046947264701445,1.009915666345036,1.0027529011801855,1.5715738347064603,2.5568283523993163,4.0186049700238025,4.027576936538649,4.035275414903927,4.023028824181041,4.031124983590341,1.0025519891487702,0.9930267722101018,0.9216607572467161,0.990499029435116,1.004175199981546,1.6982063419544884,1.6987931807692045,4.330101781030243
SCA8-4,moderate,SAA,search_unique_ordered_route,search_unique_ordered_route,2969,335667018181311.6,17106568722758.816,0.05096291204135715,0.8697916513501117,318560449458552.8,142759269803316.06,0.4481387129066383,22.078521966260105,4.428538846729883,4.428538846730025,23.062162696908405,258907956223981.16,27122810257726.1,886896565908.663,0.10475850434763068,231785145966255.06,0.8952414956523693,1,326658197796523.9,67750241572542.72,69246080070486.97,1.0220787182927251,1.0227067480267231,1495838497944.25,1538387664137.3518,8023316861393.497,0.027658286129597184,1495838497944.3982,0.028445026820460677,0.02765828612969357,0,0,2969,1.7675893021291738,1.735993110192862,2.148834366961818,2.297562545128327,2.8040323122185677,1.3175709127758028,1.4658902879654503,1.5157712119258582,1.6745245033198433,1.692909256789548,1.6934292921143488,4.018244538466394,4.007213076857858,4.046947264701445,1.009915666345036,1.0027529011801855,1.5715738347064603,2.5568283523993163,4.0186049700238025,4.027576936538649,4.035275414903927,4.023028824181041,4.031124983590341,1.0025519891487702,0.9930267722101018,0.9216607572467161,0.990499029435116,1.004175199981546,1.6975696686805108,1.698091135611171,4.328478385798771
SCA8-4,moderate,SAA,search_unique_customer_set_A_only,search_unique_customer_set_A_only,733,77100378761059.66,3973758196715.5796,0.05154006064004665,0.871341085568394,73126620564344.08,nan,nan,0.0,23.1959940947276,nan,23.1959940947276,nan,nan,nan,nan,nan,nan,0,nan,nan,nan,nan,nan,nan,nan,nan,nan,nan,nan,nan,0,0,0,nan,nan,nan,nan,nan,nan,nan,nan,nan,nan,nan,4.018244538466394,4.007213076857858,4.046947264701445,1.009915666345036,1.0027529011801855,1.5715738347064603,2.5568283523993163,4.0186049700238025,4.027576936538649,4.035275414903927,4.023028824181041,4.031124983590341,1.0025519891487702,0.9930267722101018,0.9216607572467161,0.990499029435116,1.004175199981546,nan,nan,nan
SCA8-5,moderate,-,train_random_unique,train_random_unique,200,32470434407154.438,482867273565.6815,0.014870982861236006,0.9631757628175073,31987567133588.758,14109440615505.453,0.441091395184279,23.19703832706249,0.0,1.7075472925031882e-06,23.197038327062508,25383041175455.402,2423085127532.083,36548644686.70485,0.09546078859435998,22959956047923.32,0.9045392114056401,1,29232348661186.945,3849307485731.543,3849307485731.543,1.0,1.0000000000000058,0.0,0.02251220768091917,nan,nan,0.0,nan,nan,0,0,200,1.8704240009815833,1.8198963287921333,2.426712032943027,2.583910143233978,3.0442146568859947,1.349034228810544,1.5577905200969082,1.6074527354077335,1.74476779454631,1.74476779454631,1.7447677945463151,4.017829133167898,4.007213076857858,4.046947264701445,1.009915666345036,1.002649236790364,1.5715738347064603,2.556564028007218,4.0186049700238025,4.027576936538649,4.035275414903927,4.023028824181041,4.031124983590341,1.0025519891487702,0.9930267722101018,0.9216607572467161,0.990499029435116,1.004175199981546,1.7493900975782646,1.7493900975782697,4.460610580762585
SCA8-5,moderate,SAA,search_call_weighted,search_call_weighted,5606,445175144787834.94,27735439873246.87,0.062302309996361646,0.8724141760691039,417439704914588.06,185626284426749.28,0.44467807504015483,21.658940100656686,1.4645555169589346,1.4645555169599107,22.053614116158432,346432751341887.8,35890605383674.01,942505726752.413,0.10360049748372163,310542145958213.8,0.8963995025162784,1,435178762305745.3,88746010963857.5,88967207573667.81,1.002492468195561,1.0025430726898044,221196609810.3125,225687556811.25565,7817401286858.299,0.019898957054099553,221196609810.6238,0.02030296488176001,0.019898957055478967,0,0,5606,1.838963960648276,1.7931160492596772,2.309652249233771,2.503000692783751,4.424720816160106,1.3390728319474177,1.5197540094481643,1.582087443510393,2.1035020361673307,2.1061218606881753,2.1061750171407154,4.017829133167898,4.007213076857858,4.046947264701445,1.009915666345036,1.002649236790364,1.5715738347064603,2.556564028007218,4.0186049700238025,4.027576936538649,4.035275414903927,4.023028824181041,4.031124983590341,1.0025519891487702,0.9930267722101018,0.9216607572467161,0.990499029435116,1.004175199981546,2.1117014762065005,2.1117547734830704,5.384435387635019
SCA8-5,moderate,SAA,search_unique_ordered_route,search_unique_ordered_route,3204,303264583613172.25,18595673581897.08,0.06131831604054598,0.878342803346269,284668910031275.2,125550465020256.72,0.44104031243335673,21.174549221962593,2.0878602405328137,2.0878602405326707,21.08965785226918,235151769452783.44,23308669744009.098,615001043910.0884,0.09912181310925364,211843099708774.34,0.9008781868907464,1,292841111844418.06,57689342391634.625,57995648736327.59,1.0053095828795127,1.0053961087478558,306306344692.96875,311297965137.5445,4375766160689.8213,0.0160348637115333,306306344692.88635,0.016296170585624593,0.01603486371126852,0,0,3204,1.857133502071574,1.8087891949023973,2.353661923079208,2.529087649323716,4.424720816160106,1.3449123372084124,1.5341648935632888,1.5903105413644272,2.1035020361673307,2.1090790023259474,2.1091697634052617,4.017829133167898,4.007213076857858,4.046947264701445,1.009915666345036,1.002649236790364,1.5715738347064603,2.556564028007218,4.0186049700238025,4.027576936538649,4.035275414903927,4.023028824181041,4.031124983590341,1.0025519891487702,0.9930267722101018,0.9216607572467161,0.990499029435116,1.004175199981546,2.1146664520126937,2.1147574535395983,5.391995509571869
SCA8-5,moderate,SAA,search_unique_customer_set_A_only,search_unique_customer_set_A_only,854,76984646625712.75,4174786698717.1104,0.0542288220015384,0.8860078118004924,72809859926995.64,nan,nan,0.0,21.456501707567693,nan,21.456501707567693,nan,nan,nan,nan,nan,nan,0,nan,nan,nan,nan,nan,nan,nan,nan,nan,nan,nan,nan,0,0,0,nan,nan,nan,nan,nan,nan,nan,nan,nan,nan,nan,4.017829133167898,4.007213076857858,4.046947264701445,1.009915666345036,1.002649236790364,1.5715738347064603,2.556564028007218,4.0186049700238025,4.027576936538649,4.035275414903927,4.023028824181041,4.031124983590341,1.0025519891487702,0.9930267722101018,0.9216607572467161,0.990499029435116,1.004175199981546,nan,nan,nan
SCA8-6,moderate,-,train_random_unique,train_random_unique,200,29989627510147.695,385597472870.572,0.012857694639258059,0.9629300489782279,29604030037277.125,13619049517159.129,0.4600403897716002,24.41079033853467,0.0,1.4787793334710982e-06,24.410790338534685,22965142659908.29,2396145404153.081,55777042549.323746,0.10433836356419351,20568997255755.207,0.8956616364358064,1,26651756647288.83,3686613987380.539,3686613987380.539,1.0,1.0000000000000042,0.0,0.015260703112768701,nan,nan,0.0,nan,nan,0,0,200,1.860057144483255,1.8535258889792847,2.2859976837791947,2.4153667608467657,2.976036904173957,1.361442153967055,1.5119507096441562,1.554145007369653,1.7251193883827163,1.7251193883827163,1.7251193883827198,4.015896749392659,4.007213076857858,4.046947264701445,1.009915666345036,1.0021670104305034,1.5715738347064603,2.555334442904333,4.0186049700238025,4.027576936538649,4.035275414903927,4.023028824181041,4.031124983590341,1.0025519891487702,0.9930267722101018,0.9216607572467161,0.990499029435116,1.004175199981546,1.7288577400912053,1.7288577400912088,4.408256991256412
SCA8-6,moderate,SAA,search_call_weighted,search_call_weighted,4244,355855183661466.8,22565158650837.387,0.06341107193847748,0.8642321520930615,333290025010629.44,155843590335572.53,0.46759152282040933,22.765792464087163,4.450772386895745,4.450772386895331,24.516858314443255,268782367913110.34,31676029457558.734,1059761463530.9692,0.11785010193748531,237106338455551.62,0.8821498980625148,1,346343151971795.8,77560784058685.47,79095184236956.28,1.0197831958107828,1.020787134760624,1534400178270.8125,1612266470367.5527,13989737406068.344,0.04829616786572148,1534400178270.407,0.05074705621091064,0.04829616786547006,0,0,4244,1.6984777059914493,1.6901951996084856,2.007229059817491,2.1112394193716355,2.971258856464023,1.3000750746047267,1.4167671155711807,1.453010467743311,1.7237339865721808,1.7407009657680934,1.7415575829475287,4.015896749392659,4.007213076857858,4.046947264701445,1.009915666345036,1.0021670104305034,1.5715738347064603,2.555334442904333,4.0186049700238025,4.027576936538649,4.035275414903927,4.023028824181041,4.031124983590341,1.0025519891487702,0.9930267722101018,0.9216607572467161,0.990499029435116,1.004175199981546,1.7444730829173,1.7453315563950982,4.448073132624045
SCA8-6,moderate,SAA,search_unique_ordered_route,search_unique_ordered_route,3070,282267610338602.06,16815937235589.617,0.05957444857175638,0.8697651732583531,265451673103012.44,124079716987767.86,0.46742864920507354,22.70396049013102,3.8305142823230818,3.8305142823235236,24.56976369281539,212086187827138.62,24756943424980.844,815808459037.3527,0.11673057863230138,187329244402157.78,0.8832694213676986,1,271507670997902.47,59421483170763.84,60316990372364.81,1.015070428299938,1.0158678064311248,895507201600.9688,942888592804.0258,11432422734352.566,0.05025131448653121,895507201601.2677,0.052910117437748753,0.050251314486848365,0,0,3070,1.7231477384854679,1.7037582505037343,2.0392695613440766,2.158111946550613,2.971258856464023,1.30528090714731,1.4280299433206063,1.469051374000876,1.7237339865721808,1.736674120271538,1.7373560996108883,4.015896749392659,4.007213076857858,4.046947264701445,1.009915666345036,1.0021670104305034,1.5715738347064603,2.555334442904333,4.0186049700238025,4.027576936538649,4.035275414903927,4.023028824181041,4.031124983590341,1.0025519891487702,0.9930267722101018,0.9216607572467161,0.990499029435116,1.004175199981546,1.7404375112045516,1.7411209684002438,4.437783195630443
SCA8-6,moderate,SAA,search_unique_customer_set_A_only,search_unique_customer_set_A_only,810,71856395314713.89,4046897448481.5103,0.05631923826344285,0.875450336236261,67809497866232.38,nan,nan,0.0,25.299479178659823,nan,25.299479178659823,nan,nan,nan,nan,nan,nan,0,nan,nan,nan,nan,nan,nan,nan,nan,nan,nan,nan,nan,0,0,0,nan,nan,nan,nan,nan,nan,nan,nan,nan,nan,nan,4.015896749392659,4.007213076857858,4.046947264701445,1.009915666345036,1.0021670104305034,1.5715738347064603,2.555334442904333,4.0186049700238025,4.027576936538649,4.035275414903927,4.023028824181041,4.031124983590341,1.0025519891487702,0.9930267722101018,0.9216607572467161,0.990499029435116,1.004175199981546,nan,nan,nan
SCA8-7,moderate,-,train_random_unique,train_random_unique,200,36157840897424.05,444157026459.1518,0.012283837071997138,0.9638817288237401,35713683870964.9,14959825686166.648,0.41888217805301614,23.448537583939416,0.0,0.0,23.448537583939448,30143435046120.6,2694778913263.7676,47615986634.765724,0.08939853434555993,27448656132856.836,0.9106014656544401,1,34376125182175.723,4232690136055.121,4232690136055.121,1.0,1.0,0.0,0.0,nan,nan,0.0,nan,nan,0,0,200,1.8127185954707454,1.7866089604659812,2.3141338642211347,2.4706582955323304,3.1855066030961194,1.3366396574417285,1.521227621975092,1.5718325300124585,1.7847987570300803,1.7847987570300803,1.7847987570300803,4.017653129868125,4.007213076857858,4.046947264701445,1.009915666345036,1.0026053151679306,1.5715738347064603,2.55645203625991,4.0186049700238025,4.027576936538649,4.035275414903927,4.023028824181041,4.031124983590341,1.0025519891487702,0.9930267722101018,0.9216607572467161,0.990499029435116,1.004175199981546,1.7894487203034743,1.7894487203034743,4.562752416723705
SCA8-7,moderate,SAA,search_call_weighted,search_call_weighted,5226,384607289582657.3,25949860088334.77,0.0674710562987335,0.8616601476273397,358657429494322.56,160159696287141.88,0.4465534047711039,23.23287595643079,1.112517837562543,1.1125178375622276,23.10465387612615,313353963661292.9,32413922315913.133,1260537666894.1943,0.10344187747677458,280940041345379.75,0.8965581225232254,1,397922570235830.4,84568606574537.5,84685090135076.0,1.0013773853591383,1.0013911999920408,116483560538.5,117651844793.39737,4359629196702.3413,0.009930012206869645,116483560538.4382,0.010029606319522055,0.009930012206344372,0,0,5226,1.7140804588251337,1.7040599765348836,2.0291353600242457,2.125579282058356,2.8125457891028947,1.3053964825044089,1.4244772234136445,1.4579366522789514,1.677064634742172,1.6782192194390788,1.6782307954457008,4.017653129868125,4.007213076857858,4.046947264701445,1.009915666345036,1.0026053151679306,1.5715738347064603,2.55645203625991,4.0186049700238025,4.027576936538649,4.035275414903927,4.023028824181041,4.031124983590341,1.0025519891487702,0.9930267722101018,0.9216607572467161,0.990499029435116,1.004175199981546,1.6825915094265962,1.6826031155923638,4.29028694082555
SCA8-7,moderate,SAA,search_unique_ordered_route,search_unique_ordered_route,3284,274790688328614.2,16067544420686.037,0.05847193920003333,0.8709193948416938,258723143907928.16,114960169562381.6,0.44433662882240055,23.52777717186284,1.4758882230387638,1.4758882230379158,23.319856066770548,224568385968854.88,23446096005489.062,875749964347.8467,0.10440514992497997,201122289963365.8,0.89559485007502,1,283172990287226.06,58604604318371.19,58751278653076.66,1.002502778346709,1.0025321274469292,146674334705.46875,148394327110.97498,3468501605307.727,0.011590688398466728,146674334705.3315,0.011726607855151196,0.011590688397541972,0,0,3284,1.7379539795489163,1.734525221934378,2.0390283010743846,2.117113886643126,2.8125457891028947,1.3170137516066496,1.4279454797514182,1.4550305441716078,1.677064634742172,1.679161983789232,1.6791865630391483,4.017653129868125,4.007213076857858,4.046947264701445,1.009915666345036,1.0026053151679306,1.5715738347064603,2.55645203625991,4.0186049700238025,4.027576936538649,4.035275414903927,4.023028824181041,4.031124983590341,1.0025519891487702,0.9930267722101018,0.9216607572467161,0.990499029435116,1.004175199981546,1.6835367299750106,1.6835613732616195,4.292697072668212
SCA8-7,moderate,SAA,search_unique_customer_set_A_only,search_unique_customer_set_A_only,900,72382484139059.1,4310635359180.5728,0.05955357032095095,0.8730342902880397,68071848779878.52,nan,nan,0.0,23.585207967591252,nan,23.585207967591252,nan,nan,nan,nan,nan,nan,0,nan,nan,nan,nan,nan,nan,nan,nan,nan,nan,nan,nan,0,0,0,nan,nan,nan,nan,nan,nan,nan,nan,nan,nan,nan,4.017653129868125,4.007213076857858,4.046947264701445,1.009915666345036,1.0026053151679306,1.5715738347064603,2.55645203625991,4.0186049700238025,4.027576936538649,4.035275414903927,4.023028824181041,4.031124983590341,1.0025519891487702,0.9930267722101018,0.9216607572467161,0.990499029435116,1.004175199981546,nan,nan,nan
SCA8-8,moderate,-,train_random_unique,train_random_unique,200,32229929513235.867,531812187063.00146,0.016500569349511055,0.9634566223504168,31698117326172.867,14368690625101.422,0.4532979191555114,21.70092971594555,0.0,1.3499346641909582e-06,21.70092971594555,23591373357398.8,2160785566679.3271,30997889099.066986,0.0915921906683595,21430587790719.473,0.9084078093316404,1,26927210435552.37,3335837078153.5703,3335837078153.574,1.000000000000001,1.000000000000004,0.00390625,0.013078635656860035,nan,nan,0.0,nan,nan,0,0,200,1.8906143293501196,1.8537205241009778,2.5708434153490507,2.663007226222115,3.7661479532781317,1.3615140072662064,1.6033849848962343,1.631871111476601,1.9406565778823752,1.9406565778823763,1.9406565778823792,4.017191950146292,4.007213076857858,4.046947264701445,1.009915666345036,1.002490227771032,1.5715738347064603,2.5561585853817843,4.0186049700238025,4.027576936538649,4.035275414903927,4.023028824181041,4.031124983590341,1.0025519891487702,0.9930267722101018,0.9216607572467161,0.990499029435116,1.004175199981546,1.9454892547866547,1.9454892547866576,4.96062597283167
SCA8-8,moderate,SAA,search_call_weighted,search_call_weighted,3753,328492557669954.5,21523777142347.223,0.06552287605849735,0.8728864228865648,306968780527607.25,145628256747906.6,0.47440738598109494,22.119946974985798,1.9344242041153559,1.9344242041157995,21.548674754960842,244283876303124.0,23764836445029.758,703895059348.1005,0.09728368816098504,220519039858094.25,0.902716311839015,1,305631732947368.9,61347856644244.875,61619072209288.34,1.0044209460587392,1.0045241328411556,271215565043.46875,277545852978.7301,6259486684852.027,0.022808079699882505,271215565043.61932,0.02334043009016379,0.022808079700425133,0,0,3753,1.7880855682767538,1.7632655506918886,2.1360421315707843,2.297150417215168,3.533610264174092,1.3278800965041568,1.4615204860254392,1.5156353179993813,1.8797899521420185,1.8839405947493706,1.8840373633285743,4.017191950146292,4.007213076857858,4.046947264701445,1.009915666345036,1.002490227771032,1.5715738347064603,2.5561585853817843,4.0186049700238025,4.027576936538649,4.035275414903927,4.023028824181041,4.031124983590341,1.0025519891487702,0.9930267722101018,0.9216607572467161,0.990499029435116,1.004175199981546,1.8886320359373898,1.8887290454923968,4.815650925617868
SCA8-8,moderate,SAA,search_unique_ordered_route,search_unique_ordered_route,2876,264273220262694.03,15810483388479.541,0.05982627892740526,0.8795511325071457,248462736874214.5,117530887083225.25,0.47303224846438785,22.127273345969716,2.0253708449848262,2.0253708449841454,21.738955297200054,196000166792045.4,18976486545394.17,555175589852.1956,0.09681872651428951,177023680246651.25,0.9031812734857105,1,243777622044117.9,47777455252072.5,48015390955431.0,1.004980083223419,1.0051095713872495,237935703358.5,244122318311.58017,5508196327515.969,0.025342275118934807,237935703358.25592,0.026001204803462127,0.025342275117935017,0,0,2876,1.809313173760011,1.788252942986932,2.17444590849661,2.329790222360359,3.533610264174092,1.3372557494708563,1.474600248569196,1.526364846801667,1.8797899521420185,1.8844648941725624,1.8845862936128999,4.017191950146292,4.007213076857858,4.046947264701445,1.009915666345036,1.002490227771032,1.5715738347064603,2.5561585853817843,4.0186049700238025,4.027576936538649,4.035275414903927,4.023028824181041,4.031124983590341,1.0025519891487702,0.9930267722101018,0.9216607572467161,0.990499029435116,1.004175199981546,1.8891576409855655,1.889279342738161,4.816991118089771
SCA8-8,moderate,SAA,search_unique_customer_set_A_only,search_unique_customer_set_A_only,690,60325983769138.984,3955324196543.609,0.06556584657914916,0.8772502422209157,56370659572595.375,nan,nan,0.0,21.615787167148014,nan,21.615787167148014,nan,nan,nan,nan,nan,nan,0,nan,nan,nan,nan,nan,nan,nan,nan,nan,nan,nan,nan,0,0,0,nan,nan,nan,nan,nan,nan,nan,nan,nan,nan,nan,4.017191950146292,4.007213076857858,4.046947264701445,1.009915666345036,1.002490227771032,1.5715738347064603,2.5561585853817843,4.0186049700238025,4.027576936538649,4.035275414903927,4.023028824181041,4.031124983590341,1.0025519891487702,0.9930267722101018,0.9216607572467161,0.990499029435116,1.004175199981546,nan,nan,nan
SCA8-9,moderate,-,train_random_unique,train_random_unique,200,26618136141625.844,288314590347.6152,0.010831509344365569,0.9671088094582647,26329821551278.23,11267408097531.777,0.42793332554829944,23.029341037187258,0.0,0.0,23.029341037187258,21380981092517.01,1918783643683.5383,31344919959.141758,0.08974254433792474,19462197448833.473,0.9102574556620753,1,24341856983173.87,2960875890656.8594,2960875890656.8594,1.0,1.0,0.0,0.0,nan,nan,0.0,nan,nan,0,0,200,1.7965649219191748,1.7946119167100818,2.2154169275761646,2.413192896967584,3.1800550208376714,1.3396296546619566,1.48842737014356,1.553443906734686,1.7832708770228014,1.7832708770228014,1.7832708770228014,4.017660788672321,4.007213076857858,4.046947264701445,1.009915666345036,1.0026072264224728,1.5715738347064603,2.5564569095939054,4.0186049700238025,4.027576936538649,4.035275414903927,4.023028824181041,4.031124983590341,1.0025519891487702,0.9930267722101018,0.9216607572467161,0.990499029435116,1.004175199981546,1.7879202679718016,1.7879202679718016,4.558855155242524
SCA8-9,moderate,SAA,search_call_weighted,search_call_weighted,4200,263054265522379.62,17419086766937.4,0.06621860600643045,0.8681151564032054,245635178755442.22,115320415148981.14,0.46947841808846014,24.665608813562272,1.6750428512157038,1.675042851215801,23.726653142820187,210030927218986.22,23919951814097.613,540683028022.999,0.11388775991622302,186110975404888.6,0.8861122400837769,1,266998324435395.47,56967397216409.25,57134800724759.84,1.0029385844628755,1.003142101949475,167403508350.59375,178997369850.20383,14109602385245.705,0.06477112769439422,167403508350.67557,0.06925698041721451,0.0647711276948513,0,0,4200,1.6909527901679602,1.652068578476841,2.149849380226409,2.2715427904884176,2.9480149285763333,1.2853281987402443,1.4662364678252435,1.5071638233743596,1.7169784298517945,1.7194993223150083,1.7196737748859505,4.017660788672321,4.007213076857858,4.046947264701445,1.009915666345036,1.0026072264224728,1.5715738347064603,2.5564569095939054,4.0186049700238025,4.027576936538649,4.035275414903927,4.023028824181041,4.031124983590341,1.0025519891487702,0.9930267722101018,0.9216607572467161,0.990499029435116,1.004175199981546,1.723982446381572,1.7241573537898667,4.3958259235742405
SCA8-9,moderate,SAA,search_unique_ordered_route,search_unique_ordered_route,3069,205226616940617.75,13483409859559.941,0.06570010294259912,0.8712058129706953,191743207081057.8,90074721316241.53,0.4697674701882044,24.844713727952687,1.4009448853154047,1.400944885316296,24.157886414112163,164487422190254.7,18719853583826.793,410476647008.97626,0.11380720382482765,145767568606427.9,0.8861927961751724,1,208643797561192.7,44156375370938.0,44249476035814.75,1.0021084308685813,1.0022210811734107,93100664876.75,98074894022.44406,8732242709279.5625,0.050718679792080966,93100664876.87744,0.053428502925077115,0.05071867979338043,0,0,3069,1.7013520183262465,1.6528246941872557,2.1277711372128203,2.2790907328750944,2.9480149285763333,1.2856222984170957,1.4586881252956985,1.5096657637770727,1.7169784298517945,1.718787541918076,1.7188841464837379,4.017660788672321,4.007213076857858,4.046947264701445,1.009915666345036,1.0026072264224728,1.5715738347064603,2.5564569095939054,4.0186049700238025,4.027576936538649,4.035275414903927,4.023028824181041,4.031124983590341,1.0025519891487702,0.9930267722101018,0.9216607572467161,0.990499029435116,1.004175199981546,1.723268810211982,1.7233656666476198,4.39400628766039
SCA8-9,moderate,SAA,search_unique_customer_set_A_only,search_unique_customer_set_A_only,758,49285156789165.875,3103503062564.9614,0.06297033964690947,0.8739456077219221,46181653726600.914,nan,nan,0.0,23.69564634201915,nan,23.69564634201915,nan,nan,nan,nan,nan,nan,0,nan,nan,nan,nan,nan,nan,nan,nan,nan,nan,nan,nan,0,0,0,nan,nan,nan,nan,nan,nan,nan,nan,nan,nan,nan,4.017660788672321,4.007213076857858,4.046947264701445,1.009915666345036,1.0026072264224728,1.5715738347064603,2.5564569095939054,4.0186049700238025,4.027576936538649,4.035275414903927,4.023028824181041,4.031124983590341,1.0025519891487702,0.9930267722101018,0.9216607572467161,0.990499029435116,1.004175199981546,nan,nan,nan
