instance,profile,policy,stream,K,decision,margin_sign,gamma_slope,gamma_delivery_route,gamma_best_found,gamma_lower_bound_l2,gamma_slope_over_delivery,gamma_slope_over_best,gamma_best_over_lower_bound,delta,R,chi,kappa,R_over_delta,zeta,B_align,B_kappa,nu,decision_slack_norm,D_align,best_search_starts,best_search_spread
CON3-0,moderate,SAA,search_sampled,2,certified_feasible,1.0,23062.428465771318,3766.8922678748254,3576.95374354029,2660.213716088963,6.122401923318739,6.447505368896741,1.344611420468546,23062.428465771318,24454.597497896713,2.0603652401216817,-0.9943851606131507,1.0603652401216819,1.0,16.521814717310964,18.87323419226259,75.42915826550981,74.42915826550839,0.8821165893514599,9.0,99.97589614882872
CON3-0,moderate,SAA,search_sampled,2,certified_feasible,1.0,24086.017965916573,15142.703967839749,11994.36669469529,10462.359952883655,1.5906021815569227,2.008110855620999,1.1464303224808645,24086.01796591657,30106.45167634959,2.2499555434589626,-0.9508070860054096,1.2499555434589629,1.0,5.224609813799757,6.376226313571351,73.29988020510194,72.2998802051006,0.7873939419415632,9.0,1355.7923794607523
CON3-0,moderate,SAA,search_sampled,2,certified_feasible,1.0,23755.513058697456,24835.479609818427,17511.08980457003,16496.319434826146,0.9565151723225019,1.3565982085534025,1.0615149563363544,23755.51305869746,36293.583421875126,2.5277962354337444,-0.8940538246422436,1.5277962354337442,1.0,3.2571416044268955,4.344825674716837,74.9252736089258,73.92527360892444,0.8649872186282005,9.0,335.43170146036937
CON3-0,moderate,SAA,search_sampled,2,certified_feasible,1.0,15691.116343157704,16485.143366359738,11813.695078308136,10994.84713094067,0.9518337811473112,1.3282140972107148,1.0744756100394648,15691.116343157693,24114.614717484073,2.5368323190082984,-0.8701908685037557,1.5368323190083,1.0,3.06025012809513,3.9252052922247564,113.29081054908264,112.29081054908058,0.8987388393655026,9.0,579.7305543255625
CON3-0,moderate,SAA,search_sampled,2,certified_feasible,1.0,14988.468668077618,19100.328393794865,9171.210418541907,8808.697478345282,0.784723087428535,1.634295581941361,1.0411539777688814,7598.68131532163,19669.469322879955,1.8192752870262983,-0.7358851930319873,2.588537208846928,1.0,1.8192752870262978,2.7518111310871496,124.92634341194999,123.92634341194793,0.8625855666853848,9.0,441.4635688308972
CON3-0,moderate,SAA,search_sampled,2,certified_feasible,1.0,330.0840979663889,437.2514288345254,242.58975253442597,242.24937519547817,0.7549068480947304,1.3606679363735557,1.001405070038563,238.9793662037115,486.0568960636453,2.196519816417161,-0.7937792328238219,2.0338864554913885,1.0,2.1965198164171604,3.11421648105277,6082.2806914432795,6081.280691443192,0.866104022343585,9.0,219.38874239490494
CON3-0,moderate,SAA,search_sampled,4,certified_feasible,1.0,44065.154102208624,66539.46210913952,35515.28735436364,26696.03347448523,0.66224091246683,1.2407376480594488,1.3303582117660822,38871.74293277546,71749.87569994807,2.5104103431963027,-0.8456878798429,1.8458106142560122,0.9740995492267672,2.510410343196301,3.6001034349452428,35.76661192541618,34.766611925415376,0.6786264755924543,9.0,14035.951464983365
CON3-0,moderate,SAA,search_sampled,11,certified_feasible,1.0,106444.9621887497,136783.1603624735,78257.83168286938,58576.64194235477,0.7782022429272142,1.3601828711547408,1.3359904065494717,106444.96218874979,156974.61960833336,2.4747021970845724,-0.7911524062964225,1.4747021970845706,0.7133638799218723,2.6980053429786293,3.094569636192999,4.974893143392329,3.974893143391848,0.8541266037419432,9.0,1231.4619769191922
CON3-0,moderate,SAA,search_sampled,12,certified_feasible,1.0,108685.39103065226,140241.01377564608,80199.63347791639,62141.745163412525,0.7749900553665728,1.3551856326198755,1.2905919083382276,108685.39103065229,160861.1733657092,2.4800625165928873,-0.7936984135613755,1.480062516592887,0.7168629454366188,2.7041381177078176,3.1136064194962403,4.610278884593538,3.610278884593064,0.8541200374434017,9.0,115897.74829696407
CON3-0,moderate,SAA,search_sampled,9,certified_feasible,1.0,98425.94574485075,169909.33360710778,85171.00839779784,60345.185184477,0.5792851025620956,1.1556273384147888,1.4113969182036241,97444.81222841347,170018.5044008259,2.717406620837392,-0.8665837628839596,1.7447671201038142,0.721044420482853,2.717406620837391,3.871779838777903,5.331492332488002,4.331492332487483,0.8286165861642301,9.0,85067.31722873008
CON3-0,moderate,SAA,search_sampled,14,certified_feasible,1.0,121195.17526950766,162035.22651121535,94092.56451520932,68396.13117896687,0.7479557246838487,1.288042003041775,1.3757001001855584,121195.17526950764,188801.45184880143,2.5578297686269638,-0.8273263615984192,1.557829768626964,0.697236058603747,2.775717460923256,3.4033136670681414,1.611958232028738,0.6119582320282752,0.8811084323532969,9.0,152339.19483780692
CON3-0,moderate,SAA,search_sampled,16,certified_feasible,1.0,124364.71802702369,164815.9820112126,96929.41389847557,73105.60164209479,0.7545671027131522,1.2830441557944838,1.325882172107901,124364.71802702367,194771.343473044,2.566130222164146,-0.8398486778709042,1.5661302221641462,0.6978211914879839,2.830127785888241,3.5338632017882143,1.2864058594552656,0.28640585945481,0.8859920467766936,9.0,153928.04088888405
CON3-0,moderate,SAA,search_sampled,3,certified_feasible,1.0,21918.070663774826,28032.754853791805,15832.806876272123,14163.435543342817,0.7818735895951415,1.3843452291850031,1.1178648589758262,15069.87111137193,31565.764245812155,2.127725385713867,-0.7810691246842294,2.0946273536468536,0.9972076954330182,2.1277253857138683,3.02246646609801,82.99379650099058,81.99379650098915,0.8703045114653829,9.0,11851.411303639812
CON3-0,moderate,SAA,search_sampled,18,ambiguous,-1.0,137712.4578817495,187001.3582751011,112043.69288136518,78818.46151771765,0.7364249070274569,1.229096027989394,1.42154123188739,137712.45788174967,225760.0528489805,2.639358241959748,-0.8870153966066137,1.6393582419597446,0.7084459193683873,2.9899734803431848,4.207318259076225,0.72360466106465,-0.2763953389357895,0.9005580997421629,9.0,7673.816947502928
CON3-0,moderate,SAA,search_sampled,4,certified_feasible,1.0,43458.03775901465,52043.04024773285,37142.53967557751,26779.948981836606,0.8350403349256256,1.1700340940226497,1.3869533396336673,43458.037759014645,74425.18153025083,2.7125757481954547,-0.8933688894396219,1.7125757481954549,0.9982306497016651,2.9031987376099666,4.33084889841485,35.814372110874615,34.8143721108738,0.8284952607130229,9.0,13836.12750995352
CON3-0,moderate,SAA,search_sampled,19,certified_infeasible,-1.0,152029.8713442037,236196.7208313663,134288.73295198407,86236.12634076686,0.643657840841686,1.1321118905676406,1.557221302141224,148634.51980209665,268285.2490862602,2.7423542834186074,-0.8896994974946342,1.8049996020000985,0.7191132454738185,2.742354283418604,4.258201928823705,2.1692806440864727,1.1692806440860515,0.9047405413209093,9.0,181464.96870400975
CON3-0,moderate,SAA,search_sampled,7,certified_feasible,1.0,54674.52217950341,70343.1968386236,48941.001016363254,36393.19476009475,0.7772538729642021,1.117151693755164,1.3447844120029606,53920.64456193033,97088.88111952454,2.7619724811800164,-0.8924750441621965,1.8005882887400115,0.9932961868980683,2.7619724811800177,4.312810353486879,26.152960451854625,25.152960451853943,0.8368932698558299,9.0,19044.642759110415
CON3-0,moderate,SAA,search_sampled,8,certified_feasible,1.0,63518.75281648934,82096.06439164307,57914.919256890105,39009.99374253445,0.7737125194390585,1.096759757787844,1.4846174967145078,63518.752816489345,115102.01305464137,2.812094979055715,-0.9072180503920716,1.8120949790557146,0.9841308382426579,2.818078949684017,4.642835011904107,20.259598880234407,19.259598880233778,0.8490443437189388,9.0,25685.11498937203
CON3-0,moderate,SAA,search_sampled,10,certified_feasible,1.0,147330.5582904008,204189.79805541714,115018.2920127234,78241.2393282174,0.7215373132913099,1.2809315432549024,1.4700469087692798,109057.15047617696,228236.55165465968,2.289366890648732,-0.8492905950422922,2.092816020390308,0.9119222392816545,2.2893668906487323,3.642879621468545,1.4566091800244796,0.4566091800240981,0.9132233073954069,9.0,132126.00256151907
CON3-0,moderate,SAA,search_sampled,12,ambiguous,-1.0,168582.92000751203,233024.96365359178,138544.3877375221,92034.0808476539,0.7234543345241009,1.2168152226194766,1.505359606588105,131102.39784314382,272128.47816229536,2.3918845158659683,-0.880428311157977,2.0756941340453654,0.885842623573933,2.391884515865968,4.089788187054286,0.7748075075942049,-0.22519249240615935,0.927698360066477,9.0,5838.507037606643
CON3-0,moderate,SAA,search_sampled,25,certified_infeasible,-1.0,226087.2282031712,373134.08418144064,206114.24522012615,136478.70026484187,0.6059141680909368,1.0969024870731972,1.510230129830911,194269.7626558618,411451.7171449099,2.6791494796709423,-0.9753077464883484,2.1179400824912418,0.7108244970460715,2.679149479670943,8.999836801940535,7.4021588240999145,6.402158824099542,0.9291258130298211,9.0,292179.83366216684
CON3-0,moderate,SAA,search_sampled,26,certified_infeasible,-1.0,235674.15956914873,386001.5853992202,214333.570841073,136622.00028056186,0.610552309844541,1.0995671776676537,1.5688071496605638,201317.1433670845,427610.8294994465,2.6686335660061977,-0.9748303569766995,2.1240656525695623,0.7164198840801008,2.668633566006197,8.914078818261046,7.9701282185774875,6.970128218577118,0.9299868547433016,9.0,2857.7110828585282
CON3-0,moderate,SAA,search_sampled,32,certified_infeasible,-1.0,214881.7511630531,332689.1114329962,187945.14674351944,129509.06880297454,0.6458935497993611,1.1433216280721143,1.4512122469928743,214881.75116305338,377481.72689681314,2.7566951351321536,-0.948932764006877,1.7566951351321503,0.605315010112287,3.1789075447681436,6.2581190651587475,8.780038257164923,7.780038257164518,0.9189647554039224,9.0,333759.67654935224
CON3-0,moderate,SAA,search_sampled,26,certified_infeasible,-1.0,235674.1595691489,386001.58539922023,214333.57084107285,139285.99163519125,0.6105523098445413,1.0995671776676552,1.5388020598829586,201317.14336708453,427610.8294994465,2.6686335660061955,-0.9748303569766994,2.1240656525695623,0.7164198840801008,2.6686335660061964,8.914078818261025,7.970128218577482,6.970128218577112,0.9299868547433016,9.0,305349.07028915593
CON3-0,moderate,SAA,search_sampled,9,certified_feasible,1.0,86540.5023984731,106052.51551535622,75408.5415982902,54230.94270440721,0.8160155558586649,1.1476220142206714,1.3905076666159806,86540.5023984731,150928.0499112079,2.7440163360303167,-0.9057090756548877,1.744016336030317,0.9758652976221073,2.921067589524394,4.605534619686421,10.883506208107956,9.883506208107438,0.884177904059061,9.0,40338.98220491549
CON3-0,moderate,SAA,search_sampled,18,ambiguous,-1.0,137712.4578817495,187001.3582751011,112043.69288136518,79218.83232978871,0.7364249070274569,1.229096027989394,1.414356783434099,137712.45788174967,225760.0528489805,2.639358241959748,-0.8870153966066137,1.6393582419597446,0.7084459193683873,2.9899734803431848,4.207318259076225,0.72360466106465,-0.2763953389357895,0.9005580997421629,9.0,3577.406692512668
CON3-0,moderate,SAA,search_sampled,15,ambiguous,1.0,125886.1190254166,206945.75602950397,113312.90654285582,85199.53295073654,0.6083049077240762,1.1109601091893755,1.3299709824509813,125886.11902541654,226621.6470779592,2.8002115628983995,-0.9014260975898273,1.8002115628984008,0.6995026140394045,2.806891064925527,4.504369642078584,0.7026787189971284,-0.29732128100332994,0.8833771242815271,9.0,142062.25733319647
CON3-0,moderate,SAA,search_sampled,16,ambiguous,-1.0,132165.9866185501,216833.48077936322,120806.16106043632,88527.65014787823,0.6095275791520143,1.0940334951330066,1.3646150198117704,131522.89227237756,241599.6668186421,2.8231360324794053,-0.9158016937115947,1.8369400386839185,0.703983659174109,2.8231360324794044,4.873750807108618,0.4129554614606698,-0.5870445385397828,0.890140664954419,9.0,150233.5772667122
CON3-0,moderate,SAA,search_sampled,11,ambiguous,1.0,148376.39753689594,205524.45271631388,114588.19427026727,76431.71509412164,0.7219403607496787,1.2948663558388567,1.4992231186904275,103526.83908419967,227635.24481240514,2.231905406749457,-0.8597012921273504,2.198804163500699,0.9113520201122015,2.2319054067494566,3.775618993740988,0.9914665986642344,-0.00853340133615104,0.9194235283135536,9.0,131099.6320785332
CON3-0,moderate,SAA,search_sampled,14,certified_feasible,1.0,123685.19481707017,193532.51305543975,106784.9024237041,79553.97910503681,0.6390925889627601,1.1582648109403013,1.342294925093737,123685.1948170702,213569.97510739465,2.7267222275330827,-0.8874584141298211,1.726722227533082,0.7018265030604318,2.847790405727434,4.215591134323207,1.787109101880346,0.787109101879895,0.8757106624149125,9.0,126045.28183268302
CON3-0,moderate,SAA,search_sampled,14,certified_feasible,1.0,123685.19481707017,193532.51305543975,106784.9024237041,77921.2171616354,0.6390925889627601,1.1582648109403013,1.370421386028859,123685.1948170702,213569.97510739465,2.7267222275330827,-0.8874584141298211,1.726722227533082,0.7018265030604318,2.847790405727434,4.215591134323207,1.787109101880346,0.787109101879895,0.8757106624149125,9.0,134083.32570029306
CON3-0,moderate,SAA,search_sampled,11,certified_feasible,1.0,95149.17774816148,126983.20928818021,88575.74300498998,57646.2540995624,0.749305189887165,1.0742125837183345,1.5365394402211883,94904.1096605208,175948.98412454655,2.846615180448061,-0.9255883211132815,1.8539659110014246,0.9484756053260189,2.8466151804480617,5.184351584680657,7.673751775691203,6.673751775690698,0.8962430272092864,9.0,51878.45500762554
CON3-0,moderate,SAA,search_sampled,11,certified_feasible,1.0,95149.17774816147,126983.20928818022,88575.7430049899,57593.304720573564,0.7493051898871648,1.0742125837183354,1.5379520837488727,94904.1096605208,175948.98412454655,2.8466151804480613,-0.9255883211132815,1.8539659110014246,0.9484756053260189,2.8466151804480617,5.184351584680657,7.673751775691205,6.6737517756906986,0.8962430272092865,9.0,50414.9402495251
CON3-0,moderate,SAA,search_sampled,15,ambiguous,1.0,125886.11902541667,206945.75602950397,113312.9065428559,81298.14182146051,0.6083049077240765,1.1109601091893753,1.393794544427636,125886.11902541656,226621.64707795923,2.8002115628983986,-0.9014260975898273,1.8002115628984008,0.6995026140394046,2.8068910649255274,4.504369642078584,0.653888186147641,-0.346111813852818,0.8833771242815271,9.0,133621.71452804812
CON3-0,moderate,SAA,search_sampled,11,certified_feasible,1.0,92976.19064018122,120291.48965307807,83187.5786417186,55114.146338628314,0.7729240938683654,1.1176691539565213,1.5093689037766014,92976.19064018114,167233.94733391693,2.798674974554657,-0.9354157898296707,1.7986749745546589,0.8936092309974075,3.000126045286993,5.564828972879247,7.589696285536213,6.589696285535692,0.90234454214575,9.0,2953.466143505735
CON3-0,moderate,SAA,search_sampled,11,certified_feasible,1.0,92976.19064018122,120291.48965307807,83187.5786417186,55387.66538546414,0.7729240938683654,1.1176691539565213,1.5019152380369192,92976.19064018114,167233.94733391693,2.798674974554657,-0.9354157898296707,1.7986749745546589,0.8936092309974075,3.000126045286993,5.564828972879247,7.589696285536213,6.589696285535692,0.90234454214575,9.0,7178.022965221637
CON3-0,moderate,SAA,search_sampled,11,certified_feasible,1.0,92976.19064018113,120291.48965307807,83187.5786417186,55874.15537585427,0.7729240938683647,1.1176691539565202,1.488838230880313,92976.19064018114,167233.9473339169,2.798674974554659,-0.9354157898296706,1.7986749745546586,0.8936092309974075,3.000126045286994,5.564828972879242,7.58969628553622,6.5896962855357,0.90234454214575,9.0,57652.17281117765
CON3-0,moderate,SAA,search_sampled,11,certified_feasible,1.0,92976.19064018117,120291.48965307805,83187.5786417186,55341.28804675696,0.7729240938683651,1.1176691539565209,1.5031738793545022,92976.19064018116,167233.94733391693,2.7986749745546584,-0.9354157898296706,1.7986749745546586,0.8936092309974077,3.000126045286993,5.564828972879242,7.589696285536217,6.5896962855356955,0.90234454214575,9.0,57664.662086602446
CON3-0,moderate,SAA,search_sampled,11,ambiguous,1.0,146164.26079603322,208902.5309691586,115649.78370198085,80506.66543301774,0.6996768307111235,1.2638524354933984,1.4365243309971953,104162.02295987756,230099.78947659043,2.286891546647767,-0.8851854915931087,2.2090564577957856,0.8650107184887866,2.286891546647767,4.173655630992196,0.3080822273414466,-0.6919177726589544,0.9248013359609514,9.0,148486.98084617115
CON3-0,moderate,SAA,search_sampled,16,ambiguous,-1.0,129891.19640681767,213106.6045741536,115652.19228150176,82849.38488578373,0.6095127678767933,1.1231191890479486,1.3959330228092826,129891.19640681767,231239.89126171623,2.780258382850487,-0.9117339072807377,1.780258382850487,0.6697128726363663,2.8937860459116584,4.760121596007975,0.4370241351447852,-0.5629758648556753,0.8896997247269665,9.0,157836.19406921515
CON3-0,moderate,SAA,search_sampled,16,ambiguous,-1.0,129891.19640681767,213106.6045741536,115652.19228150176,84733.38238068373,0.6095127678767933,1.1231191890479486,1.3648952636153286,129891.19640681767,231239.89126171623,2.780258382850487,-0.9117339072807377,1.780258382850487,0.6697128726363663,2.8937860459116584,4.760121596007975,0.4370241351447852,-0.5629758648556753,0.8896997247269665,9.0,150994.48563850642
CON3-0,moderate,SAA,search_sampled,16,ambiguous,-1.0,129891.19640681767,213106.6045741536,115652.19228150176,85245.80337192045,0.6095127678767933,1.1231191890479486,1.3566907426154544,129891.19640681767,231239.89126171623,2.780258382850487,-0.9117339072807377,1.780258382850487,0.6697128726363663,2.8937860459116584,4.760121596007975,0.4370241351447852,-0.5629758648556753,0.8896997247269665,9.0,147345.4183963593
CON3-0,moderate,SAA,search_sampled,16,ambiguous,-1.0,129891.19640681767,213106.60457415367,115652.19228150189,85262.33374923159,0.6095127678767932,1.1231191890479473,1.3564277119325763,129891.19640681767,231239.89126171623,2.780258382850487,-0.9117339072807377,1.780258382850487,0.6697128726363663,2.8937860459116584,4.760121596007975,0.4370241351447852,-0.5629758648556753,0.8896997247269665,9.0,158691.71165350766
CON3-0,moderate,SAA,search_sampled,17,ambiguous,1.0,129192.44765007398,173444.86573780084,102847.60963258996,74393.30375574777,0.7448617582337439,1.2561541110347398,1.3824847726922433,129192.44765007406,206883.46786380603,2.601358838127777,-0.8616333073979338,1.6013588381277752,0.7011680329115019,2.8997540434624027,3.8018871156936975,0.4937982048600325,-0.5062017951404172,0.8934841294970196,9.0,7277.512309933416
CON3-0,moderate,SAA,search_sampled,17,ambiguous,1.0,129192.44765007398,173444.8657378009,102847.60963258993,74439.9182135911,0.7448617582337437,1.2561541110347403,1.3816190573650067,129192.44765007409,206883.46786380603,2.601358838127777,-0.8616333073979335,1.601358838127775,0.7011680329115019,2.899754043462402,3.8018871156936944,0.5087998404355351,-0.49120015956491436,0.8934841294970195,9.0,4023.1815480328514
CON3-0,moderate,SAA,search_sampled,11,certified_feasible,1.0,97612.89191996824,120557.06866955833,86151.46739301615,57584.2090271614,0.809682028579518,1.133038065093726,1.496095350591342,97612.89191996827,172496.27338131165,2.7671464290059093,-0.915542764583188,1.7671464290059087,0.96660507810111,2.938108453312991,4.866274095643018,7.803801377782111,6.803801377781622,0.8893612287341831,9.0,3356.71226904777
CON3-0,moderate,SAA,search_sampled,11,ambiguous,1.0,151769.87656775094,210284.6994439895,118244.9467916117,81093.06409911932,0.7217352330865884,1.2835210356618596,1.4581388446129249,106394.34456963826,234549.9767536161,2.246455812139077,-0.8675559061813755,2.204534251349198,0.9115128891851306,2.246455812139077,3.885963344872855,0.7598058132518303,-0.24019418674854975,0.9192446062025732,9.0,131566.81995932793
CON3-0,moderate,SAA,search_sampled,16,ambiguous,1.0,131191.5417429195,214883.15538650687,118393.81759135597,85662.18185337217,0.610525015359847,1.1080945307105117,1.3821013547613168,129678.86652153589,236788.2265513983,2.793374391399838,-0.9065536788466105,1.8259584842382521,0.7034841586079983,2.793374391399837,4.626301083297248,0.10305112293606282,-0.8969488770643856,0.8864359104125291,9.0,136604.0620188284
CON3-0,moderate,SAA,search_sampled,16,ambiguous,1.0,131191.54174291957,214883.15538650693,118393.81759135591,85637.0778951451,0.6105250153598472,1.1080945307105126,1.3825065088782977,129678.86652153589,236788.22655139831,2.7933743913998366,-0.9065536788466105,1.8259584842382524,0.7034841586079985,2.7933743913998366,4.626301083297248,0.10305112293606278,-0.8969488770643856,0.8864359104125289,9.0,138427.0070024775
CON3-0,moderate,SAA,search_sampled,18,ambiguous,-1.0,130239.4930366029,178946.55731857955,106239.26100199521,77337.14733479587,0.7278122305797524,1.225907369914376,1.3737157971715823,130239.49303660299,213427.3831209925,2.6387301435595294,-0.8693806748261004,1.6387301435595276,0.6936811493363008,2.8858392734952503,3.913012903050626,0.0849752785129276,-0.9150247214875267,0.8994864257929205,9.0,4152.112132150971
CON3-0,moderate,SAA,search_sampled,18,ambiguous,-1.0,130239.4930366029,178946.55731857952,106239.26100199526,76569.70492427223,0.7278122305797525,1.2259073699143757,1.3874842681850001,130239.49303660299,213427.3831209925,2.6387301435595294,-0.8693806748261004,1.6387301435595276,0.6936811493363005,2.8858392734952503,3.913012903050626,0.0849752785129276,-0.9150247214875267,0.8994864257929206,9.0,4195.298561396048
CON3-0,moderate,SAA,search_sampled,18,ambiguous,-1.0,130239.4930366029,178946.55731857955,106239.26100199526,77059.47631184146,0.7278122305797524,1.2259073699143757,1.378665753866145,130239.49303660299,213427.38312099254,2.63873014355953,-0.8693806748261003,1.6387301435595278,0.6936811493363007,2.8858392734952494,3.913012903050624,0.05221312112008271,-0.9477868788803712,0.8994864257929206,9.0,6248.389262685596
CON3-0,moderate,SAA,search_sampled,12,certified_feasible,1.0,104004.78367793637,133203.2440750771,93808.56680192737,61914.668903878366,0.7807976780153819,1.1086917455794614,1.5151266810061412,104004.78367793637,187747.94952216675,2.805185712452914,-0.9279837655600778,1.8051857124529138,0.9291245257024483,2.9433366338099805,5.269868679833293,5.734054975214776,4.734054975214294,0.9026376754796218,9.0,6005.9753262523445
CON3-0,moderate,SAA,search_sampled,16,ambiguous,-1.0,130877.06190522083,215522.51222282916,119520.22833727763,86559.11438329612,0.6072547157853597,1.0950201796460346,1.3807931052531912,130877.06190522083,239074.49764462424,2.8267104576182978,-0.9239701373174105,1.8267104576182978,0.6878072979450613,2.8831689416200277,5.128884213065659,0.22681188916200642,-0.7731881108384477,0.8969585828405853,9.0,147965.74761516598
CON3-0,moderate,SAA,search_sampled,18,ambiguous,-1.0,137712.45788174955,187001.3582751011,112043.69288136504,79606.46068460567,0.7364249070274572,1.229096027989396,1.4074698450075938,137712.45788174967,225760.0528489805,2.6393582419597466,-0.8870153966066137,1.6393582419597446,0.7084459193683873,2.9899734803431848,4.207318259076225,0.7376781737196763,-0.26232182628076356,0.9005580997421632,9.0,4695.848558816302
CON3-0,moderate,SAA,search_sampled,16,certified_feasible,1.0,124364.71802702369,164815.9820112126,96929.41389847557,73105.60164209479,0.7545671027131522,1.2830441557944838,1.325882172107901,124364.71802702367,194771.343473044,2.566130222164146,-0.8398486778709042,1.5661302221641462,0.6978211914879839,2.830127785888241,3.5338632017882143,1.2864058594552656,0.28640585945481,0.8859920467766936,9.0,153928.04088888405
CON3-0,moderate,SAA,search_sampled,8,certified_feasible,1.0,68425.68767458037,82854.0647597045,59530.27334193981,44148.98364669454,0.825857945208003,1.1494267342188338,1.3483951027805114,68425.68767458035,119595.6394314786,2.747817866299756,-0.9153464700606262,1.747817866299757,0.9698844802238387,2.9714397497373937,4.860628865394526,16.632439401169545,15.632439401168932,0.8742346937127078,9.0,9384.951361470616
CON3-0,moderate,SAA,search_sampled,8,certified_feasible,1.0,86197.69232823225,121581.34696825458,77744.8820433019,54357.43144241773,0.7089713552091083,1.108724974078967,1.430253048760391,78409.08550854685,153466.5077129381,2.6900440946670092,-0.9253552573925764,1.9572541462202073,0.8936768551903387,2.69004409466701,5.176251691365327,9.426499278691105,8.42649927869056,0.9230154485475267,9.0,3988.051643911371
CON3-0,moderate,SAA,search_sampled,16,certified_feasible,1.0,117317.68582512687,165403.47859098206,98658.58026414862,76163.48552907429,0.7092818532265326,1.1891280566882305,1.2953527478267413,117317.68582512687,197863.46260769578,2.6865612479147436,-0.8793234791636246,1.6865612479147434,0.6948139282427336,2.8664534161618067,4.071023482180403,1.3364781124105956,0.3364781124101131,0.9006043772328026,9.0,4685.674185500757
CON3-0,moderate,SAA,search_sampled,16,certified_feasible,1.0,117317.68582512687,165403.47859098203,98658.58026414862,72758.74686165985,0.7092818532265327,1.1891280566882305,1.3559686569607023,117317.68582512686,197863.46260769575,2.686561247914743,-0.8793234791636247,1.6865612479147434,0.6948139282427335,2.8664534161618076,4.071023482180405,1.2967004247497205,0.29670042474923736,0.9006043772328025,9.0,6253.233068989735
CON3-0,moderate,SAA,search_sampled,11,certified_feasible,1.0,104935.81065549619,184079.68100108826,90740.18306657947,68209.18129458067,0.5700564564476609,1.1564425716278404,1.3303221259128193,89606.11396770786,183429.59749853078,2.6019307399512424,-0.9328114279000485,2.0470656451482196,0.7226391607205356,2.601930739951242,5.455911186396087,3.2829979731086216,2.282997973108109,0.8748782786605968,9.0,92314.91745717124
CON3-0,moderate,SAA,search_sampled,16,certified_feasible,1.0,121131.32270796943,177407.55252342913,102462.00487181058,71898.3832529322,0.6827856028957525,1.1822072275426962,1.42509469943654,121131.32270796939,205277.36357843742,2.694667894226931,-0.8781879920914187,1.6946678942269318,0.7211432778994122,2.8476759799168057,4.052004759592275,1.4008609419977727,0.40086094199730643,0.893374912739962,9.0,2619.5965463781904
CON3-0,moderate,SAA,search_sampled,9,certified_feasible,1.0,82594.91848386143,108304.5595209033,74161.25402572795,52431.96649623315,0.7626171866561187,1.1137206290390893,1.4144282387549947,80132.22877623656,146704.20179748465,2.7463727156295183,-0.8983435303550479,1.830776505757072,0.9675446576593081,2.746372715629519,4.43555007097936,11.653538269258092,10.653538269257552,0.8764103293441016,9.0,43965.660583340534
CON3-0,moderate,SAA,search_sampled,9,certified_feasible,1.0,82594.91848386143,108304.5595209033,74161.25402572789,55489.138620306505,0.7626171866561187,1.1137206290390902,1.3365003651108802,80132.22877623653,146704.20179748465,2.746372715629518,-0.8983435303550481,1.8307765057570726,0.9675446576593081,2.7463727156295183,4.435550070979365,12.234815043728581,11.23481504372805,0.8764103293441015,9.0,43017.84536764851
CON3-0,moderate,SAA,search_sampled,9,certified_feasible,1.0,82594.91848386145,108304.5595209033,74161.25402572783,50565.14760214603,0.7626171866561188,1.1137206290390913,1.4666476326587516,80132.22877623654,146704.20179748468,2.7463727156295183,-0.8983435303550479,1.8307765057570726,0.9675446576593081,2.7463727156295175,4.43555007097936,12.23481504372858,11.234815043728048,0.8764103293441015,9.0,42691.81103140871
CON3-0,moderate,SAA,search_sampled,9,certified_feasible,1.0,107757.02637359643,152550.96556911553,90762.12019272585,61799.93601229557,0.706367383330494,1.1872466855642343,1.4686442421990216,86237.17574260962,178868.92362194776,2.4602210016953103,-0.9017534396666091,2.074150992094341,0.8946823521551052,2.4602210016953103,4.5118673273653105,5.210484098156959,4.210484098156488,0.9240618159863193,9.0,2618.7613455673854
CON3-0,moderate,SAA,search_sampled,9,certified_feasible,1.0,107757.02637359643,152550.9655691155,90762.12019272581,61984.156045541946,0.7063673833304941,1.1872466855642347,1.464279357551302,86237.1757426096,178868.92362194776,2.4602210016953103,-0.9017534396666091,2.0741509920943413,0.8946823521551053,2.46022100169531,4.5118673273653105,5.210484098156959,4.210484098156488,0.9240618159863193,9.0,2795.717320047872
CON3-0,moderate,SAA,search_sampled,16,certified_feasible,1.0,113865.15914752448,164922.21969254545,95778.34848170467,72135.10386641057,0.6904173334545002,1.1888402854354365,1.3277633682912526,113865.15914752448,191906.0105827304,2.685379549104179,-0.8736028671122653,1.6853795491041792,0.7042151559197377,2.8372675474391356,3.977831535412903,1.8343704046618734,0.8343704046613831,0.8953487945828227,9.0,3124.051279308973
CON3-0,moderate,SAA,search_sampled,13,certified_feasible,1.0,118689.12074646444,199723.99963361345,99743.89657422136,73869.90970951835,0.5942656914752128,1.1899386811918418,1.3502642275650307,101810.68590591742,201576.861054637,2.5561529570063133,-0.8992865945242994,1.979918505223635,0.7471957607487492,2.5561529570063115,4.456268572396312,2.606956554946304,1.6069565549458453,0.854081418544638,9.0,90125.11523744954
CON3-0,moderate,SAA,search_sampled,13,certified_feasible,1.0,118689.12074646451,199723.9996336135,99743.89657422123,72092.92434274135,0.5942656914752129,1.1899386811918442,1.3835462700891799,101810.68590591742,201576.86105463703,2.5561529570063115,-0.8992865945242993,1.9799185052236352,0.7471957607487492,2.556152957006311,4.45626857239631,2.5833453888804536,1.5833453888799942,0.854081418544638,9.0,90437.80694256534
CON3-0,moderate,SAA,search_sampled,13,certified_feasible,1.0,122801.38930641269,208774.91969597043,103825.46291699573,74212.78859729384,0.5881999115853708,1.1827675587113677,1.3990238728312887,102912.66394074545,210093.04968062515,2.548877625808957,-0.9169208868325464,2.041469355040615,0.7466934281212257,2.548877625808955,4.906469142390353,1.493172569134443,0.4931725691339845,0.870456762941574,9.0,99602.40659860849
CON3-0,moderate,SAA,search_sampled,17,ambiguous,1.0,122530.17778080296,178229.97381666777,102242.67460346506,75151.04192235119,0.6874835649521043,1.1984250045885474,1.360495769428,122530.17778080299,204960.7366200331,2.6727367929449355,-0.8773608938217777,1.6727367929449348,0.7193722789963882,2.8773046794040957,4.038317951309143,0.6515432786706579,-0.3484567213298136,0.8911625356529913,9.0,141757.65288889827
CON3-0,moderate,SAA,search_sampled,17,ambiguous,1.0,122530.17778080296,178229.97381666777,102242.67460346506,76565.17715657533,0.6874835649521043,1.1984250045885474,1.335367831702125,122530.17778080299,204960.7366200331,2.6727367929449355,-0.8773608938217777,1.6727367929449348,0.7193722789963882,2.8773046794040957,4.038317951309143,0.6515432786706579,-0.3484567213298136,0.8911625356529913,9.0,141652.24080143118
CON3-0,moderate,SAA,search_sampled,17,ambiguous,1.0,122530.17778080296,178229.97381666774,102242.67460346506,78015.84624064491,0.6874835649521044,1.1984250045885474,1.3105372758258742,122530.17778080299,204960.7366200331,2.6727367929449355,-0.8773608938217777,1.6727367929449348,0.7193722789963882,2.8773046794040957,4.038317951309143,0.6515432786706579,-0.3484567213298136,0.8911625356529913,9.0,141642.7015232279
CON3-0,moderate,SAA,search_sampled,9,certified_feasible,1.0,72335.9794631608,90966.00410854777,64644.92042152569,47359.74621892431,0.7951979442434761,1.1189739115074246,1.3649760731972518,72335.9794631608,129046.31984334113,2.783985242213548,-0.912936630129817,1.7839852422135478,0.9700129238974199,2.894223905114776,4.792887788476606,15.085264959218987,14.085264959218398,0.8732109660255452,9.0,30556.705474634524
CON3-0,moderate,SAA,search_sampled,18,ambiguous,1.0,123267.32208643845,182932.2739330841,104739.23932854728,75511.7380735206,0.673841304413726,1.1768972438282854,1.3870590453972849,123267.32208643842,209802.05238111492,2.7020086818629507,-0.8813147255726832,1.7020086818629512,0.7120560688655538,2.8532077144932027,4.10503230005385,0.168863733838581,-0.8311362661618945,0.8948227634252293,9.0,146208.44522694033
CON3-0,moderate,SAA,search_sampled,18,ambiguous,1.0,123267.32208643845,182932.27393308413,104739.23932854728,75044.06253767399,0.6738413044137259,1.1768972438282854,1.395703214707567,123267.32208643842,209802.05238111492,2.7020086818629507,-0.8813147255726832,1.7020086818629512,0.7120560688655537,2.8532077144932027,4.10503230005385,0.168863733838581,-0.8311362661618945,0.8948227634252293,9.0,146202.50269452063
CON3-0,moderate,SAA,search_sampled,10,certified_feasible,1.0,77906.35774332784,105495.34029916587,68889.21389492758,50584.136365681414,0.7384815056513339,1.1308934060730254,1.3618738767608014,76328.17799330557,136579.56671120363,2.732867391977946,-0.8830119293339271,1.7893728148886572,0.8176066818573556,2.7328673919779467,4.134701945698144,10.886740930790232,9.886740930789639,0.8999751468628653,9.0,4087.866025873751
CON3-0,moderate,SAA,search_sampled,9,certified_feasible,1.0,96566.29058103601,138500.63361036647,80599.12625069734,57014.54540066639,0.6972263452071907,1.1981059233902118,1.4136590177873327,81183.40137565404,159284.16717755081,2.4901812745039686,-0.8752895610539758,1.9620287457593306,0.7746502741537409,2.490181274503968,4.004641041611345,5.264146646332546,4.264146646332015,0.9348819756405037,9.0,2951.854482445211
CON3-0,moderate,SAA,search_sampled,9,certified_feasible,1.0,96566.29058103601,138500.63361036647,80599.12625069742,55600.68577278685,0.6972263452071907,1.198105923390211,1.4496066933430842,81183.40137565404,159284.16717755081,2.4901812745039686,-0.8752895610539758,1.9620287457593306,0.7746502741537409,2.490181274503968,4.004641041611345,5.264146646332546,4.264146646332015,0.9348819756405037,9.0,2951.8544824451965
CON3-0,moderate,SAA,search_sampled,18,certified_infeasible,-1.0,127598.81003127982,190226.80203119552,107618.9223864881,77708.97669783914,0.6707719872741946,1.1856540392872421,1.3848969187298623,127598.8100312797,215884.2454139245,2.691898579312786,-0.9018864766819848,1.6918985793127885,0.676904997817111,2.989670148669729,4.514925223998193,1.1671929341431004,0.1671929341426217,0.9032894220215519,9.0,2989.2621632157534
CON3-0,moderate,SAA,search_sampled,18,certified_infeasible,-1.0,127598.81003127982,190226.80203119552,107618.9223864881,78496.89912245447,0.6707719872741946,1.1856540392872421,1.3709958430154487,127598.8100312797,215884.2454139245,2.691898579312786,-0.9018864766819848,1.6918985793127885,0.6769049978171111,2.989670148669729,4.514925223998193,1.279818315708626,0.27981831570814564,0.9032894220215519,9.0,3082.6799864965287
CON3-0,moderate,SAA,search_sampled,18,certified_infeasible,-1.0,127598.81003127982,190226.80203119552,107618.9223864881,78011.63859159742,0.6707719872741946,1.1856540392872421,1.379523931677544,127598.8100312797,215884.2454139245,2.691898579312786,-0.9018864766819848,1.6918985793127885,0.6769049978171111,2.989670148669729,4.514925223998193,1.279818315708626,0.27981831570814564,0.9032894220215519,9.0,2989.262163215899
CON3-0,moderate,SAA,search_sampled,10,certified_feasible,1.0,88503.92776414193,123372.40172285993,79382.72068179167,57837.72378332499,0.7173721718002581,1.1149016688268083,1.3725076902953477,76990.2053321138,156614.2818219542,2.6394815807114353,-0.938091695092731,2.0342104706223973,0.9180364500210985,2.6394815807114345,5.683822951462054,9.69497557095624,8.694975570955718,0.8941222558634183,9.0,58387.36495281452
CON3-0,moderate,SAA,search_sampled,14,ambiguous,-1.0,132146.64405513095,230025.28182653405,111841.78538439418,80049.931690214,0.5744874780972336,1.1815498438347534,1.3971502913607945,110350.29916488727,226510.8859291061,2.5491467263705654,-0.9205967749004286,2.0526531205017373,0.6931516518621984,2.5491467263705645,5.018754206480915,0.5485986944414812,-0.45140130555897334,0.8847260805058763,9.0,5432.9528623925435
CON3-0,moderate,SAA,search_sampled,14,ambiguous,-1.0,132146.644055131,230025.28182653405,111841.78538439414,81034.19058380296,0.5744874780972338,1.1815498438347543,1.3801802002172274,110350.29916488728,226510.8859291061,2.549146726370564,-0.9205967749004285,2.052653120501737,0.6931516518621984,2.5491467263705645,5.018754206480912,0.548598694441481,-0.45140130555897356,0.8847260805058763,9.0,121702.04758281985
CON3-0,moderate,SAA,search_sampled,18,certified_infeasible,-1.0,130321.0180536218,208054.32262028827,115550.76019817966,82878.02662499015,0.6263797666509701,1.1278248436454235,1.3942267317853552,128611.38772227976,231041.71978470212,2.75974752866801,-0.8907675747011544,1.7964328344206026,0.716458556673103,2.75974752866801,4.27896968439211,1.2481653613553223,0.2481653613548517,0.8995104792240761,9.0,160182.91562796975
CON3-0,moderate,SAA,search_sampled,18,ambiguous,-1.0,130321.0180536218,208054.32262028827,115550.76019817966,80981.21899468882,0.6263797666509701,1.1278248436454235,1.4268834383162112,128611.38772227976,231041.71978470215,2.7597475286680107,-0.8907675747011544,1.7964328344206029,0.7164585566731031,2.7597475286680098,4.27896968439211,0.7603449872234278,-0.23965501277703577,0.8995104792240761,9.0,153016.73528480486
CON3-0,moderate,SAA,search_sampled,10,certified_feasible,1.0,91584.6057744342,110962.81104357987,79661.46911199363,58821.06597212044,0.8253630645538078,1.1496725681229678,1.3543016909919818,91584.60577443424,160051.63639973238,2.74758230432227,-0.9160548678797179,1.7475823043222691,0.9651103319867927,2.976180154389089,4.881094763958129,9.082638762801876,8.082638762801368,0.8900380293948961,9.0,4412.984063750322
CON3-0,moderate,SAA,search_sampled,14,ambiguous,-1.0,131153.72342899622,215019.73987827907,113435.46682016258,84299.5237058782,0.6099613156598612,1.15619679722325,1.345624053772118,118127.70730386922,227438.61494670174,2.6348189987732455,-0.9022506546741632,1.9253621367732419,0.7062770086909526,2.6348189987732455,4.523327877689091,0.1984521697133951,-0.8015478302870578,0.8931172115079807,9.0,134671.7114497383
CON3-0,moderate,SAA,search_sampled,14,ambiguous,-1.0,131153.72342899628,215019.7398782791,113435.46682016265,81694.55403113841,0.6099613156598613,1.1561967972232499,1.3885315632780857,118127.7073038692,227438.61494670174,2.6348189987732438,-0.9022506546741632,1.9253621367732423,0.7062770086909526,2.634818998773245,4.523327877689091,0.44584617602100435,-0.554153823979452,0.8931172115079807,9.0,145490.4846628359
CON3-0,moderate,SAA,search_sampled,18,certified_infeasible,-1.0,127278.59870493141,190137.91531402207,112421.51810868287,82032.12101967745,0.6694014631154684,1.1321551322753491,1.3704572880873793,127278.59870493149,225351.64912964424,2.770538420619122,-0.9141241200352733,1.7705384206191206,0.7092818007573097,2.9239431420177815,4.825911992911994,1.3960056212128065,0.39600562121232324,0.9156255431681452,9.0,4538.106046121407
CON3-0,moderate,SAA,search_sampled,18,certified_infeasible,-1.0,127278.59870493141,190137.91531402213,112421.5181086828,80167.93867750667,0.6694014631154682,1.1321551322753498,1.4023251684307776,127278.59870493149,225351.64912964424,2.770538420619122,-0.9141241200352733,1.7705384206191206,0.7092818007573098,2.9239431420177815,4.825911992911994,1.4112328317452438,0.41123283174476033,0.9156255431681452,9.0,4538.106046121509
CON3-0,moderate,SAA,search_sampled,11,certified_feasible,1.0,98723.27750844375,128891.87763923011,91630.53111730864,63794.89439623353,0.7659387023965263,1.0774059290571472,1.4363301637931472,98723.2775084438,183557.73490279255,2.85931565012206,-0.950821009716778,1.8593156501220582,0.9081116522846269,2.978935592323385,6.3771288783781594,6.083065168014768,5.083065168014262,0.9121780979090619,9.0,12238.714350847149
CON3-0,moderate,SAA,search_sampled,11,certified_feasible,1.0,98723.2775084437,128891.87763923015,91630.5311173087,59634.88239522819,0.7659387023965256,1.077405929057146,1.5365257285162468,98723.27750844379,183557.73490279255,2.859315650122061,-0.9508210097167777,1.8593156501220585,0.9081116522846269,2.978935592323385,6.377128878378145,6.0830651680147705,5.083065168014264,0.9121780979090618,9.0,3552.293299277386
CON3-0,moderate,SAA,search_sampled,10,certified_feasible,1.0,138458.66591647046,193013.59733362796,114047.57009057324,75726.78909235007,0.717351874837822,1.2140431032990062,1.506039955708281,112554.11849436184,225164.42459299378,2.439128969299003,-0.8719631814959794,2.0004992052269763,0.917303672592455,2.4391289692990044,3.9522786903430407,1.901243788659391,0.9012437886589909,0.91240561038797,9.0,4380.508156088239
CON3-0,moderate,SAA,search_sampled,14,ambiguous,1.0,127705.203830177,215282.50326158124,111438.2235584317,82001.79277069919,0.5931982483267926,1.1459730759546418,1.3589730150174315,114334.38725120682,223729.51771576272,2.6472210593432712,-0.9151421351556829,1.9567999015396937,0.6873067372005314,2.647221059343273,4.854773222221537,0.1652288200842677,-0.8347711799161918,0.8925486357777838,9.0,136812.92448452263
CON3-0,moderate,SAA,search_sampled,14,ambiguous,-1.0,127705.203830177,215282.50326158124,111438.22355843162,79951.12750197112,0.5931982483267926,1.1459730759546425,1.3938292934728684,114334.38725120679,223729.51771576272,2.6472210593432712,-0.9151421351556832,1.9567999015396942,0.6873067372005316,2.6472210593432735,4.854773222221546,0.47992830366889355,-0.520071696331575,0.8925486357777838,9.0,139099.99428898242
CON3-0,moderate,SAA,search_sampled,18,certified_infeasible,-1.0,134572.0716561276,194043.9167508143,113519.01982649177,80667.27023363471,0.6935134783376964,1.1854583651428139,1.4072500469857143,134572.0716561277,227818.33380515262,2.692909464805577,-0.8903558390037227,1.692909464805575,0.7092511621429117,2.9185385723079067,4.2709279353103735,1.1116264422960345,0.11162644229557973,0.9022862822466916,9.0,4647.886818308805
CON3-0,moderate,SAA,search_sampled,18,certified_infeasible,-1.0,134572.0716561276,194043.91675081427,113519.0198264919,81076.213017841,0.6935134783376965,1.1854583651428126,1.4001519755432064,134572.0716561277,227818.33380515262,2.692909464805577,-0.890355839003723,1.692909464805575,0.7092511621429117,2.918538572307908,4.270927935310378,1.1116264422960345,0.11162644229557973,0.9022862822466916,9.0,4647.886818308543
CON3-0,moderate,SAA,search_sampled,11,certified_feasible,1.0,97612.89191996832,120557.06866955833,nan,58547.20691167181,0.8096820285795187,nan,nan,97612.89191996827,172496.27338131165,2.7671464290059076,-0.915542764583188,1.7671464290059087,0.96660507810111,2.938108453312991,4.866274095643018,7.803801377782105,6.803801377781616,0.8893612287341831,nan,nan
CON3-0,moderate,SAA,search_sampled,11,certified_feasible,1.0,144005.06877987625,201194.63613833927,nan,81239.69225419778,0.715750039582864,nan,nan,115913.38727665858,235368.6133329351,2.439372471996507,-0.8814635965206037,2.0305559078449185,0.9119934451184005,2.4393724719965055,4.107609264911939,1.3324988443856627,0.33249884438527055,0.9144906290992074,nan,nan
CON3-0,moderate,SAA,search_sampled,18,ambiguous,1.0,123537.18265710563,183508.611837865,nan,76112.43763387196,0.6731955597062343,nan,nan,123537.18265710573,211262.47082112508,2.710112423459689,-0.8842382853715628,1.710112423459687,0.7100442725286477,2.8564066460163904,4.156545342311952,0.03962898053951241,-0.9603710194609639,0.8977428150861804,nan,nan
CON3-0,moderate,SAA,search_sampled,18,ambiguous,1.0,123537.18265710563,183508.61183786503,nan,75489.4282380232,0.6731955597062342,nan,nan,123537.18265710573,211262.47082112508,2.710112423459689,-0.8842382853715627,1.710112423459687,0.7100442725286477,2.8564066460163895,4.156545342311949,0.039628980539510535,-0.9603710194609658,0.8977428150861804,nan,nan
CON3-0,moderate,SAA,search_sampled,11,certified_feasible,1.0,93220.94525999177,114471.81325482322,nan,58368.72486206422,0.8143571994659912,nan,nan,93220.94525999173,164475.14510759446,2.7643582635734467,-0.9235042863186198,1.764358263573448,0.9337973834392953,2.9910304687869975,5.113243175952699,8.165826833917905,7.165826833917394,0.8954796402356492,nan,nan
CON3-0,moderate,SAA,search_sampled,11,certified_feasible,1.0,93220.94525999177,114471.81325482322,nan,56173.31216621474,0.8143571994659912,nan,nan,93220.94525999171,164475.14510759444,2.7643582635734463,-0.9235042863186199,1.764358263573448,0.9337973834392951,2.991030468786997,5.113243175952704,8.165826833917905,7.165826833917394,0.8954796402356493,nan,nan
CON3-0,moderate,SAA,search_sampled,11,certified_feasible,1.0,139122.5271313625,195116.7571157099,nan,78530.32295825028,0.7130219320366155,nan,nan,113187.03399563984,227913.0182932108,2.4517959766988464,-0.8799652199000165,2.0135965246866565,0.891115497109555,2.451795976698844,4.081891411696656,1.5384381390911317,0.5384381390907286,0.9166910099351387,nan,nan
CON3-0,moderate,SAA,search_sampled,11,certified_feasible,1.0,139122.5271313625,195116.7571157099,nan,80721.40943903432,0.7130219320366155,nan,nan,113187.03399563984,227913.01829321077,2.451795976698846,-0.8799652199000166,2.013596524686656,0.8911154971095551,2.4517959766988446,4.081891411696658,1.4104175559864158,0.4104175559860108,0.9166910099351387,nan,nan
CON3-0,moderate,SAA,search_sampled,11,certified_feasible,1.0,139122.52713136253,195116.7571157099,nan,83816.12166511014,0.7130219320366156,nan,nan,113187.03399563984,227913.0182932108,2.4517959766988455,-0.8799652199000165,2.0135965246866565,0.8911154971095551,2.451795976698844,4.081891411696656,1.4104175559864156,0.4104175559860105,0.9166910099351387,nan,nan
CON3-0,moderate,SAA,search_sampled,18,ambiguous,1.0,125889.01445851663,181036.2164012445,nan,75642.83171170091,0.6953802778307027,nan,nan,125889.01445851669,209137.57323423287,2.6612853324318357,-0.8790264044847578,1.6612853324318342,0.7084264694679707,2.9050120360781695,4.06602180648108,0.08811008969737781,-0.9118899103030892,0.8927380928949323,nan,nan
CON3-0,moderate,SAA,search_sampled,18,ambiguous,1.0,125889.01445851663,181036.21640124454,nan,74879.17387486473,0.6953802778307026,nan,nan,125889.0144585167,209137.5732342329,2.6612853324318357,-0.8790264044847577,1.6612853324318342,0.7084264694679707,2.905012036078169,4.0660218064810785,0.08811008969737781,-0.9118899103030892,0.8927380928949323,nan,nan
CON3-0,moderate,SAA,search_sampled,11,ambiguous,1.0,156894.8948065336,217421.02563089484,nan,89047.30007660115,0.7216178580303749,nan,nan,126463.59903317956,254306.9928348212,2.426915116247264,-0.8713941834719133,2.0109106081039183,0.913279812921202,2.426915116247265,3.943525852562032,0.5427924889292061,-0.45720751107116475,0.9124171126498598,nan,nan
CON3-0,moderate,SAA,search_sampled,16,ambiguous,-1.0,139758.56616162407,233258.88931029118,nan,87000.02451135356,0.5991564419039616,nan,nan,120413.74621297777,242630.26805946027,2.5976512513200447,-0.92135173308109,2.0149715102320305,0.7030107554071006,2.597651251320048,5.042784616687114,0.9973926652587383,-0.002607334741699102,0.8909055123799206,nan,nan
CON3-0,moderate,SAA,search_sampled,16,ambiguous,-1.0,139758.56616162407,233258.88931029118,nan,86853.72151630375,0.5991564419039616,nan,nan,120413.74621297777,242630.26805946027,2.5976512513200447,-0.9213517330810899,2.0149715102320305,0.7030107554071007,2.5976512513200474,5.0427846166871095,0.9973926652587383,-0.002607334741699102,0.8909055123799206,nan,nan
CON3-0,moderate,SAA,search_sampled,16,ambiguous,1.0,131191.54174291957,214883.1553865069,nan,85057.89266631627,0.6105250153598473,nan,nan,129678.86652153589,236788.2265513983,2.7933743913998366,-0.9065536788466105,1.8259584842382521,0.7034841586079983,2.793374391399837,4.626301083297248,0.10305112293606278,-0.8969488770643856,0.8864359104125291,nan,nan
CON3-0,moderate,SAA,search_sampled,16,ambiguous,1.0,131191.5417429195,214883.15538650687,nan,86277.23848274785,0.610525015359847,nan,nan,129678.86652153589,236788.2265513983,2.793374391399838,-0.9065536788466105,1.8259584842382521,0.7034841586079983,2.793374391399837,4.626301083297248,0.10305112293606282,-0.8969488770643856,0.8864359104125291,nan,nan
CON3-0,moderate,SAA,search_sampled,16,ambiguous,-1.0,131191.54174291957,214883.1553865069,nan,86111.03987333151,0.6105250153598473,nan,nan,129678.86652153589,236788.2265513983,2.7933743913998366,-0.9065536788466105,1.8259584842382521,0.7034841586079983,2.793374391399837,4.626301083297248,0.15790340352070628,-0.8420965964797459,0.8864359104125291,nan,nan
CON3-0,moderate,SAA,search_sampled,18,certified_infeasible,-1.0,128734.51578015243,178753.50541546728,nan,78503.92628957536,0.7201789720483615,nan,nan,128734.51578015232,218392.44944530012,2.6964560601467733,-0.908698167328321,1.6964560601467757,0.7059248294360466,3.0245180766829227,4.680316798071517,1.4751492325762101,0.4751492325757309,0.9107272773867514,nan,nan
CON3-0,moderate,SAA,search_sampled,10,certified_feasible,1.0,139806.9354462844,193051.5373805207,nan,76483.96042453924,0.7241948825857484,nan,nan,105554.92779691519,220055.49924439762,2.3290005320688576,-0.8614686087013887,2.0847487070217925,0.9087155094295132,2.3290005320688567,3.799626429260411,2.0559687845060646,1.0559687845056709,0.9159880701944235,nan,nan
CON3-0,moderate,SAA,search_sampled,16,certified_feasible,1.0,117680.38764428474,169617.49520438406,nan,71931.62064398447,0.6937986408918688,nan,nan,117680.3876442847,192941.86787809388,2.6395414031206608,-0.8571553262410665,1.6395414031206614,0.7173249365884081,2.817906089308613,3.741820690291294,1.495119920176456,0.4951199201759772,0.8829046616861216,nan,nan
CON3-0,moderate,SAA,search_sampled,10,certified_feasible,1.0,78501.07240875674,100593.02865068204,nan,50035.447936930366,0.7803828303187736,nan,nan,78501.07240875678,141553.44343549013,2.803203944761651,-0.912094164140556,1.8032039447616497,0.9718485858864045,2.857793530688832,4.769865619602694,13.007836898595512,12.007836898594954,0.8732528656276075,nan,nan
CON3-0,moderate,SAA,search_sampled,11,certified_feasible,1.0,140114.83246995762,193467.6821348679,nan,74554.00030421563,0.7242286201179711,nan,nan,105763.64454517933,220513.85048536662,2.3286435081775085,-0.8614085430812748,2.0849683408098625,0.9087841844756149,2.3286435081775076,3.798802959847035,2.026371871565275,1.026371871564882,0.9159499286725794,nan,nan
CON3-0,moderate,SAA,search_sampled,15,certified_feasible,1.0,117603.29881152912,169359.67487410453,nan,70055.21324517397,0.6943996491428723,nan,nan,117603.29881152917,192680.06927312046,2.6383900045347306,-0.8569368669963157,1.63839000453473,0.7176484597842167,2.8184192489487505,3.738962694657217,1.5240264023621997,0.524026402361721,0.8826674135983196,nan,nan
CON3-0,moderate,SAA,search_sampled,10,certified_feasible,1.0,74554.46835406867,92636.23518037783,nan,42838.47176022947,0.8048089196295487,nan,nan,74554.46835406865,132188.44038286767,2.7730451749060556,-0.9176986229864148,1.773045174906056,0.9587326888589138,2.940335698850691,4.929597344531668,13.333306813333905,12.333306813333316,0.8990388491233313,nan,nan
CON3-0,moderate,SAA,search_sampled,12,certified_feasible,1.0,90718.77508732687,146928.38143362393,nan,64218.68970610816,0.6174353395998566,nan,nan,89482.4734621639,166585.92270837087,2.822661526503644,-0.9233572220359266,1.8616597894872542,0.6839993606066022,2.8226615265036465,5.1083351041538005,6.16628925349076,5.166289253490202,0.9110439040918764,nan,nan
CON3-0,moderate,SAA,search_sampled,12,certified_feasible,1.0,90718.77508732687,146928.38143362393,nan,62461.4861412362,0.6174353395998566,nan,nan,89482.47346216389,166585.92270837087,2.822661526503644,-0.9233572220359267,1.8616597894872544,0.683999360606602,2.8226615265036457,5.108335104153804,6.063423053300776,5.063423053300218,0.9110439040918764,nan,nan
CON3-0,moderate,SAA,search_sampled,12,ambiguous,1.0,158015.70322461368,219759.5545719634,nan,86051.58395380707,0.7190390585400881,nan,nan,117559.54650259101,247162.20971833958,2.3081361458265426,-0.8593744120725326,2.1024426945445227,0.9064757829887337,2.308136145826543,3.7712282829278063,0.2637515991715928,-0.7362484008287794,0.9164633014674406,nan,nan
CON3-0,moderate,SAA,search_sampled,14,certified_feasible,1.0,120168.38951011305,162536.45460928124,nan,68706.48100906503,0.739331922792237,nan,nan,120168.38951011306,190096.61710999452,2.581918655021972,-0.8407641545617143,1.5819186550219722,0.7038434650415418,2.813045583998075,3.544007063557984,2.0154608338440614,1.0154608338436004,0.8858553136949603,nan,nan
CON3-0,moderate,SAA,search_sampled,14,certified_feasible,1.0,120168.38951011305,162536.45460928124,nan,69702.31300546772,0.739331922792237,nan,nan,120168.38951011306,190096.61710999452,2.581918655021972,-0.8407641545617145,1.5819186550219722,0.7038434650415418,2.813045583998076,3.544007063557986,1.9992129543737756,0.999212954373314,0.8858553136949603,nan,nan
CON3-0,moderate,SAA,search_sampled,12,ambiguous,1.0,159337.688279512,221158.2082874319,nan,83317.54307980512,0.7204692492011247,nan,nan,117422.5234470045,248384.323808758,2.2957961246058747,-0.858781971861189,2.115303917147204,0.9085299139379702,2.2957961246058747,3.763309409164137,0.1818042673127403,-0.8181957326876301,0.917180486681406,nan,nan
CON3-0,moderate,SAA,search_sampled,15,certified_feasible,1.0,120504.19088449144,165716.08573898306,nan,72086.78984787496,0.7271725635270906,nan,nan,120504.19088449139,193222.18566835666,2.603447848992808,-0.8472635614395413,1.6034478489928097,0.7022178780544156,2.817282116092874,3.6186257391105934,1.651819970724834,0.6518199707243688,0.8891374142582749,nan,nan
CON3-0,moderate,SAA,search_sampled,13,certified_feasible,1.0,108017.60992631128,177165.9785253282,nan,66028.60430171141,0.6096972501459628,nan,nan,106801.13031375242,194927.32201692706,2.7933265005263137,-0.9062952133622376,1.8251428748392837,0.6934963214466755,2.793326500526311,4.619916324936005,3.1053965898906206,2.1053965898901215,0.8947501617132462,nan,nan
CON3-0,moderate,SAA,search_sampled,15,ambiguous,-1.0,129245.72428691736,173937.5293267705,nan,72194.64951125186,0.7430582967756649,nan,nan,129245.72428691742,198025.46741512598,2.5321626189778006,-0.8514723905897654,1.5321626189777995,0.6447804085697946,2.9468984643455656,3.669538109093428,0.09130259855945418,-0.9086974014410035,0.8863925450048518,nan,nan
CON3-0,moderate,SAA,search_sampled,15,ambiguous,-1.0,129245.72428691736,173937.5293267705,nan,72969.36410564362,0.7430582967756649,nan,nan,129245.72428691742,198025.46741512598,2.5321626189778006,-0.8514723905897654,1.5321626189777995,0.6447804085697946,2.9468984643455656,3.669538109093428,0.05719236566833974,-0.9428076343321176,0.8863925450048518,nan,nan
CON3-0,moderate,SAA,search_sampled,11,certified_feasible,1.0,74432.6087902026,97325.6514739507,nan,43406.56525314722,0.7647789422722185,nan,nan,74432.60879020259,135643.8631415057,2.822371475972775,-0.9225534132697173,1.8223714759727756,0.9155106136802402,2.882722040067697,5.081756563996627,12.055154747147007,11.055154747146396,0.9100152779348877,nan,nan
CON3-0,moderate,SAA,search_sampled,12,ambiguous,-1.0,160399.5179313233,222453.60343514223,nan,83150.33159963539,0.7210470653404758,nan,nan,118056.82667349777,249955.8354251941,2.2943501753930473,-0.8588454557454074,2.1172501622162097,0.8971888359954648,2.2943501753930473,3.7641555832773417,0.006249835961458213,-0.9937501640389125,0.9193696405523214,nan,nan
CON3-0,moderate,SAA,search_sampled,14,certified_feasible,1.0,110605.98840057831,180714.89566236167,nan,73270.32069958976,0.6120468818864206,nan,nan,108267.14177428134,198535.94140636214,2.773837905317605,-0.9049722285739827,1.8337598846035483,0.6814046319598316,2.7738379053176074,4.5876441715642216,2.292592066912299,1.2925920669118007,0.9005733432579517,nan,nan
CON3-0,moderate,SAA,search_sampled,14,certified_feasible,1.0,110605.98840057831,180714.89566236167,nan,73279.39042223133,0.6120468818864206,nan,nan,108267.14177428136,198535.94140636214,2.773837905317605,-0.9049722285739826,1.8337598846035477,0.6814046319598316,2.7738379053176074,4.587644171564219,2.292592066912299,1.2925920669118007,0.9005733432579517,nan,nan
CON3-0,moderate,SAA,search_sampled,11,certified_feasible,1.0,77133.80648027579,95029.22224240012,nan,43718.01363480551,0.8116851286388855,nan,nan,77133.80648027582,137090.89989662362,2.777312778304021,-0.927445918516607,1.77731277830402,0.9407814718900755,2.991172776566993,5.250299445079394,12.051025302687066,11.051025302686481,0.9053889060535754,nan,nan
CON3-0,moderate,SAA,search_sampled,14,certified_feasible,1.0,108864.35107303405,178378.3288939977,nan,72241.85835674325,0.6103003192597868,nan,nan,108864.35107303403,198971.4128982211,2.8277003531186877,-0.9155534570610374,1.827700353118688,0.6886705769338357,2.836544549173149,4.866582165572247,2.6254622852161686,1.6254622852156668,0.9004679497002462,nan,nan
CON3-0,moderate,SAA,search_sampled,16,ambiguous,1.0,126196.30383793726,170518.50135398496,nan,74667.73357564764,0.7400739675512524,nan,nan,126196.30383793738,202072.44802737507,2.6012548853005946,-0.8571818125830682,1.601254885300592,0.7011310095816801,2.874562101074816,3.742167643819247,0.8975219741669431,-0.1024780258335113,0.8935438817481142,nan,nan
CON3-0,moderate,SAA,search_sampled,16,ambiguous,1.0,126196.30383793726,170518.50135398496,nan,73357.0614683294,0.7400739675512524,nan,nan,126196.30383793738,202072.44802737507,2.6012548853005946,-0.8571818125830682,1.601254885300592,0.7011310095816801,2.874562101074816,3.742167643819247,0.8398077734468194,-0.1601922265536358,0.8935438817481142,nan,nan
CON3-0,moderate,SAA,search_sampled,16,ambiguous,1.0,126196.30383793726,170518.50135398496,nan,74020.05009369273,0.7400739675512524,nan,nan,126196.30383793738,202072.44802737507,2.6012548853005946,-0.8571818125830682,1.601254885300592,0.7011310095816801,2.874562101074816,3.742167643819247,0.6412038158756408,-0.35879618412481723,0.893543881748114,nan,nan
CON3-0,moderate,SAA,search_sampled,11,certified_feasible,1.0,84197.069513737,111142.3470803436,nan,49214.38225904498,0.7575606573511702,nan,nan,84197.06951373702,150367.14988644363,2.7858952901194596,-0.9223373920825171,1.785895290119459,0.8820404424630811,2.944740087878867,5.074684103078045,9.499984167875342,8.499984167874784,0.8936057902887796,nan,nan
CON3-0,moderate,SAA,search_sampled,11,certified_feasible,1.0,84197.069513737,111142.3470803436,nan,49035.72208356388,0.7575606573511702,nan,nan,84197.06951373702,150367.14988644363,2.7858952901194596,-0.9223373920825173,1.785895290119459,0.8820404424630811,2.944740087878868,5.074684103078053,10.170207115608509,9.17020711560796,0.8936057902887796,nan,nan
CON3-0,moderate,SAA,search_sampled,11,certified_feasible,1.0,84197.069513737,111142.34708034359,nan,48323.94940047816,0.7575606573511702,nan,nan,84197.06951373702,150367.14988644363,2.7858952901194596,-0.9223373920825173,1.785895290119459,0.8820404424630813,2.944740087878868,5.074684103078053,10.170207115608509,9.17020711560796,0.8936057902887796,nan,nan
CON3-0,moderate,SAA,search_sampled,12,ambiguous,-1.0,171633.72925773408,240854.29063685707,nan,91004.58861882688,0.7126039930777534,nan,nan,128142.48069144065,276655.71761855483,2.3585002788241556,-0.8956040392518508,2.158969579219596,0.8956368781203471,2.3585002788241547,4.376965768878173,0.644196319816466,-0.35580368018389047,0.9207416679200514,nan,nan
CON3-0,moderate,SAA,search_sampled,12,ambiguous,-1.0,171633.72925773414,240854.29063685707,nan,92679.05421036876,0.7126039930777536,nan,nan,128142.48069144065,276655.71761855483,2.3585002788241547,-0.8956040392518508,2.158969579219596,0.8956368781203471,2.3585002788241547,4.376965768878173,0.6441963198164657,-0.3558036801838907,0.9207416679200514,nan,nan
CON3-0,moderate,SAA,search_sampled,12,ambiguous,-1.0,171633.72925773417,240854.29063685713,nan,91764.39523708854,0.7126039930777536,nan,nan,128142.48069144065,276655.7176185549,2.3585002788241547,-0.8956040392518508,2.1589695792195966,0.895636878120347,2.3585002788241547,4.376965768878173,0.9333494993703575,-0.06665050063000298,0.9207416679200514,nan,nan
CON3-0,moderate,SAA,search_sampled,15,ambiguous,-1.0,141698.39080338698,227476.25203731298,nan,91147.00899825974,0.6229150934847659,nan,nan,139427.95487254323,255281.47785598063,2.7855604463158747,-0.9064939011036595,1.8309203350887835,0.7206155274467397,2.785560446315877,4.624822067204043,0.29235898616413875,-0.707641013836283,0.8852262531341796,nan,nan
CON3-0,moderate,SAA,search_sampled,15,ambiguous,-1.0,141698.39080338698,227476.25203731298,nan,89021.43335916559,0.6229150934847659,nan,nan,139427.95487254323,255281.47785598066,2.7855604463158747,-0.9064939011036593,1.8309203350887837,0.72061552744674,2.7855604463158747,4.6248220672040405,0.5845262045592541,-0.4154737954411718,0.8852262531341796,nan,nan
CON3-0,moderate,SAA,search_sampled,12,certified_feasible,1.0,97804.21030304997,121705.14764286495,nan,55764.26751667523,0.8036160523797188,nan,nan,97804.21030305003,173703.61895448607,2.7760341647487263,-0.9169969064694168,1.7760341647487246,0.9374081807234328,2.930985385525678,4.908715460112204,7.282740295383947,6.282740295383452,0.894561498335268,nan,nan
CON3-0,moderate,SAA,search_sampled,15,ambiguous,1.0,124042.54511533663,202680.93210073325,nan,82415.50805769349,0.6120089533320627,nan,nan,123043.10829452155,221221.865711979,2.7753781872695193,-0.8944246632051335,1.797921629080211,0.6901892431463353,2.7753781872695167,4.352449692585832,0.9238159349223449,-0.07618406507811701,0.8854365379076561,nan,nan
CON3-0,moderate,SAA,search_sampled,15,ambiguous,1.0,124042.54511533663,202680.93210073325,nan,79892.73063501834,0.6120089533320627,nan,nan,123043.10829452155,221221.865711979,2.7753781872695193,-0.8944246632051335,1.797921629080211,0.6901892431463353,2.7753781872695167,4.352449692585832,0.9238159349223449,-0.07618406507811701,0.8854365379076561,nan,nan
CON3-0,moderate,SAA,search_sampled,17,ambiguous,1.0,129192.44765007404,173444.86573780086,nan,74251.67297131786,0.7448617582337441,nan,nan,129192.44765007406,206883.467863806,2.6013588381277755,-0.8616333073979339,1.601358838127775,0.7011680329115018,2.899754043462404,3.801887115693699,0.5087998404355348,-0.4912001595649146,0.8934841294970195,nan,nan
CON3-0,moderate,SAA,search_sampled,17,ambiguous,1.0,129192.44765007404,173444.86573780084,nan,75598.9501967904,0.7448617582337442,nan,nan,129192.44765007406,206883.467863806,2.6013588381277755,-0.8616333073979339,1.601358838127775,0.7011680329115018,2.899754043462404,3.801887115693699,0.4937982048600323,-0.5062017951404174,0.8934841294970195,nan,nan
CON3-0,moderate,SAA,search_sampled,12,certified_feasible,1.0,99198.70705066448,124037.25318368792,nan,57571.48871411195,0.7997493051846303,nan,nan,99198.70705066451,176860.29648287882,2.7828891297197016,-0.9226534359113866,1.7828891297197011,0.9369886889513825,2.9519866140446394,5.085041302632372,6.967306800740639,5.967306800740147,0.8946289897601759,nan,nan
CON3-0,moderate,SAA,search_sampled,12,certified_feasible,1.0,99198.70705066448,124037.25318368794,nan,58894.303522384434,0.7997493051846302,nan,nan,99198.70705066451,176860.29648287882,2.7828891297197016,-0.9226534359113867,1.7828891297197011,0.9369886889513827,2.95198661404464,5.0850413026323755,6.967306800740639,5.967306800740147,0.8946289897601759,nan,nan
CON3-0,moderate,SAA,search_sampled,12,certified_feasible,1.0,99198.70705066448,124037.25318368794,nan,59272.51101232533,0.7997493051846302,nan,nan,99198.70705066451,176860.29648287882,2.7828891297197016,-0.9226534359113867,1.7828891297197011,0.9369886889513825,2.95198661404464,5.0850413026323755,6.967306800740639,5.967306800740147,0.8946289897601759,nan,nan
CON3-0,moderate,SAA,search_sampled,12,ambiguous,1.0,157639.10710783122,219556.18221492536,nan,83204.54355021886,0.717989835301094,nan,nan,117128.85059069727,247594.29189327746,2.3136590226592064,-0.865021735648884,2.1138625594345424,0.888666186603969,2.313659022659207,3.8493116859131713,0.032281972224738664,-0.9677180277756378,0.9196831837705618,nan,nan
CON3-0,moderate,SAA,search_sampled,18,ambiguous,-1.0,132349.60719517904,176158.4939562975,nan,76971.00021237506,0.7513098245947377,nan,nan,132349.607195179,210850.126011787,2.593129972050778,-0.8636246039911726,1.5931299720507783,0.6905113150195981,2.924298419968685,3.8295433096597784,0.03680175218468666,-0.9631982478157599,0.895150682773517,nan,nan
CON3-0,moderate,SAA,search_sampled,10,certified_feasible,1.0,143709.97875992258,196725.1674931391,nan,77577.49266459722,0.7305114062995247,nan,nan,107522.37570954555,224026.53913425514,2.3070695417586555,-0.8530517816480016,2.0835341263238725,0.9275560200253844,2.3070695417586538,3.6892053976173216,2.4185442627647733,1.4185442627643956,0.9118777655993321,nan,nan
CON3-0,moderate,SAA,search_sampled,10,certified_feasible,1.0,148233.66047995532,205482.4417930747,nan,76870.6866909981,0.7213933180199885,nan,nan,105751.38840028773,226712.65756370747,2.242837725841306,-0.8468918694122027,2.1438267713853545,0.9102165664537527,2.242837725841306,3.614230702647419,1.383572363095518,0.38357236309513765,0.9155652187154831,nan,nan
CON3-0,moderate,SAA,search_sampled,7,certified_feasible,1.0,66572.05412486891,83590.10481188665,nan,41971.15793359865,0.7964107028539371,nan,nan,66572.05412486891,116419.1454774682,2.7487690143840435,-0.9078141671771941,1.7487690143840435,0.9364025668944004,2.925085686457181,4.657822195611829,17.213204016678134,16.213204016677505,0.8985770455760783,nan,nan
CON3-0,moderate,SAA,search_sampled,11,ambiguous,1.0,150888.6330143917,209899.65251029417,nan,80479.29510028624,0.7188608042454555,nan,nan,105507.905960365,231725.13684097896,2.2349797732555428,-0.8601857614815112,2.1962822096765775,0.9094490501045502,2.2349797732555423,3.7821547725417006,0.7676857445318307,-0.23231425546855142,0.917694370588175,nan,nan
CON3-0,moderate,SAA,search_sampled,12,certified_feasible,1.0,95566.61409688831,146525.53888059768,nan,60401.60526912546,0.6522181377183992,nan,nan,95566.61409688834,166440.18586808268,2.741614343470834,-0.9139730500972586,1.7416143434708335,0.6863469808914469,2.974322291909467,4.821672794760367,5.939944660006133,4.9399446600056045,0.8963035199206678,nan,nan
CON3-0,moderate,SAA,search_sampled,13,certified_feasible,1.0,111768.24035665036,147957.17511325277,nan,64823.33573783425,0.7554093964763666,nan,nan,111768.24035665044,171689.80716784368,2.536123380130033,-0.8214623548288502,1.5361233801300316,0.7452768979721982,2.7738490872078656,3.346956721532083,4.718808996047665,3.7188089960472066,0.8572542090392251,nan,nan
CON3-0,moderate,SAA,search_sampled,13,certified_feasible,1.0,111768.24035665036,147957.1751132528,nan,63695.47836550857,0.7554093964763664,nan,nan,111768.24035665044,171689.80716784368,2.536123380130033,-0.8214623548288502,1.5361233801300316,0.7452768979721982,2.7738490872078656,3.346956721532083,4.718808996047665,3.7188089960472066,0.8572542090392251,nan,nan
CON3-0,moderate,SAA,search_sampled,7,certified_feasible,1.0,72593.72524624657,90271.42562070426,nan,42678.58770943463,0.8041716938343864,nan,nan,72593.72524624661,127380.6563137945,2.754706152380308,-0.9186728695127456,1.7547061523803065,0.9240933359139267,2.979163249515202,4.959036139618416,14.191324413223622,13.191324413223022,0.908880777411326,nan,nan
CON3-0,moderate,SAA,search_sampled,11,ambiguous,1.0,156961.9257950999,217385.72250035655,nan,83238.10575289962,0.7220433982035893,nan,nan,116488.28069822518,244648.18729267298,2.3007902468164816,-0.8559215008782789,2.1001957091843355,0.9117938432161444,2.3007902468164825,3.7257645826396044,0.4594217659625844,-0.5405782340377875,0.9157881082977497,nan,nan
CON3-0,moderate,SAA,search_sampled,11,ambiguous,1.0,156961.92579509996,217385.72250035658,nan,83762.53829082391,0.7220433982035894,nan,nan,116488.28069822518,244648.187292673,2.3007902468164807,-0.8559215008782787,2.100195709184336,0.9117938432161443,2.3007902468164816,3.7257645826396013,0.4594217659625842,-0.5405782340377876,0.9157881082977497,nan,nan
CON3-0,moderate,SAA,search_sampled,11,ambiguous,1.0,156961.92579509993,217385.72250035658,nan,83898.75533289593,0.7220433982035893,nan,nan,116488.28069822515,244648.18729267298,2.3007902468164807,-0.8559215008782788,2.100195709184336,0.9117938432161444,2.300790246816481,3.7257645826396026,0.15845385667221493,-0.8415461433281612,0.9157881082977497,nan,nan
CON3-0,moderate,SAA,search_sampled,12,certified_feasible,1.0,99346.09351432123,150182.08783528104,nan,61709.412734043166,0.6615042775492875,nan,nan,99346.09351432117,174635.2655143649,2.7578473328615614,-0.9304384905326757,1.7578473328615631,0.6821170702780096,3.0475970273840707,5.362045551572797,4.5491789255681985,3.5491789255676736,0.9078065465629269,nan,nan
CON3-0,moderate,SAA,search_sampled,14,certified_feasible,1.0,119780.30514603558,160771.53058753442,nan,69709.80865851292,0.7450343024558035,nan,nan,119780.3051460356,189902.7121891351,2.585425182859625,-0.8564066547287207,1.5854251828596246,0.7476942724091329,2.8941486031221544,3.7320533309476747,3.054324451173682,2.0543244511732337,0.8729261223285637,nan,nan
CON3-0,moderate,SAA,search_sampled,14,certified_feasible,1.0,119780.30514603553,160771.5305875344,nan,69113.96712730276,0.7450343024558034,nan,nan,119780.30514603558,189902.7121891351,2.585425182859626,-0.8564066547287208,1.5854251828596249,0.747694272409133,2.8941486031221566,3.732053330947676,3.0224543547977825,2.0224543547973344,0.8729261223285638,nan,nan
CON3-0,moderate,SAA,search_sampled,7,certified_feasible,1.0,72369.39996660974,95364.55684287373,nan,46692.90546955904,0.7588710351357089,nan,nan,72369.39996660966,135082.4471138442,2.866568565943193,-0.951678692621749,1.866568565943196,0.8974172717668955,2.9703680891433812,6.433475624565364,13.324607073426359,12.324607073425744,0.9208488909383129,nan,nan
CON3-0,moderate,SAA,search_sampled,7,certified_feasible,1.0,72369.39996660971,95364.55684287375,nan,46373.236556418,0.7588710351357084,nan,nan,72369.39996660965,135082.44711384422,2.866568565943195,-0.9516786926217492,1.866568565943197,0.8974172717668958,2.9703680891433804,6.4334756245653795,13.324607073426364,12.32460707342575,0.9208488909383128,nan,nan
CON3-0,moderate,SAA,search_sampled,15,certified_feasible,1.0,131634.84765023377,176003.16191403268,nan,74317.28180993696,0.7479118341892615,nan,nan,131634.84765023374,212173.9335101031,2.6118371183432307,-0.8741491055287443,1.6118371183432318,0.7309335026949493,2.9572341944192684,3.9864548025664566,1.0222077009211157,0.022207700920681698,0.8887910867024003,nan,nan
CON3-0,moderate,SAA,search_sampled,15,certified_feasible,1.0,131634.84765023377,176003.16191403268,nan,74158.91346953958,0.7479118341892615,nan,nan,131634.84765023374,212173.9335101031,2.6118371183432307,-0.8741491055287443,1.6118371183432318,0.7309335026949495,2.9572341944192684,3.9864548025664566,1.0222077009211157,0.022207700920681698,0.8887910867024003,nan,nan
CON3-0,moderate,SAA,search_sampled,7,certified_feasible,1.0,65557.75516889947,77763.56160549435,nan,40066.99525804776,0.8430395138211817,nan,nan,65557.75516889947,111915.54408883261,2.7071289857393595,-0.9032855973808371,1.7071289857393597,0.9755875943412308,2.9710317947155556,4.547465584878109,18.18700678217648,17.18700678217585,0.8934098119566545,nan,nan
CON3-0,moderate,SAA,search_sampled,12,certified_feasible,1.0,94305.0586541269,141268.12554566926,nan,57029.17915563325,0.6675607699179097,nan,nan,94305.05865412699,162146.24267768304,2.719380115889334,-0.9045529062281626,1.7193801158893312,0.6962305295646386,2.95702306167837,4.577555759669303,6.511224278562489,5.511224278561961,0.893093895866978,nan,nan
CON3-0,moderate,SAA,search_sampled,12,certified_feasible,1.0,94305.05865412694,141268.12554566926,nan,60892.641357240675,0.66756076991791,nan,nan,94305.05865412697,162146.242677683,2.719380115889332,-0.9045529062281628,1.7193801158893312,0.6962305295646386,2.957023061678372,4.5775557596693055,6.511224278562485,5.511224278561958,0.893093895866978,nan,nan
CON3-0,moderate,SAA,search_sampled,16,ambiguous,1.0,131756.26727051678,176301.6331146602,nan,74192.42921528463,0.7473343550075188,nan,nan,131756.2672705168,212488.73964935282,2.6127410411003775,-0.8742901175820149,1.612741041100377,0.7307943206816612,2.9565911408518395,3.988690031067436,0.9945956868964725,-0.005404313103961479,0.8889214811233129,nan,nan
CON3-0,moderate,SAA,search_sampled,16,ambiguous,1.0,131756.26727051684,176301.63311466016,nan,73050.83312620425,0.7473343550075192,nan,nan,131756.26727051684,212488.73964935282,2.612741041100377,-0.8742901175820149,1.6127410411003769,0.730794320681661,2.95659114085184,3.988690031067436,0.9963390515269849,-0.0036609484734490627,0.8889214811233129,nan,nan
CON3-0,moderate,SAA,search_sampled,7,certified_feasible,1.0,69785.74442179724,93051.33720889171,nan,42746.96734213878,0.7499703552366437,nan,nan,68150.11468683244,126911.88538613902,2.795155395835325,-0.9180775423300862,1.8622402320132878,0.94781483010594,2.7951553958353217,4.940984727689645,15.675190811171971,14.67519081117136,0.9026285416818223,nan,nan
CON3-0,moderate,SAA,search_sampled,17,ambiguous,1.0,134155.05335613518,188097.24612698474,nan,78104.61009014686,0.7132217835106788,nan,nan,134155.0533561352,223164.15612606413,2.6634793139967727,-0.8770971001267985,1.663479313996772,0.7188789849143082,2.8904835714341623,4.03398178410324,0.06024685602373287,-0.9397531439767065,0.8946502916566393,nan,nan
CON3-0,moderate,SAA,search_sampled,17,ambiguous,1.0,134155.05335613518,188097.24612698474,nan,77317.3882546209,0.7132217835106788,nan,nan,134155.0533561352,223164.15612606413,2.6634793139967727,-0.8770971001267984,1.663479313996772,0.7188789849143081,2.890483571434162,4.033981784103238,0.22060440395178554,-0.7793955960486516,0.8946502916566393,nan,nan
CON3-0,moderate,SAA,search_sampled,17,ambiguous,1.0,134155.05335613518,188097.2461269848,nan,78358.06223788745,0.7132217835106786,nan,nan,134155.0533561352,223164.15612606413,2.6634793139967727,-0.8770971001267982,1.663479313996772,0.7188789849143081,2.890483571434161,4.033981784103235,0.22060440395178554,-0.7793955960486516,0.8946502916566393,nan,nan
CON3-0,moderate,SAA,search_sampled,17,ambiguous,1.0,134155.05335613518,188097.2461269848,nan,78201.55673042158,0.7132217835106786,nan,nan,134155.0533561352,223164.15612606413,2.6634793139967727,-0.8770971001267984,1.663479313996772,0.7188789849143081,2.890483571434162,4.033981784103238,0.22060440395178554,-0.7793955960486516,0.8946502916566393,nan,nan
CON3-0,moderate,SAA,search_sampled,17,ambiguous,1.0,134155.05335613518,188097.24612698474,nan,78798.49435347292,0.7132217835106788,nan,nan,134155.0533561352,223164.15612606413,2.6634793139967727,-0.8770971001267984,1.663479313996772,0.7188789849143081,2.890483571434162,4.033981784103238,0.22060440395178554,-0.7793955960486516,0.8946502916566393,nan,nan
CON3-0,moderate,SAA,search_sampled,17,ambiguous,-1.0,135128.42721659708,182705.56140034948,nan,78171.29849097076,0.7395966832148033,nan,nan,135128.42721659708,221803.46618095628,2.6414271278790804,-0.8805259958115488,1.6414271278790802,0.7155458759223672,2.946501350266475,4.091459797193666,0.08704495957665305,-0.9129550404237854,0.8977084079527239,nan,nan
CON3-0,moderate,SAA,search_sampled,17,ambiguous,-1.0,135128.42721659708,182705.56140034948,nan,76576.95437181476,0.7395966832148033,nan,nan,135128.42721659708,221803.46618095628,2.6414271278790804,-0.8805259958115489,1.6414271278790802,0.7155458759223672,2.946501350266476,4.091459797193669,0.08704495957665305,-0.9129550404237854,0.8977084079527239,nan,nan
CON3-0,moderate,SAA,search_sampled,17,ambiguous,-1.0,135128.42721659708,182705.56140034946,nan,78454.49944126004,0.7395966832148034,nan,nan,135128.42721659708,221803.46618095628,2.6414271278790804,-0.8805259958115488,1.6414271278790802,0.7155458759223672,2.946501350266475,4.091459797193666,0.08704495957665305,-0.9129550404237854,0.8977084079527239,nan,nan
CON3-0,moderate,SAA,search_sampled,7,certified_feasible,1.0,67976.0764051377,86983.23787667134,nan,42825.79610533478,0.7814847787284853,nan,nan,63846.10699142147,112340.09995879604,2.591885502483947,-0.8876810994193421,1.759545025570476,0.81531247880355,2.7987661117305622,4.219768015029557,14.638901964654218,13.63890196465357,0.9253775014192024,nan,nan
CON3-0,moderate,SAA,search_sampled,17,ambiguous,-1.0,135403.64193506382,183566.1919332594,nan,77962.89753360601,0.7376284298815415,nan,nan,135403.64193506388,221893.0058969825,2.6387521245802006,-0.8871688810873404,1.6387521245801995,0.705941955930944,2.992004099374157,4.210178899859954,0.5111719648215911,-0.48882803517885254,0.9012273629195541,nan,nan
CON3-0,moderate,SAA,search_sampled,17,ambiguous,-1.0,135403.64193506382,183566.1919332594,nan,76981.19269027658,0.7376284298815415,nan,nan,135403.64193506388,221893.0058969825,2.6387521245802006,-0.8871688810873406,1.6387521245801995,0.7059419559309439,2.9920040993741575,4.210178899859958,0.5111719648215911,-0.48882803517885254,0.9012273629195541,nan,nan
CON3-0,moderate,SAA,search_sampled,17,ambiguous,-1.0,135403.64193506388,183566.19193325943,nan,77832.19742108784,0.7376284298815416,nan,nan,135403.64193506388,221893.0058969825,2.6387521245801993,-0.8871688810873406,1.6387521245801995,0.705941955930944,2.9920040993741575,4.210178899859958,0.5111719648215909,-0.48882803517885276,0.9012273629195541,nan,nan
CON3-0,moderate,SAA,search_sampled,7,certified_feasible,1.0,68376.41747992954,80510.63053046579,nan,40276.14629315236,0.84928433710447,nan,nan,68376.41747992957,116106.79405889433,2.698053193456283,-0.9019619825162024,1.6980531934562817,0.9772383468086104,2.9790911772972404,4.516663516913626,16.94308227001288,15.94308227001227,0.8939724519504244,nan,nan
CON3-0,moderate,SAA,search_sampled,11,certified_feasible,1.0,147745.15673878873,204124.37906352492,nan,79526.3969733191,0.7237996628164116,nan,nan,104179.33203975485,227403.73688717038,2.2442906166674503,-0.8597686450332436,2.182810471470417,0.9122332523899978,2.2442906166674503,3.7765255969158638,1.0367675477919926,0.03676754779160619,0.9195614613508456,nan,nan
CON3-0,moderate,SAA,search_sampled,17,ambiguous,1.0,132249.4371895344,178162.95617213432,nan,76738.85774518728,0.7422948071301645,nan,nan,132249.4371895344,215375.70234187818,2.6285566647305325,-0.8798617601876185,1.6285566647305325,0.7292337204486119,2.964142553959587,4.080133427427807,0.712272237707836,-0.28772776229260033,0.8928110545396888,nan,nan
CON3-0,moderate,SAA,search_sampled,17,ambiguous,1.0,132249.4371895344,178162.95617213432,nan,75668.65010825513,0.7422948071301645,nan,nan,132249.4371895344,215375.70234187818,2.6285566647305325,-0.8798617601876185,1.6285566647305325,0.7292337204486119,2.964142553959587,4.080133427427807,0.712272237707836,-0.28772776229260033,0.8928110545396888,nan,nan
CON3-0,moderate,SAA,search_sampled,17,ambiguous,1.0,132249.4371895344,178162.95617213432,nan,76011.10572695504,0.7422948071301645,nan,nan,132249.4371895344,215375.70234187818,2.6285566647305325,-0.8798617601876184,1.6285566647305325,0.7292337204486118,2.964142553959586,4.080133427427805,0.712272237707836,-0.28772776229260033,0.8928110545396888,nan,nan
CON3-0,moderate,SAA,search_sampled,11,ambiguous,1.0,154635.87355509016,217346.88159863197,nan,83213.5921869214,0.7114704035213703,nan,nan,109811.321366956,244749.45657787472,2.2928753192480644,-0.8938849230740755,2.228818062939035,0.9009021277284678,2.292875319248065,4.341366505025433,0.38349087442285706,-0.6165091255775214,0.9209044856271263,nan,nan
CON3-0,moderate,SAA,search_sampled,15,ambiguous,1.0,119156.50919031916,186832.78499071905,nan,73483.47757145662,0.6377708772913613,nan,nan,118600.0355604883,218280.49095314683,2.8272104377912144,-0.9176825495610019,1.8404757631107083,0.6782753163696085,2.8272104377912126,4.9291160408524455,0.3424820458558347,-0.6575179541446544,0.9141153523066173,nan,nan
CON3-0,moderate,SAA,search_sampled,15,ambiguous,-1.0,123395.55632740758,196228.4816297935,nan,73587.48343256026,0.6288361164624756,nan,nan,123395.55632740764,221329.2934042533,2.7936569191924256,-0.9015299139864118,1.7936569191924245,0.6668878149671358,2.817517503614451,4.506743480950943,0.663499310810223,-0.3365006891902639,0.9055140829931699,nan,nan
CON3-0,moderate,SAA,search_sampled,17,ambiguous,-1.0,140519.40431914627,188756.01742977972,nan,77778.10852427693,0.7444499318885118,nan,nan,140519.40431914627,221585.2487460354,2.5769014238259453,-0.8855740666462735,1.576901423825945,0.6759744623691343,3.093958151140326,4.180736211017847,0.5643020668297718,-0.43569793317065725,0.8896182151923306,nan,nan
CON3-0,moderate,SAA,search_sampled,17,ambiguous,-1.0,140519.40431914627,188756.01742977966,nan,77758.38797398304,0.744449931888512,nan,nan,140519.40431914627,221585.2487460354,2.5769014238259453,-0.8855740666462735,1.576901423825945,0.6759744623691343,3.093958151140326,4.180736211017847,0.564302066829775,-0.435697933170654,0.8896182151923306,nan,nan
CON3-0,moderate,SAA,search_sampled,10,certified_feasible,1.0,94738.47731403424,123862.86774036191,nan,53189.811011705344,0.7648658475486176,nan,nan,94738.47731403419,167291.34598535593,2.7658226174654157,-0.921349831601934,1.7658226174654177,0.9108708282729424,2.9751230842975964,5.042723658090404,8.112450752573308,7.112450752572806,0.8818683461106355,nan,nan
CON3-0,moderate,SAA,search_sampled,11,certified_feasible,1.0,146315.9483769108,202280.70682381626,nan,75576.01702227988,0.7233312097547197,nan,nan,102845.40638661142,224570.26293246617,2.237730561508256,-0.8573040709707267,2.1835711561902205,0.9145837204339465,2.2377305615082546,3.74377039952295,1.269256277684667,0.2692562776842802,0.9179763299325003,nan,nan
CON3-0,moderate,SAA,search_sampled,11,certified_feasible,1.0,146315.9483769108,202280.70682381626,nan,76287.5277379936,0.7233312097547197,nan,nan,102845.40638661142,224570.26293246617,2.237730561508256,-0.8573040709707267,2.1835711561902205,0.9145837204339465,2.2377305615082546,3.74377039952295,1.2681373909691107,0.2681373909687239,0.9179763299325003,nan,nan
CON3-0,moderate,SAA,search_sampled,15,certified_feasible,1.0,106160.32459784491,168800.59104374622,nan,66913.16360579403,0.6289096734876508,nan,nan,105955.097903023,194439.6413974067,2.829632825995785,-0.9165003013282512,1.8351136023239818,0.6575813389105424,2.829632825995785,4.8940966730480495,1.5770233977427282,0.5770233977421979,0.9184190009950968,nan,nan
CON3-0,moderate,SAA,search_sampled,15,certified_feasible,1.0,106160.32459784491,168800.59104374622,nan,68415.91608413478,0.6289096734876508,nan,nan,105955.097903023,194439.6413974067,2.829632825995785,-0.9165003013282512,1.8351136023239818,0.6575813389105424,2.829632825995785,4.8940966730480495,1.5770233977427282,0.5770233977421979,0.9184190009950968,nan,nan
CON3-0,moderate,SAA,search_sampled,17,ambiguous,1.0,131869.44668051906,176619.29919711157,nan,76304.3942604979,0.7466310152966321,nan,nan,131869.44668051903,212885.05621134152,2.614362246677955,-0.8746683983911311,1.6143622466779552,0.7300422759634867,2.956201374481794,3.994704907100144,0.9598049201713883,-0.040195079829045716,0.8892522204710395,nan,nan
CON3-0,moderate,SAA,search_sampled,17,ambiguous,1.0,131869.44668051906,176619.2991971116,nan,73415.07419391607,0.746631015296632,nan,nan,131869.44668051906,212885.05621134152,2.614362246677955,-0.874668398391131,1.6143622466779548,0.7300422759634867,2.956201374481795,3.994704907100142,0.9598049201713883,-0.040195079829045716,0.8892522204710395,nan,nan
CON3-0,moderate,SAA,search_sampled,17,ambiguous,1.0,131869.44668051906,176619.2991971116,nan,75252.70519688267,0.746631015296632,nan,nan,131869.44668051906,212885.05621134152,2.614362246677955,-0.8746683983911311,1.6143622466779548,0.7300422759634866,2.956201374481796,3.994704907100144,0.9598049201713883,-0.040195079829045716,0.8892522204710395,nan,nan
CON3-0,moderate,SAA,search_sampled,11,ambiguous,1.0,151769.87656775094,210284.69944398946,nan,79249.64355557787,0.7217352330865885,nan,nan,106394.34456963826,234549.9767536161,2.246455812139077,-0.8675559061813755,2.204534251349198,0.9115128891851307,2.246455812139077,3.885963344872855,0.7598058132518303,-0.24019418674854975,0.9192446062025732,nan,nan
CON3-0,moderate,SAA,search_sampled,11,ambiguous,1.0,151769.87656775102,210284.69944398952,nan,81283.87700358307,0.7217352330865887,nan,nan,106394.34456963826,234549.9767536161,2.2464558121390756,-0.8675559061813752,2.204534251349198,0.9115128891851307,2.2464558121390765,3.885963344872852,0.7918266018392771,-0.20817339816110253,0.9192446062025732,nan,nan
CON3-0,moderate,SAA,search_sampled,15,ambiguous,1.0,111996.46857909433,176730.19711598585,nan,70610.02499834941,0.633714387279229,nan,nan,109637.84474105024,204207.27823860192,2.80227695534889,-0.9196065924165402,1.8625619531368196,0.66416463198851,2.802276955348891,4.987751170633758,0.9111360178561362,-0.0888639821443755,0.919454718613869,nan,nan
CON3-0,moderate,SAA,search_sampled,17,ambiguous,1.0,133153.20492929028,182217.66251373445,nan,76803.25294419815,0.7307370926199539,nan,nan,133153.2049292903,219632.52407399283,2.6494723066607864,-0.8822876391170494,1.649472306660786,0.723946602941547,2.9436022252576355,4.121961800794238,0.4595882192177061,-0.5404117807827308,0.8947341365914588,nan,nan
CON3-0,moderate,SAA,search_sampled,17,ambiguous,1.0,133153.20492929028,182217.66251373445,nan,75930.48032845551,0.7307370926199539,nan,nan,133153.2049292903,219632.52407399283,2.6494723066607864,-0.8822876391170494,1.649472306660786,0.723946602941547,2.9436022252576355,4.121961800794238,0.4595882192177061,-0.5404117807827308,0.8947341365914588,nan,nan
CON3-0,moderate,SAA,search_sampled,17,ambiguous,1.0,133153.20492929028,182217.66251373445,nan,76946.9518900745,0.7307370926199539,nan,nan,133153.2049292903,219632.52407399286,2.649472306660787,-0.8822876391170493,1.6494723066607861,0.7239466029415471,2.943602225257634,4.121961800794236,0.4595882192177061,-0.5404117807827308,0.8947341365914588,nan,nan
CON3-0,moderate,SAA,search_sampled,12,certified_feasible,1.0,107795.8739463026,147927.85483618497,nan,65124.46158592314,0.7287057198637508,nan,nan,107795.87394630266,192004.14078902063,2.7811826534721127,-0.9154408124156169,1.7811826534721116,0.8578656768223331,2.9131083759261127,4.863339601826661,5.295447959754759,4.295447959754289,0.8824085600861068,nan,nan
CON3-0,moderate,SAA,search_sampled,15,ambiguous,1.0,116389.10179310942,185807.02578563482,nan,75161.93563369723,0.6263977441164539,nan,nan,116389.10179310942,211129.3254888528,2.813995659698031,-0.9101296674733995,1.813995659698031,0.654900578094978,2.8301198995399646,4.717444761400945,0.38205265735370936,-0.6179473426467905,0.9122565220687374,nan,nan
CON3-0,moderate,SAA,search_sampled,15,ambiguous,1.0,116389.10179310942,185807.02578563482,nan,74769.25711543254,0.6263977441164539,nan,nan,116389.10179310942,211129.3254888528,2.813995659698031,-0.9101296674733995,1.813995659698031,0.654900578094978,2.8301198995399646,4.717444761400945,0.38205265735370936,-0.6179473426467905,0.9122565220687374,nan,nan
CON3-0,moderate,SAA,search_sampled,11,ambiguous,1.0,149856.86923177523,207116.32519798764,nan,81206.66943813692,0.7235396296671608,nan,nan,104819.15440969336,230005.43199987058,2.234295885974433,-0.8592748719201093,2.194307264690168,0.9126203910175147,2.234295885974432,3.769894281501316,0.9496658471676604,-0.05033415283272171,0.9181822741173351,nan,nan
CON3-0,moderate,SAA,search_sampled,11,certified_feasible,1.0,149856.8692317753,207116.32519798764,nan,80161.55389861712,0.7235396296671611,nan,nan,104819.15440969336,230005.43199987058,2.234295885974432,-0.8592748719201093,2.194307264690168,0.9126203910175146,2.234295885974432,3.769894281501316,1.0045770026165879,0.004577002616206446,0.9181822741173351,nan,nan
CON3-0,moderate,SAA,search_sampled,16,ambiguous,1.0,119304.53263869983,191006.29392962754,nan,75546.44777103973,0.6246104784518526,nan,nan,118085.71829360031,217009.5039345785,2.8087384009371754,-0.913218914510316,1.8377286184178583,0.6581829960661867,2.808738400937174,4.800676691451612,0.03986298243307676,-0.960137017567416,0.9133013092683103,nan,nan
CON3-0,moderate,SAA,search_sampled,17,ambiguous,1.0,132673.98727307902,179747.498614877,nan,74706.11472780693,0.7381131214367738,nan,nan,132673.987273079,216088.47685523934,2.6287177411082903,-0.8759911933098466,1.6287177411082907,0.7249094995458312,2.9403988977702427,4.0159540371135565,0.6901351584336975,-0.3098648415667377,0.8916324034969076,nan,nan
CON3-0,moderate,SAA,search_sampled,12,ambiguous,1.0,150876.8022048543,209413.2287671874,nan,77938.24616749233,0.7204740745991255,nan,nan,105803.59150415217,232404.92496807777,2.2416203918016793,-0.8630315126275654,2.1965693381869484,0.9065037267863343,2.2416203918016797,3.8212431043808475,0.8090071735453134,-0.1909928264550682,0.9189949075834232,nan,nan
CON3-0,moderate,SAA,search_sampled,16,ambiguous,1.0,117398.1943911896,188200.9537786544,nan,75760.46742388736,0.6237917079275972,nan,nan,117398.19439118958,213747.997230359,2.820709409874878,-0.9155548044786989,1.8207094098748782,0.6542011219489857,2.8478008810854676,4.866620991301545,0.11952428213976557,-0.8804757178607339,0.9130863685428902,nan,nan
CON3-0,moderate,SAA,search_sampled,17,ambiguous,1.0,134145.42578345613,179779.0473407202,nan,76118.2772204892,0.7461682980732539,nan,nan,134145.42578345616,216395.21751997896,2.613138996400029,-0.8739699809228556,1.6131389964000284,0.7332656597301868,2.953977688495921,3.9836208505598174,0.7517146638295695,-0.24828533617086013,0.8882292385779269,nan,nan
CON3-0,moderate,SAA,search_sampled,17,ambiguous,1.0,134145.42578345613,179779.0473407202,nan,76051.64278515715,0.7461682980732539,nan,nan,134145.42578345616,216395.21751997896,2.613138996400029,-0.8739699809228556,1.6131389964000284,0.733265659730187,2.953977688495921,3.9836208505598174,0.7517146638295695,-0.24828533617086013,0.8882292385779269,nan,nan
CON3-0,moderate,SAA,search_sampled,17,ambiguous,1.0,134145.4257834562,179779.0473407202,nan,77489.03580986278,0.7461682980732542,nan,nan,134145.42578345616,216395.21751997896,2.613138996400028,-0.8739699809228555,1.6131389964000284,0.733265659730187,2.9539776884959204,3.9836208505598156,0.7517146638295709,-0.24828533617085874,0.8882292385779267,nan,nan
CON3-0,moderate,SAA,search_sampled,10,certified_feasible,1.0,137046.96273794724,187086.59745996832,nan,73827.5903975614,0.7325322315900888,nan,nan,96619.96440013344,210246.64894668487,2.2391347259084444,-0.8554976938391327,2.176016626087626,0.9334516580855362,2.2391347259084453,3.7202969719314494,3.108423386391415,2.1084233863910278,0.9129903392646129,nan,nan
CON3-0,moderate,SAA,search_sampled,18,ambiguous,-1.0,142789.8084373517,202174.50825764603,nan,82286.7357546633,0.7062700914567528,nan,nan,142789.8084373516,240163.28818412576,2.6819357824791545,-0.8962188473668191,1.681935782479156,0.7460725312378205,2.972337085652192,4.389911377734676,0.9051052550650712,-0.09489474493535612,0.8947439517202729,nan,nan
CON3-0,moderate,SAA,search_sampled,10,certified_feasible,1.0,133072.50318324563,183238.75366807316,nan,72566.75265437423,0.7262246687417395,nan,nan,94405.28739777315,206017.2109548964,2.2575850845683494,-0.8650049143400309,2.182263479447402,0.9120919184789835,2.2575850845683507,3.849071853190236,2.7494014598033765,1.7494014598029717,0.9178749682783612,nan,nan
CON3-0,moderate,SAA,search_sampled,18,ambiguous,-1.0,141105.7087385865,201768.342855155,nan,80069.24684590638,0.6993451338393711,nan,nan,141105.7087385865,238976.7810320226,2.6936010822549554,-0.8967397558915001,1.6936010822549556,0.7438599683493812,2.9551060275531884,4.400970162239753,0.8113625407059748,-0.188637459294456,0.8955308833147427,nan,nan
CON3-0,moderate,SAA,search_sampled,18,ambiguous,-1.0,141105.7087385865,201768.342855155,nan,80069.24684590638,0.6993451338393711,nan,nan,141105.7087385865,238976.7810320226,2.6936010822549554,-0.8967397558915001,1.6936010822549556,0.7438599683493812,2.9551060275531884,4.400970162239753,0.8113625407059748,-0.188637459294456,0.8955308833147427,nan,nan
CON3-0,moderate,SAA,search_sampled,18,certified_infeasible,-1.0,142789.8084373517,202174.508257646,nan,80253.85494196876,0.7062700914567529,nan,nan,142789.8084373516,240163.2881841258,2.6819357824791545,-0.896218847366819,1.6819357824791563,0.7460725312378204,2.9723370856521907,4.389911377734673,1.2229033553449502,0.2229033553445183,0.8947439517202729,nan,nan
CON3-0,moderate,SAA,search_sampled,9,certified_feasible,1.0,133081.8376434465,181646.5785245092,nan,71420.92574472901,0.7326415874411311,nan,nan,94250.92436800519,204012.53519472765,2.241203344079466,-0.8527393561704278,2.164568003578993,0.9362259269956261,2.241203344079466,3.685289844512743,3.499432555136403,2.4994325551360093,0.9127828145368911,nan,nan
CON3-0,moderate,SAA,search_sampled,9,certified_feasible,1.0,137199.8877557203,189716.00738745296,nan,70600.47036088524,0.7231856164647187,nan,nan,91572.56733180914,205803.01356465716,2.1674622753768817,-0.8467780474234468,2.247430857965782,0.9128075277780779,2.167462275376882,3.612888025091134,2.355934627374136,1.3559346273737387,0.9183650567426433,nan,nan
CON3-0,moderate,SAA,search_sampled,9,certified_feasible,1.0,133081.8376434465,181646.5785245092,nan,71420.92574472901,0.7326415874411311,nan,nan,94250.92436800519,204012.53519472765,2.241203344079466,-0.8527393561704278,2.164568003578993,0.9362259269956261,2.241203344079466,3.685289844512743,3.499432555136403,2.4994325551360093,0.9127828145368911,nan,nan
CON3-0,moderate,SAA,search_sampled,17,ambiguous,-1.0,141345.4152665868,197616.1893043668,nan,78117.2168687194,0.7152522056221202,nan,nan,141345.41526658673,235284.98290293122,2.664609937713,-0.8910339818873784,1.6646099377130013,0.7550387755238093,2.9708211192434537,4.28419724243664,0.5508289889007913,-0.44917101109963514,0.8899218009868344,nan,nan
CON3-0,moderate,SAA,search_sampled,9,certified_feasible,1.0,133081.8376434465,181646.5785245092,nan,71420.92574472901,0.7326415874411311,nan,nan,94250.92436800519,204012.53519472765,2.241203344079466,-0.8527393561704278,2.164568003578993,0.9362259269956261,2.241203344079466,3.685289844512743,3.499432555136403,2.4994325551360093,0.9127828145368911,nan,nan
CON3-0,moderate,SAA,search_sampled,18,certified_infeasible,-1.0,146452.698606918,204502.7136992627,nan,81339.71696958608,0.7161406123064372,nan,nan,146452.69860691804,246520.19131454144,2.68327517116094,-0.8984597178237018,1.6832751711609395,0.7450903375149983,2.983802215945917,4.438087034557955,1.4396281186038482,0.4396281186034232,0.8989947983488763,nan,nan
CON3-0,moderate,SAA,search_sampled,9,certified_feasible,1.0,59976.22029476794,83341.77100605008,nan,42827.88137977382,0.7196417783156306,nan,nan,58680.323726298244,108281.15677852265,2.7837946386792543,-0.9105359511482689,1.8452719736785508,0.8758342823869504,2.7837946386792543,4.728144309177436,21.038219822164333,20.038219822163665,0.8723999184993574,nan,nan
CON3-0,moderate,SAA,search_sampled,16,ambiguous,-1.0,129891.19640681767,213106.60457415367,nan,85262.33374923159,0.6095127678767932,nan,nan,129891.19640681767,231239.89126171623,2.780258382850487,-0.9117339072807377,1.780258382850487,0.6697128726363663,2.8937860459116584,4.760121596007975,0.4370241351447852,-0.5629758648556753,0.8896997247269665,nan,nan
CON3-0,moderate,SAA,search_sampled,16,certified_feasible,1.0,112615.47085769662,163824.01615297876,nan,67134.72280387419,0.687417348824707,nan,nan,112615.47085769664,189048.1338334981,2.6787048208712236,-0.856173781205652,1.6787048208712234,0.7135264383637682,2.7577090031913247,3.7290307649123555,1.966483814616606,0.966483814616112,0.8952448491913171,nan,nan
CON3-0,moderate,SAA,search_sampled,9,certified_feasible,1.0,65141.85192722883,87420.4118195048,nan,44320.534746757156,0.745156086220755,nan,nan,59099.942367180825,115509.8035524684,2.680454128241687,-0.922261089039925,1.954482507526317,0.9569754822122907,2.6804541282416885,5.072193015316489,19.85589329015673,18.85589329015612,0.8672836556934395,nan,nan
CON3-0,moderate,SAA,search_sampled,10,certified_feasible,1.0,139442.92858380487,193635.63535413463,nan,72095.40969909393,0.7201305086678994,nan,nan,104129.22543741406,216447.1462023909,2.2989790511115045,-0.8485031616747035,2.0786397410829154,0.9197837358652748,2.2989790511115045,3.6334000107282747,2.0022992287740498,1.0022992287736543,0.9139871472624906,nan,nan
CON3-0,moderate,SAA,search_sampled,10,certified_feasible,1.0,139442.92858380487,193635.63535413463,nan,72248.42238963049,0.7201305086678994,nan,nan,104129.22543741406,216447.1462023909,2.2989790511115045,-0.8485031616747035,2.0786397410829154,0.9197837358652748,2.2989790511115045,3.6334000107282747,2.0022992287740498,1.0022992287736543,0.9139871472624906,nan,nan
CON3-0,moderate,SAA,search_sampled,17,ambiguous,1.0,116447.64038038788,175197.84330353516,nan,71449.01754050287,0.6646636635739807,nan,nan,116395.97956643374,200323.54459045897,2.719844928779121,-0.860268103854155,1.721052095928477,0.7070407622944241,2.719844928779121,3.7832689982089596,0.8122693783953477,-0.1877306216051458,0.9000101005512983,nan,nan
CON3-0,moderate,SAA,search_sampled,17,ambiguous,1.0,116447.64038038791,175197.8433035352,nan,72091.22453502756,0.6646636635739808,nan,nan,116395.97956643376,200323.544590459,2.7198449287791204,-0.8602681038541549,1.721052095928477,0.7070407622944243,2.7198449287791204,3.783268998208958,0.8430211422214673,-0.15697885777902584,0.9000101005512983,nan,nan
CON3-0,moderate,SAA,search_sampled,17,ambiguous,1.0,116447.64038038788,175197.84330353516,nan,72931.63480284206,0.6646636635739807,nan,nan,116395.97956643374,200323.544590459,2.719844928779121,-0.8602681038541549,1.7210520959284772,0.7070407622944243,2.71984492877912,3.783268998208958,0.8430211422214675,-0.15697885777902562,0.9000101005512983,nan,nan
CON3-0,moderate,SAA,search_sampled,9,certified_feasible,1.0,71171.93091287167,95766.82732947446,nan,46959.065780564786,0.7431793753385297,nan,nan,64440.577743910784,127607.16335551845,2.698363507019827,-0.9346092766004326,1.980229970355542,0.9430268227867714,2.698363507019828,5.530404877497568,16.728355365930824,15.728355365930243,0.8808684877790617,nan,nan
CON3-0,moderate,SAA,search_sampled,9,certified_feasible,1.0,71171.93091287166,95766.82732947444,nan,44161.096016611984,0.7431793753385297,nan,nan,64440.577743910806,127607.16335551844,2.698363507019828,-0.9346092766004325,1.980229970355541,0.9430268227867713,2.698363507019829,5.5304048774975625,16.728355365930828,15.728355365930247,0.8808684877790617,nan,nan
CON3-0,moderate,SAA,search_sampled,10,certified_feasible,1.0,145193.75749213944,201690.06893369072,nan,77430.03633627956,0.7198855068063591,nan,nan,110159.36728719187,228265.0510269748,2.3308468914890397,-0.8581800887993828,2.0721347321456065,0.9132883730282328,2.3308468914890392,3.7553151842249757,1.4143762020103199,0.414376202009932,0.9159961057020772,nan,nan
CON3-0,moderate,SAA,search_sampled,16,ambiguous,-1.0,135799.6286848702,224340.59137500013,nan,89024.13119735279,0.6053279428949714,nan,nan,131215.3840491456,247520.348652421,2.788930546934276,-0.9243392128960582,1.8863668345452114,0.6933989877140926,2.7889305469342767,5.1413784199905495,0.6863478382735944,-0.3136521617268505,0.898329568811279,nan,nan
CON3-0,moderate,SAA,search_sampled,16,ambiguous,-1.0,135799.62868487008,224340.59137500008,nan,88174.24341445623,0.605327942894971,nan,nan,131215.3840491456,247520.348652421,2.788930546934278,-0.9243392128960582,1.8863668345452114,0.6933989877140926,2.7889305469342767,5.1413784199905495,0.8130245538602129,-0.18697544614023381,0.898329568811279,nan,nan
CON3-0,moderate,SAA,search_sampled,18,ambiguous,-1.0,129442.15698927153,192859.01068447524,nan,75426.88902266906,0.6711750544082375,nan,nan,125704.69864805666,220932.201785989,2.6779289568140903,-0.8616063857768024,1.7575492735124147,0.6984496330390048,2.67792895681409,3.801517308375506,0.6450406697639373,-0.35495933023652765,0.9073775755922173,nan,nan
CON3-0,moderate,SAA,search_sampled,18,ambiguous,-1.0,129442.15698927153,192859.01068447527,nan,77057.06501627411,0.6711750544082374,nan,nan,125704.69864805664,220932.20178598893,2.67792895681409,-0.8616063857768024,1.7575492735124143,0.6984496330390045,2.677928956814091,3.801517308375506,0.6450406697639373,-0.35495933023652765,0.9073775755922173,nan,nan
CON3-0,moderate,SAA,search_sampled,18,ambiguous,-1.0,129442.1569892715,192859.01068447527,nan,76497.94196514592,0.6711750544082373,nan,nan,125704.69864805664,220932.20178598896,2.6779289568140907,-0.8616063857768023,1.7575492735124147,0.6984496330390046,2.67792895681409,3.8015173083755047,0.8415103931730185,-0.1584896068274493,0.9073775755922173,nan,nan
CON3-0,moderate,SAA,search_sampled,18,ambiguous,-1.0,129442.15698927156,192859.01068447533,nan,75841.31738702758,0.6711750544082373,nan,nan,125704.69864805664,220932.20178598896,2.6779289568140894,-0.8616063857768023,1.7575492735124147,0.6984496330390048,2.67792895681409,3.8015173083755047,0.8415103931730181,-0.15848960682744967,0.9073775755922173,nan,nan
CON3-0,moderate,SAA,search_sampled,9,certified_feasible,1.0,74841.2513626472,93083.82385454426,nan,50594.83180375926,0.8040199495843287,nan,nan,74841.25136264724,132101.62288275556,2.765091049088026,-0.9081717779308381,1.7650910490880247,0.9776088624069379,2.8993444234265175,4.666882965428081,15.20961433814549,14.20961433814493,0.8791639560895688,nan,nan
CON3-0,moderate,SAA,search_sampled,9,certified_feasible,1.0,74841.25136264724,93083.82385454426,nan,47398.34604071252,0.804019949584329,nan,nan,74841.25136264725,132101.62288275556,2.7650910490880247,-0.9081717779308381,1.7650910490880243,0.9776088624069379,2.8993444234265184,4.666882965428081,15.209614338145485,14.209614338144924,0.8791639560895688,nan,nan
CON3-0,moderate,SAA,search_sampled,16,ambiguous,-1.0,139357.5367741211,219525.1479349725,nan,89813.21168902583,0.634813542252578,nan,nan,139357.53677412102,250073.14539900195,2.794471624482967,-0.9125444809139986,1.7944716244829684,0.7009220508226227,2.874553921176819,4.782130097668334,0.8424509565425083,-0.15754904345792797,0.8992451510428802,nan,nan
CON3-0,moderate,SAA,search_sampled,18,certified_infeasible,-1.0,122807.62465603187,187592.522368036,nan,75588.17821131554,0.6546509589283988,nan,nan,120164.73454726345,221037.98343631736,2.7783512541606847,-0.9076407936049808,1.8394580096157764,0.6992024905727078,2.7783512541606856,4.653448389070749,1.3127010920751676,0.31270109207466923,0.9236135478933408,nan,nan
CON3-0,moderate,SAA,search_sampled,11,ambiguous,1.0,147901.1056480017,209026.59399473137,nan,82490.94828892146,0.7075707584448783,nan,nan,117810.08642032678,241792.87175177876,2.4313743740898404,-0.8858546587866579,2.0523953347177932,0.8634103114975545,2.4313743740898417,4.185871601023949,0.2798883514408705,-0.7201116485595261,0.9228535058689453,nan,nan
CON3-0,moderate,SAA,search_sampled,11,ambiguous,-1.0,147901.10564800163,209026.59399473137,nan,84741.69455155116,0.7075707584448778,nan,nan,117810.0864203268,241792.87175177876,2.431374374089842,-0.8858546587866579,2.0523953347177932,0.8634103114975545,2.431374374089841,4.185871601023949,0.4445451109941666,-0.5554548890062404,0.9228535058689452,nan,nan
CON3-0,moderate,SAA,search_sampled,16,ambiguous,-1.0,137994.20651293694,216122.43412469438,nan,87805.9157530446,0.6385001495648507,nan,nan,137994.20651293703,244694.34655532258,2.773221881835906,-0.9245777598243436,1.7732218818359042,0.6910671574906885,2.9811787280373783,5.1495026270484,0.751482333180981,-0.24851766681945814,0.8890964908831249,nan,nan
CON3-0,moderate,SAA,search_sampled,18,ambiguous,-1.0,132532.34391183904,184656.33657615923,nan,75236.90640549498,0.717724321673509,nan,nan,132532.34391183895,217808.70647282267,2.643438122679772,-0.8651622094935243,1.6434381226797732,0.694912733332824,2.855131430467747,3.8513162680510122,0.305128809305925,-0.6948711906945247,0.898395923773813,nan,nan
CON3-0,moderate,SAA,search_sampled,18,certified_infeasible,-1.0,132532.34391183904,184656.3365761593,nan,75327.22095577854,0.7177243216735087,nan,nan,132532.34391183895,217808.70647282267,2.643438122679772,-0.8651622094935245,1.6434381226797732,0.694912733332824,2.855131430467748,3.8513162680510153,1.112996395946087,0.11299639594562558,0.898395923773813,nan,nan
CON3-0,moderate,SAA,search_sampled,12,ambiguous,-1.0,155729.93966705262,220021.05218065483,nan,87577.70499808417,0.7077956319342837,nan,nan,125029.83339766951,257420.8157599408,2.4558581989775496,-0.8955354506610141,2.058875140153062,0.8601972467975776,2.4558581989775496,4.375528634416128,0.6526706838195123,-0.34732931618087826,0.923911127467999,nan,nan
CON3-0,moderate,SAA,search_sampled,16,ambiguous,-1.0,132165.9866185501,216833.48077936322,nan,86551.32550742704,0.6095275791520143,nan,nan,131522.89227237756,241599.6668186421,2.8231360324794053,-0.9158016937115947,1.8369400386839185,0.703983659174109,2.8231360324794044,4.873750807108618,0.05746855168091565,-0.9425314483195318,0.890140664954419,nan,nan
CON3-0,moderate,SAA,search_sampled,11,certified_feasible,1.0,97612.89191996824,120557.0686695583,nan,53335.414137755804,0.8096820285795182,nan,nan,97612.89191996829,172496.27338131162,2.7671464290059093,-0.915542764583188,1.7671464290059082,0.9666050781011097,2.938108453312991,4.866274095643018,7.803801377782111,6.803801377781622,0.8893612287341832,nan,nan
CON3-0,moderate,SAA,search_sampled,16,ambiguous,-1.0,135789.20611084692,217653.51184196654,nan,87955.75845012609,0.6238778550443996,nan,nan,135789.206110847,244136.5881924781,2.7979086496255494,-0.9062905093234764,1.7979086496255476,0.7013604813575625,2.835559036494788,4.619800367960647,0.6741563153730794,-0.3258436846273654,0.8930069458274894,nan,nan
CON3-0,moderate,SAA,search_sampled,18,ambiguous,-1.0,121135.43712501807,184678.38065208792,nan,75086.0557981114,0.6559264636028124,nan,nan,118098.69350282701,214634.164388071,2.7467838131256372,-0.8943764015412222,1.8174135379654572,0.6981304584133924,2.7467838131256355,4.351455215652566,0.4212340769222642,-0.5787659230782279,0.9175384036622403,nan,nan
CON3-0,moderate,SAA,search_sampled,18,certified_infeasible,-1.0,121135.43712501811,184678.38065208794,nan,75694.89329784669,0.6559264636028125,nan,nan,118098.69350282701,214634.164388071,2.7467838131256364,-0.8943764015412222,1.8174135379654572,0.6981304584133924,2.7467838131256355,4.351455215652566,1.117352336490924,0.11735233649042187,0.9175384036622403,nan,nan
CON3-0,moderate,SAA,search_sampled,10,certified_feasible,1.0,130471.04752923094,184342.04823842712,nan,75039.90352537108,0.7077660727761922,nan,nan,106734.15154703225,216746.6143218456,2.4793298742880463,-0.8936652608347829,2.030714735445632,0.8537035239478282,2.4793298742880463,4.336880072368357,1.9398435373042748,0.93984353730385,0.9238804618066797,nan,nan
CON3-0,moderate,SAA,search_sampled,18,ambiguous,-1.0,129442.1569892715,192859.01068447527,nan,76497.94196514592,0.6711750544082373,nan,nan,125704.69864805664,220932.20178598896,2.6779289568140907,-0.8616063857768023,1.7575492735124147,0.6984496330390046,2.67792895681409,3.8015173083755047,0.8415103931730185,-0.1584896068274493,0.9073775755922173,nan,nan
CON3-0,moderate,SAA,search_sampled,18,ambiguous,-1.0,121590.77234697461,182255.8466930894,nan,74914.8166406066,0.6671433292986643,nan,nan,121590.77234697469,211759.4387248738,2.7415749126141873,-0.8710254289266344,1.7415749126141857,0.699877442556035,2.7427118573611047,3.9378842986132994,0.2863083053791844,-0.713691694621304,0.9090029327425072,nan,nan
CON3-0,moderate,SAA,search_sampled,12,ambiguous,-1.0,150095.84263004898,215216.73301959765,nan,82857.98269255184,0.6974171595494911,nan,nan,120653.36995514424,247593.0197704343,2.453408324128067,-0.8926270907401184,2.0521019832474043,0.840405148072901,2.4534083241280658,4.31586287427363,0.31897924123304355,-0.681020758767356,0.9242462505398621,nan,nan
CON8-0,moderate,SAA,search_sampled,2,certified_feasible,1.0,2855.1184041565516,3766.8922678748254,2231.104106649855,2226.4585747961696,0.7579506397105774,1.2796885612136197,1.0020865116945241,2358.948107766081,4410.7436804146455,2.3710721693101213,-0.810574539715248,1.8697925850482613,1.0,2.3710721693101204,3.2493449783684696,254.08427744018505,253.08427744018115,0.8762817251302192,9.0,2081.5935663009745
CON8-0,moderate,SAA,search_sampled,2,certified_feasible,1.0,24180.994717711957,15142.703967839749,11994.36669469529,10462.359952883655,1.5968742946482897,2.016029302189536,1.1464303224808645,24180.99471771197,30199.813355772163,2.2489069911442305,-0.9528099185248607,1.2489069911442297,1.0,5.303277641714682,6.51012959856269,21.03132417450693,20.031324174506327,0.7854847992224794,9.0,1355.7923794607523
CON8-0,moderate,SAA,search_sampled,2,certified_feasible,1.0,23627.121344209078,24835.479609818427,17511.08980457003,16496.319434826146,0.9513454829705951,1.3492661854799517,1.0615149563363544,23627.121344209092,36293.135580424096,2.5360794508857687,-0.8972784742062029,1.5360794508857674,1.0,3.2660235679624763,4.4124954138271395,22.130567901778452,21.130567901777848,0.8665548540495541,9.0,323.6618637971769
CON8-0,moderate,SAA,search_sampled,2,certified_feasible,1.0,16034.820999307392,16485.143366359738,11813.695078308136,10994.84713094067,0.9726831391729786,1.3573078442451025,1.0744756100394648,16034.8209993074,24263.470594334158,2.5131737732140698,-0.871298283149413,1.5131737732140684,1.0,3.1104125421209226,3.942056346612603,32.47665664645753,31.476656646456636,0.8939889227720976,9.0,579.7305543255625
CON8-0,moderate,SAA,search_sampled,2,certified_feasible,1.0,14902.844481545715,19100.328393794865,9171.210418541907,8808.697478345282,0.7802402228009446,1.624959389375242,1.0411539777688814,7613.385203169041,19658.12523429956,1.829953367039365,-0.7426951087777199,2.582047894557725,1.0,1.8299533670393642,2.787988492324627,41.29678852442122,40.29678852442036,0.8620106497641848,9.0,441.4635688308972
CON8-0,moderate,SAA,search_sampled,2,certified_feasible,1.0,328.5656222247171,437.2514288345254,242.58975253442597,242.24937519547817,0.7514340732985011,1.3544084974409225,1.001405070038563,237.7409818527621,486.0845685565299,2.2029862573822263,-0.7997579571726527,2.0445972956297966,1.0,2.202986257382226,3.1603658786779123,2284.727730459687,2283.727730459654,0.8675938234926436,9.0,219.38874239490494
CON8-0,moderate,SAA,search_sampled,4,certified_feasible,1.0,44046.037094722604,66539.46210913952,35515.28735436364,26696.03347448523,0.6619536091601899,1.2401993726037197,1.3303582117660822,39126.44435638765,71675.56227360075,2.515595362000551,-0.8429957926493475,1.8318956259029258,0.973977063508223,2.5155953620005493,3.569105228385808,7.244264680504588,6.244264680504191,0.6733804172944988,9.0,14035.951464983365
CON8-0,moderate,SAA,search_sampled,6,certified_feasible,1.0,49283.88830773379,69325.37825350047,43831.56064237616,29575.990701324612,0.7109068792602697,1.12439273403572,1.4819980532524675,49283.8883077338,87745.42647700841,2.780407948518931,-0.9085140932559139,1.78040794851893,0.9002155513549082,2.8757354332179945,4.675605915281719,1.2762372380080753,0.2762372380076444,0.8385127515458674,9.0,33075.3763709054
CON8-0,moderate,SAA,search_sampled,6,certified_feasible,1.0,64558.13822097655,83811.02346401397,42752.25609215558,33324.27277185977,0.7702821842844569,1.5100521965862297,1.2829164010521827,60023.01944994929,85698.53280482178,2.2572142919608313,-0.6589619102869871,1.427761108823961,0.8848878985326465,2.2572142919608305,2.42166215238164,1.1116135276321746,0.11161352763184407,0.7684893502656428,9.0,48168.87990232114
CON8-0,moderate,SAA,search_sampled,7,ambiguous,1.0,65923.80720752815,86528.7353633023,45009.80558389168,36216.42080335298,0.7618718444310825,1.4646543425888798,1.2428010439873338,63488.323722780464,90033.7731833283,2.3287808063454407,-0.6814881025854058,1.4181154565752534,0.8400471854439101,2.3287808063454403,2.505833253500909,0.28742917551084984,-0.7125708244894855,0.7862409639537657,9.0,1334.7314876794771
CON8-0,moderate,SAA,search_sampled,9,certified_infeasible,-1.0,83726.94567557203,116213.74342245114,57691.67967510461,43621.66059997879,0.7204564899971801,1.451282856506989,1.3225466174740872,83726.94567557209,113590.62544141525,2.3566794360510896,-0.7379987013636828,1.3566794360510883,0.6672383509501616,2.574224585516187,2.7628879726833837,4.776707970043157,3.776707970042819,0.8038737628873884,9.0,1347.9614277269866
CON8-0,moderate,SAA,search_sampled,7,ambiguous,-1.0,52233.14873144528,78200.75680520076,48153.64935425565,35439.59482039009,0.6679366142396657,1.0847183844193753,1.3587528186566782,51861.80449464646,96234.45617752074,2.8352926114716617,-0.9239244683059373,1.8555940564593107,0.8946588573619212,2.835292611471662,5.127344518040153,0.22057954800133583,-0.7794204519990918,0.8457443351282542,9.0,42089.15026163874
CON8-0,moderate,SAA,search_sampled,9,certified_infeasible,-1.0,94039.29252733469,116213.74342245112,57691.67967510458,43623.10313311497,0.8091925254097564,1.6300321477364617,1.3225028833703014,83726.94567557207,113590.62544141526,2.0982460183825014,-0.7379987013636828,1.3566794360510888,0.6672383509501616,2.574224585516187,2.7628879726833837,4.273575776915894,3.273575776915591,0.8038737628873884,9.0,101266.53934249388
CON8-0,moderate,SAA,search_sampled,4,certified_feasible,1.0,47508.64620858686,72164.9893414403,43264.95516157977,33393.14707137406,0.6583337244575094,1.09808610759351,1.2956237718207824,47508.64620858688,86658.85343321635,2.8240648881624706,-0.9451742493334853,1.8240648881624695,0.9141261967411942,3.0120135140185282,6.039802040404103,3.950438344592044,2.9504383445916345,0.8475081181353197,9.0,32822.6449350718
CON8-0,moderate,SAA,search_sampled,6,certified_infeasible,-1.0,66971.18315045103,102459.23034494187,56240.1393436554,40668.7478474621,0.6536373826446298,1.1908075607925432,1.382883474912912,64815.864712694325,112555.83047178532,2.6484778503317377,-0.8488065089344675,1.7365475408020132,0.835890104200038,2.648477850331736,3.6370431227497466,1.3207639469733738,0.3207639469730208,0.7966589740432722,9.0,47826.907124720085
CON8-0,moderate,SAA,search_sampled,5,certified_feasible,1.0,56164.28960055542,81187.66933835369,44642.25634037257,34015.96050875205,0.6917834944428313,1.258097018491487,1.3123914677901412,51208.98718827807,89658.77381959761,2.5081375017780445,-0.8174777777707541,1.7508405993259097,0.9229556653122128,2.5081375017780423,3.310222024892917,1.9767514142269234,0.9767514142265555,0.7586418595585539,9.0,1436.6026784232163
CON8-0,moderate,SAA,search_sampled,6,certified_feasible,1.0,58460.30299326351,91760.12137344747,48607.17038774359,39417.217375576605,0.6370992335040667,1.2027094465059505,1.23314565623958,55149.93482077839,97415.5111565082,2.609727253635121,-0.8481860861572846,1.7663758166366093,0.8983099166474252,2.609727253635121,3.6296037040138285,1.4685922230717308,0.4685922230713708,0.7585785031620093,9.0,31179.850322802864
CON8-0,moderate,SAA,search_sampled,7,ambiguous,-1.0,61579.52620618388,89966.88577259517,55278.85889860747,41560.43098955124,0.6844687984625298,1.1139796919312879,1.3300838702203353,61579.52620618386,111203.02212957264,2.8058440683229144,-0.954065895315569,1.8058440683229153,0.8467602610203045,3.1074846075982996,6.598532649401252,0.7784659294827845,-0.22153407051758886,0.889909441652512,9.0,51602.357071968574
CON8-0,moderate,SAA,search_sampled,11,certified_infeasible,-1.0,89883.6390937252,142016.49065853597,80728.31568590619,60506.55611055193,0.6329098731910026,1.1134090725172578,1.3342077433461417,89883.63909372521,161502.12032682088,2.796791072938383,-0.9185168437382022,1.7967910729383825,0.7717215589704426,2.903741947757306,4.954286027830372,6.017337262167825,5.017337262167486,0.8662314723566644,9.0,83247.54959756447
CON8-0,moderate,SAA,search_sampled,3,certified_feasible,1.0,26488.197474136246,28639.84303963092,19127.795482669197,15620.966369854968,0.9248722989676552,1.3848013744258174,1.2244950171316953,26488.197474136254,39539.21619294236,2.492710715085444,-0.883685357864673,1.4927107150854433,0.9998746857110794,3.245199728406212,4.146654042064782,18.01513033609163,17.015130336091065,0.873921788757509,9.0,598.7716530647122
CON8-0,moderate,SAA,search_sampled,9,certified_infeasible,-1.0,72745.55573327944,101790.5533961097,56471.168049042855,42436.45199491599,0.7146592027080941,1.288189322914358,1.3307231258590673,72745.55573327943,113021.99275278258,2.5536618232346195,-0.8059874575330787,1.55366182323462,0.7703180017286778,2.677846189387329,3.210702708015849,3.5474425658470197,2.5474425658466604,0.8700754650260505,9.0,1805.3549836196325
CON8-0,moderate,SAA,search_sampled,9,certified_infeasible,-1.0,82696.01317270161,123489.69217236248,73274.71160909967,56229.43026774167,0.6696592380947674,1.1285750753119572,1.3031380766298948,73686.5877354099,145871.53342701052,2.655002493335407,-0.9242721087998271,1.97962122972499,0.8490614190231236,2.655002493335405,5.139099972708431,3.879866231692267,2.8798662316919383,0.886838813747944,9.0,78013.58620790174
CON8-0,moderate,SAA,search_sampled,7,certified_infeasible,-1.0,70793.76841120995,106952.63966657038,60059.704646591716,45944.005310452485,0.6619169814967885,1.1787232192995372,1.3072370212556945,68941.72364175512,120154.66642581671,2.6710880676558117,-0.855801100664415,1.7428439568784448,0.8054671309155759,2.6710880676558117,3.724208826906227,2.066933234661875,1.0669332346615283,0.8252321488353667,9.0,59253.08591399402
CON8-0,moderate,SAA,search_sampled,8,certified_infeasible,-1.0,65175.406582852636,101431.53752388949,60285.3980592862,49058.381344962545,0.6425556407197546,1.0811143109440444,1.2288501252289377,60658.515411041575,120232.74401289917,2.7754527191784706,-0.9520957411246997,1.9821247387636096,0.8624599039875371,2.775452719178471,6.461419455674448,2.6976923408594997,1.6976923408591182,0.8899279388112327,9.0,64212.66534760284
CON8-0,moderate,SAA,search_sampled,7,ambiguous,1.0,62023.9737296004,96845.91393920443,51215.56108938717,40874.152015135434,0.6404397584449076,1.2110376692222344,1.253006082436215,57296.44288931206,102836.94610111504,2.581798284781693,-0.849543589008161,1.7948225215268643,0.870217919600618,2.5817982847816916,3.645941104362021,0.43249066781835055,-0.5675093321820031,0.7763151896037846,9.0,33924.01869951789
CON8-0,moderate,SAA,search_sampled,12,certified_infeasible,-1.0,91619.01614005382,144145.09673878088,82478.13097167379,59744.395761784974,0.6356027240113856,1.110827986287897,1.3805166144877186,91619.01614005386,165037.9581098414,2.801350473547494,-0.9214977352439688,1.8013504735474926,0.7716249926913794,2.9127326627386854,5.047471840996892,6.206211450006657,5.206211450006321,0.8707599494685884,9.0,85844.45564987612
CON8-0,moderate,SAA,search_sampled,7,certified_infeasible,-1.0,65055.69301212819,92534.45081310668,59021.29500210065,45395.37175771373,0.7030429471454066,1.1022410302893688,1.3001610674566524,65055.69301212827,118728.10128503166,2.8250224659492527,-0.9515071543537582,1.8250224659492489,0.8435683276173292,3.0504473554989207,6.422086677014155,2.1802906126803423,1.1802906126799675,0.9078841674940371,9.0,2089.764367120013
CON8-0,moderate,SAA,search_sampled,8,certified_infeasible,-1.0,70318.89572448716,99140.58759644967,60750.61559062332,43156.61212838205,0.7092846373951223,1.157500957658455,1.407678049655583,70318.89572448719,121668.39240474204,2.7302375293469443,-0.8891462307800763,1.7302375293469434,0.8741413548089388,2.851349450107391,4.24756237933618,2.012589420559972,1.0125894205596244,0.8615069371539,9.0,54137.87363501135
CON8-0,moderate,SAA,search_sampled,13,certified_infeasible,-1.0,104386.14227657935,165515.04464220974,88257.85620331683,62539.468713601185,0.6306746465388001,1.1827405147492853,1.411234505484732,101667.94079759276,176558.06132921405,2.6653538109457573,-0.8527061341995708,1.736614904797939,0.7870245825536445,2.6653538109457555,3.684874214521765,6.445811184461631,5.445811184461319,0.8109345299377115,9.0,83339.68094119144
CON8-0,moderate,SAA,search_sampled,11,certified_infeasible,-1.0,91181.56648804239,145991.44866758186,77839.43030250585,50781.48085797219,0.6245678587357543,1.1714058817450905,1.5328310436674837,78228.80146231312,156373.10440284567,2.5729093598751085,-0.909769985154916,1.9989198540665196,0.7631840975713351,2.5729093598751085,4.708032838919934,6.117600989882505,5.1176009898821695,0.877668971025668,9.0,80275.00408451469
CON8-0,moderate,SAA,search_sampled,7,certified_infeasible,-1.0,52189.48394146495,75056.22123290246,48026.46466454301,31766.73917308689,0.6953385486796476,1.0866817765163426,1.5118474830816606,52189.483941464976,95940.33653060537,2.8383078215184283,-0.9252341833581107,1.8383078215184263,0.8217950345464516,2.870574770078294,5.172058842084233,1.3425928976715888,0.3425928976711449,0.8877793710398008,9.0,3271.3982248081084
CON8-0,moderate,SAA,search_sampled,8,certified_infeasible,-1.0,60987.5543899548,91252.72970725088,59698.41837911735,46371.482159881416,0.668336767410792,1.0215941401102242,1.2873950885004453,59549.27020308923,118982.18022880581,2.927342344150478,-0.9867887779273122,1.9980459848294394,0.7644565471981667,2.9273423441504764,12.303920077044785,5.387237244490196,4.387237244489754,0.9378868423007121,9.0,2172.110356588819
CON8-0,moderate,SAA,search_sampled,12,certified_infeasible,-1.0,105455.4030541804,154814.31306378843,82555.45839437025,58677.163671109396,0.6811734714136503,1.2773886197859423,1.4069435744559973,90522.4038642499,165262.25271896124,2.42552443189464,-0.8150126817263146,1.8256502883727375,0.7095909898057525,2.4255244318946385,3.288092447196732,6.452377433851339,5.452377433851031,0.9040873862463995,9.0,124555.11890565313
CON8-0,moderate,SAA,search_sampled,13,certified_infeasible,-1.0,104386.14227657935,165515.04464220974,88257.85620331683,55948.34111895031,0.6306746465388001,1.1827405147492853,1.5774883479686037,101667.94079759276,176558.06132921408,2.6653538109457573,-0.8527061341995708,1.7366149047979393,0.7870245825536446,2.6653538109457546,3.684874214521765,5.901408294483849,4.901408294483545,0.8109345299377115,9.0,73225.15012270585
CON8-0,moderate,SAA,search_sampled,9,certified_infeasible,-1.0,110380.8955125034,150508.08957008063,93622.02090031936,60691.86518832041,0.7333884565793194,1.1790056917274563,1.5425793985704703,88652.7393257626,183061.67960133386,2.4616073068216595,-0.8992263743143124,2.064929758443865,0.9064390839368802,2.4616073068216586,4.454936886994794,4.778840940797704,3.7788409407974286,0.9257085983312894,9.0,2541.584012594554
CON8-0,moderate,SAA,search_sampled,12,certified_infeasible,-1.0,108453.2349645497,171374.56591516337,96670.37321297576,63306.192863886274,0.6328432365992862,1.1218869997079144,1.5270286971896307,91917.11532666386,193253.95878498722,2.6294381555779816,-0.9579767151657727,2.102480676185091,0.8334107135257157,2.6294381555779798,6.8987435238842085,5.808853182748479,4.808853182748185,0.8916784913998642,9.0,93749.04514120125
CON8-0,moderate,SAA,search_sampled,12,certified_infeasible,-1.0,93731.6447025792,132211.30854064377,72531.94340813867,46450.95172587778,0.7089533091926449,1.2922808944350133,1.561473784997417,93731.6447025792,145067.95216305694,2.547694512598957,-0.778906798377015,1.5476945125989572,0.7088635857939666,2.5678819869826874,3.007650051514841,6.902037071518707,5.902037071518366,0.858080439791213,9.0,104920.20191923581
CON8-0,moderate,SAA,search_sampled,11,certified_infeasible,-1.0,122831.73376971275,173403.66117907802,105839.31873607833,68792.85241326943,0.7083572107676639,1.1605491724300194,1.5385220269724276,92159.9481979563,207964.87591885464,2.443381811083857,-0.9562545465941725,2.2565645921605064,0.8847841860543024,2.443381811083857,6.761585386210464,5.400666924269665,4.4006669242694,0.9202349798071153,9.0,106763.11310967788
CON8-0,moderate,SAA,search_sampled,12,certified_infeasible,-1.0,98079.28530352029,154901.52521256232,85707.35698943638,58338.97872888519,0.6331718501088469,1.1443508322816298,1.469126797500834,86596.88357977432,171470.3274582491,2.6312101504349035,-0.9186450964639401,1.980098132518685,0.7649156778310461,2.6312101504349026,4.958189606077355,6.667110023471388,5.667110023471061,0.8889528362307639,9.0,85181.05175141923
CON8-0,moderate,SAA,search_sampled,9,certified_infeasible,-1.0,68730.92152320963,102310.17259041998,66558.77702528318,39976.81276172568,0.6717897134076909,1.0326349821166536,1.6649345564888909,65145.92149338198,132216.98676938936,2.8715300753842534,-0.9869150484616028,2.029551255681002,0.7611465001371088,2.8715300753842525,12.363144308683015,6.956566104077251,5.956566104076827,0.941554705415992,9.0,4522.463154212281
CON8-0,moderate,SAA,search_sampled,11,certified_infeasible,-1.0,91735.65820982335,140924.5361324749,83274.38332083407,62006.82123288623,0.6509558997135036,1.1016071755991304,1.3429874595259574,78284.68471328211,165263.22213656633,2.6548880947994173,-0.9671435823059711,2.111054323611871,0.7732827658742469,2.6548880947994173,7.801981072100033,7.242461060931521,6.242461060931169,0.9241870334698602,9.0,2996.6925987971044
CON8-0,moderate,SAA,search_sampled,9,certified_infeasible,-1.0,110380.89551250338,150508.0895700806,93622.0209003193,57671.099259278206,0.7333884565793195,1.179005691727457,1.6233784703740888,88652.7393257626,183061.6796013339,2.4616073068216595,-0.8992263743143124,2.064929758443865,0.9064390839368803,2.4616073068216577,4.454936886994794,4.635131587107557,3.6351315871072822,0.9257085983312894,9.0,87685.72789603038
CON8-0,moderate,SAA,search_sampled,11,certified_infeasible,-1.0,91735.6582098233,140924.53613247492,83274.38332083411,54828.19196135662,0.6509558997135032,1.1016071755991292,1.5188241731466652,78284.68471328213,165263.22213656633,2.6548880947994187,-0.9671435823059711,2.1110543236118704,0.7732827658742469,2.6548880947994173,7.801981072100033,6.652048266644483,5.65204826664414,0.9241870334698602,9.0,92347.26400686856
CON8-0,moderate,SAA,search_sampled,10,certified_infeasible,-1.0,108352.39707084205,153251.073980095,89347.92675602068,56388.33981757287,0.7070253686112202,1.2127018611938947,1.5845106815536405,88391.19534089584,176843.6092755317,2.4478905108394966,-0.8747262590936753,2.000692587010549,0.8909865917484456,2.4478905108394944,3.99562732606794,6.168761929815543,5.168761929815243,0.9118732139753344,9.0,3568.5624578753195
CON8-0,moderate,SAA,search_sampled,12,certified_infeasible,-1.0,108453.23496454972,171374.56591516334,96670.37321297576,60907.32652231078,0.6328432365992864,1.1218869997079144,1.5871715068229881,91917.11532666386,193253.9587849872,2.6294381555779816,-0.9579767151657729,2.1024806761850905,0.8334107135257157,2.6294381555779816,6.898743523884226,6.073199720839012,5.073199720838714,0.8916784913998642,9.0,100346.36756099104
CON8-0,moderate,SAA,search_sampled,6,certified_feasible,1.0,64558.13822097655,83811.02346401397,42752.25609215558,33324.27277185977,0.7702821842844569,1.5100521965862297,1.2829164010521827,60023.01944994929,85698.53280482178,2.2572142919608313,-0.6589619102869871,1.427761108823961,0.8848878985326465,2.2572142919608305,2.42166215238164,1.1116135276321746,0.11161352763184407,0.7684893502656428,9.0,48168.87990232114
CON8-0,moderate,SAA,search_sampled,7,certified_infeasible,-1.0,81660.16083543371,109927.87036346667,66752.60564976276,46875.11278443172,0.7428522044994749,1.2233254423638207,1.4240521608287797,65156.364158004864,131448.48296630476,2.4075980883814214,-0.8672612312938335,2.017431215890758,0.945614103074833,2.407598088381422,3.881647604843743,1.7770695823350562,0.7770695823347542,0.8919936056748837,9.0,2022.4629556311556
CON8-0,moderate,SAA,search_sampled,3,certified_feasible,1.0,24643.753086025976,32319.32275510309,21638.503335955404,17604.172653545265,0.7625083382087524,1.138884362906788,1.2291690022477526,24643.753086025998,42938.46131347649,2.7423669667354518,-0.8792883024882638,1.7423669667354493,0.9936633532657483,2.781933606877304,4.070430269141558,16.892350063880386,15.892350063879743,0.9185664128066793,9.0,1065.4651124928787
CON8-0,moderate,SAA,search_sampled,3,certified_feasible,1.0,24643.753086025976,32319.32275510309,21638.503335955404,17604.172653545265,0.7625083382087524,1.138884362906788,1.2291690022477526,24643.753086025998,42938.46131347649,2.7423669667354518,-0.8792883024882638,1.7423669667354493,0.9936633532657483,2.781933606877304,4.070430269141558,16.892350063880386,15.892350063879743,0.9185664128066793,9.0,1065.4651124928787
CON8-0,moderate,SAA,search_sampled,3,certified_feasible,1.0,24643.753086025976,32319.32275510309,21638.503335955404,17604.172653545265,0.7625083382087524,1.138884362906788,1.2291690022477526,24643.753086025998,42938.46131347649,2.7423669667354518,-0.8792883024882638,1.7423669667354493,0.9936633532657483,2.781933606877304,4.070430269141558,16.892350063880386,15.892350063879743,0.9185664128066793,9.0,4498.696744952409
CON8-0,moderate,SAA,search_sampled,3,certified_feasible,1.0,31256.645743648518,34926.474192934096,24733.587512107344,20255.056028658593,0.8949270278753756,1.2637327976925332,1.2211068425143894,31256.64574364852,50207.407526646326,2.6062954399657134,-0.8850883051585451,1.6062954399657128,0.9827505513975396,3.0364147277736766,4.171890325422322,12.595070834156024,11.595070834155502,0.9132908017067736,9.0,650.8953288165212
CON8-0,moderate,SAA,search_sampled,3,certified_feasible,1.0,31256.645743648518,34926.474192934096,24733.587512107344,20255.056028658593,0.8949270278753756,1.2637327976925332,1.2211068425143894,31256.64574364852,50207.407526646326,2.6062954399657134,-0.8850883051585451,1.6062954399657128,0.9827505513975396,3.0364147277736766,4.171890325422322,12.595070834156024,11.595070834155502,0.9132908017067736,9.0,650.8953288165212
CON8-0,moderate,SAA,search_sampled,7,certified_infeasible,-1.0,65936.12305802204,89565.641242799,46844.092635145826,36614.21602664652,0.736176530900718,1.4075653801553623,1.2793963033662763,60761.71694066843,93933.20055995078,2.346133050080785,-0.7155321249447846,1.5459273583673265,0.8174387284202922,2.346133050080783,2.6515412236763067,1.0727476833672047,0.07274768336685013,0.8376915999205385,9.0,62697.06388333157
CON8-0,moderate,SAA,search_sampled,8,certified_infeasible,-1.0,64572.701796742425,104270.92813948226,61150.193990329935,43648.85266895075,0.6192780955240382,1.0559688789696025,1.4009576483972195,64572.701796742454,122325.86403293036,2.8943897441054807,-0.9534190361686062,1.8943897441054793,0.8482679558873082,2.9291331838429544,6.552556321965289,2.6087357681399728,1.6087357681395895,0.8887229325217134,9.0,60878.91216616634
CON8-0,moderate,SAA,search_sampled,5,certified_feasible,1.0,37595.27551247631,49301.7070429987,32571.696089652047,22210.63017706938,0.76255524944983,1.1542314348321654,1.4664913075397386,33169.98152531289,63906.82151295918,2.582154318992989,-0.8894579578777135,1.926646279986324,0.9751734819938831,2.582154318992989,4.253547197911919,8.959863556034806,7.959863556034348,0.8845882661713668,9.0,1530.9497744452601
CON8-0,moderate,SAA,search_sampled,7,certified_infeasible,-1.0,88873.0921376888,119273.31198259031,71274.23685679032,45267.224087231494,0.7451213574974855,1.2469174845920759,1.5745219260505663,72019.10838444579,140789.91508840155,2.3945270537357675,-0.8437308249540386,1.9548966690458005,0.971004217241067,2.3945270537357666,3.577489255467115,1.165347175558723,0.16534717555845108,0.8830890141390603,9.0,56453.287079967704
CON8-0,moderate,SAA,search_sampled,6,certified_feasible,1.0,55782.10558558146,77661.35668922927,49421.36593693127,38931.99421381085,0.718273642949606,1.1287042461911596,1.2694280612884554,55782.10558558147,99666.91666297843,2.7867184398421183,-0.957919891540205,1.786718439842118,0.9232043358983407,3.177212107192818,6.894084029616692,1.7302687319737355,0.7302687319733616,0.8605600149057945,9.0,34329.67946451475
CON8-0,moderate,SAA,search_sampled,8,certified_infeasible,-1.0,73018.64264681036,107108.4465705137,59520.46078778214,42545.171297941095,0.6817262782234389,1.2267822137190008,1.398994503300132,64906.78065247093,119408.29946685632,2.5242194792753874,-0.8476656629543974,1.8396891398173294,0.8878923771598749,2.5242194792753874,3.623398451535526,1.658308328506572,0.6583083285062408,0.8194521647163181,9.0,50835.12358376202
CON8-0,moderate,SAA,search_sampled,6,ambiguous,1.0,62317.13658074428,81221.90134172078,54314.68586961009,37375.648900183754,0.7672454787602245,1.1473349349814004,1.453210511867342,59266.20561873342,107205.01251663861,2.6713553810303106,-0.875244920765787,1.8088725505105097,0.9806082218024231,2.67135538103031,4.003924500344957,0.21340115087838463,-0.7865988491219705,0.8727851883335704,9.0,3247.6175512357077
CON8-0,moderate,SAA,search_sampled,8,certified_infeasible,-1.0,70609.97631601557,109630.01180373976,56800.84114210885,44065.137793554226,0.6440752413893919,1.243114976754621,1.2890199369901343,62541.49367278781,114337.35465183713,2.5050121463432036,-0.8389726869920534,1.8281839453665947,0.780478239467786,2.5050121463432027,3.52423796047065,2.1070948366502513,1.1070948366499036,0.8298935874324279,9.0,1706.058607247418
CON8-0,moderate,SAA,search_sampled,8,certified_infeasible,-1.0,67214.30035757199,105802.6669929579,63412.28583992021,47058.577819978054,0.6352798305362728,1.0599570645860283,1.3475181099289282,64972.83653446664,126630.57288013378,2.850634588105408,-0.9564824317184984,1.9489771362061297,0.8651148249954861,2.8506345881054056,6.779266208226998,1.448364616222084,0.44836461622173024,0.8843258169421336,9.0,51891.99295511354
CON8-0,moderate,SAA,search_sampled,6,certified_feasible,1.0,68352.69582441455,91800.82246665697,49234.00054765802,30658.246918853438,0.7445760722812802,1.3883230097917765,1.605897449973936,45026.941752554114,99234.85805722508,2.110550258037534,-0.8060095257787555,2.2038995808902806,0.9418151533383545,2.1105502580375335,3.2108853266765354,1.792407915563693,0.7924079155633905,0.8925016051974665,9.0,43103.75271560708
CON8-0,moderate,SAA,search_sampled,8,ambiguous,1.0,59191.9111345894,85603.33221138034,48224.34821321591,39479.81900691245,0.6914673717189745,1.2274279140670235,1.221493649825811,55938.19448573985,96535.49208935052,2.5759209941439245,-0.8281912490764303,1.725752734367571,0.854154610548314,2.5759209941439245,3.4118690761202184,0.47058571425266194,-0.5294142857477078,0.8061388133387257,9.0,41530.674521747525
CON8-0,moderate,SAA,search_sampled,8,ambiguous,1.0,59191.9111345894,85603.33221138034,48224.34821321594,38879.80845973473,0.6914673717189745,1.2274279140670228,1.2403442846987978,55938.19448573985,96535.49208935052,2.5759209941439245,-0.8281912490764302,1.725752734367571,0.8541546105483141,2.5759209941439236,3.4118690761202175,0.47058571425266194,-0.5294142857477078,0.8061388133387257,9.0,45524.94495763065
CON8-0,moderate,SAA,search_sampled,8,ambiguous,1.0,60010.68874876455,87093.82439621094,48265.27843003005,40632.73102324503,0.689034947825478,1.243351135656697,1.1878423432187861,55938.19448573985,96535.4920893505,2.5407754810717673,-0.8281912490764305,1.7257527343675707,0.8541546105483139,2.575920994143924,3.411869076120221,0.08421325525050793,-0.9157867447498622,0.8061388133387256,9.0,43078.28772772462
CON8-0,moderate,SAA,search_sampled,6,certified_feasible,1.0,58735.43995023164,75077.54017130495,39135.43239280601,27591.01092104078,0.7823303722553319,1.500825118289189,1.4184124135502953,55162.08991121473,78422.23044216487,2.274339316544998,-0.663793104166581,1.4216689499688668,0.8796298299818525,2.2743393165449968,2.438999377086302,2.2884137283751897,1.2884137283748431,0.7774632360993817,9.0,44345.08228399885
CON8-0,moderate,SAA,search_sampled,6,certified_feasible,1.0,63256.21303177972,85212.35212412606,44816.98057482354,27156.15727149987,0.7423361925233146,1.4114340640635357,1.6503432399052473,39665.987785700345,91207.27569756389,2.0689392742735633,-0.8141364629854627,2.299382437929461,0.9472722531192926,2.0689392742735615,3.2803327438004812,3.034537658417265,2.034537658416955,0.8854445733476499,9.0,39093.71535794466
CON8-0,moderate,SAA,search_sampled,8,ambiguous,1.0,62503.19773251658,96638.51773860886,51567.40061501836,40703.533746252986,0.6467731417567615,1.21206803110245,1.2669023023035553,58842.7371252962,103367.46084322383,2.5952303858548347,-0.8418230460755824,1.7566732258412683,0.8267400597672444,2.5952303858548347,3.555849684574342,0.0025658608046767,-0.9974341391956805,0.7923958817713779,9.0,38277.714117581876
CON8-0,moderate,SAA,search_sampled,8,ambiguous,-1.0,60056.93294950486,92035.64614612899,50595.726945205686,40552.99344500998,0.6525399175679156,1.18699614721507,1.2476446902449678,57455.139875665474,101303.89733882487,2.6434756058550812,-0.8553266869955202,1.763182503045843,0.8392208084334388,2.6434756058550803,3.7180975878856954,0.5793239493112872,-0.42067605068909225,0.8125990600112534,9.0,1682.9858086039094
CON8-0,moderate,SAA,search_sampled,6,certified_feasible,1.0,63441.71224249758,87580.703534221,44291.56322157707,31760.88532685883,0.7243800253066999,1.432365616113349,1.394531757089327,39169.19206802849,90866.7411703781,2.0496914197612033,-0.8100383416154658,2.3198523220127196,0.8739101275360365,2.049691419761202,3.2447558317136553,2.038187001013839,1.038187001013516,0.8969712755232075,9.0,1480.384927587933
CON8-0,moderate,SAA,search_sampled,8,ambiguous,-1.0,65581.80827177702,96945.06441812262,59043.95469219673,42955.59483397781,0.6764842404861753,1.1107285854015523,1.3745346775059217,65581.80827177704,118496.13582288526,2.806844595254624,-0.9490339115351766,1.8068445952546228,0.8936289969725484,3.0713544286843,6.264325932756737,0.6893750439329541,-0.3106249560673967,0.8596963560380311,9.0,50988.98880942055
CON8-0,moderate,SAA,search_sampled,8,ambiguous,-1.0,65581.80827177703,96945.06441812261,59043.95469219669,45182.62026848938,0.6764842404861755,1.1107285854015532,1.3067846517386308,65581.80827177706,118496.13582288525,2.8068445952546237,-0.9490339115351765,1.8068445952546222,0.8936289969725483,3.0713544286843,6.26432593275673,0.689375043932954,-0.3106249560673968,0.859696356038031,9.0,45267.954104800425
CON8-0,moderate,SAA,search_sampled,8,certified_infeasible,-1.0,64360.41354216336,99327.78459585884,58832.02177036808,45116.58627060297,0.6479598211520633,1.0939690937934037,1.3039998509085295,64294.67214195594,117624.96967574523,2.8265766455730303,-0.9141742196670691,1.82946682449895,0.8256962600346632,2.8265766455730286,4.827320317659274,1.5773272096525006,0.5773272096521308,0.8660211763119067,9.0,54261.76663511428
CON8-0,moderate,SAA,search_sampled,7,certified_infeasible,-1.0,67715.58897869875,89460.66939763204,48478.628502101885,38412.651907234,0.7569313915785559,1.396813215864034,1.2620484682801143,66408.93597517355,96936.42641019695,2.4122268571975933,-0.7162326547812298,1.4596894979078698,0.7280794410725893,2.412226857197593,2.6548121052667333,1.7185837849924954,0.7185837849921403,0.8623602440664815,9.0,74035.2421719582
CON8-0,moderate,SAA,search_sampled,5,ambiguous,-1.0,57937.41001870084,72661.49544479155,50608.78892056171,35027.80206071619,0.7973605506471013,1.1448092565432169,1.4448177145924797,57937.41001870086,102054.46953436628,2.7614606780217743,-0.928633001733058,1.761460678021773,0.9069151705604543,3.0288303246862576,5.293784799527938,0.31322627685771165,-0.686773723142677,0.9305765430343194,9.0,2042.6362273648701
CON8-0,moderate,SAA,search_sampled,7,certified_infeasible,-1.0,64518.7920948448,88131.91352713305,56923.85886529374,38741.73862035231,0.7320707052954375,1.1334226698777385,1.4693160630480782,64518.79209484479,114324.23270719803,2.771952465246676,-0.9222506831547421,1.7719524652466767,0.8546666254936383,2.9693769966659915,5.071853575521844,2.610369539002021,1.6103695390016373,0.8754480065693037,9.0,3420.8894971208574
CON8-0,moderate,SAA,search_sampled,8,certified_infeasible,-1.0,66075.08485943463,96959.13707644274,60553.74649197743,43666.606534509614,0.6814735243295423,1.0911807887591018,1.38672892852624,66075.08485943472,121977.25920350732,2.8460401445264383,-0.9723723182137448,1.846040144526435,0.7902912797710914,3.1471741512990423,8.508299620895754,2.7916935622912353,1.791693562290857,0.9062276987150578,9.0,58984.07984045265
CON8-0,moderate,SAA,search_sampled,5,certified_feasible,1.0,62246.166490621144,83328.44999069828,42804.654217964366,27928.05723890844,0.7469977720402756,1.4541915506117444,1.5326756835176614,38196.84061843554,87923.32564823335,2.026151542772869,-0.7912897891460314,2.301848116877958,0.9831775007585121,2.0261515427728685,3.0955879640800443,3.5121484295836005,2.5121484295832923,0.8769518579862239,9.0,32374.62663844483
CON8-0,moderate,SAA,search_sampled,5,certified_feasible,1.0,52212.7026925465,68534.87734991366,43534.13712416807,28561.969803087166,0.7618413384759969,1.1993508116084954,1.524199396060653,48633.68193978512,86000.06482732008,2.5785630665375323,-0.8410137697453675,1.7683231332104248,0.9754071468134334,2.5785630665375336,3.5467880937612617,3.988623587220377,2.9886235872200086,0.871874988553611,9.0,2193.9641824063146
CON8-0,moderate,SAA,search_sampled,7,certified_infeasible,-1.0,89334.92078032797,122080.11813723079,67580.74418726463,48494.246693947716,0.7317728893406394,1.3218990387673601,1.3935827194878148,60518.3997860585,135257.44662640226,2.1914817263214235,-0.8537179062289666,2.2349805530971962,0.9422478934785239,2.191481726321423,3.6975956217490076,2.3050659940941274,1.3050659940938405,0.8953376564948095,9.0,61726.86954446585
CON8-0,moderate,SAA,search_sampled,8,certified_infeasible,-1.0,66788.06459545046,102047.20865474374,57958.4785810546,45212.28288508319,0.654482033128554,1.1523433021459963,1.2819188698869428,65747.05881086677,115778.72685077852,2.717937505169309,-0.8714234575391189,1.7609719574503984,0.7657444643919107,2.717937505169308,3.9439747543150623,3.480422077907347,2.4804220779069626,0.8762175251170069,9.0,1770.634051486435
CON8-0,moderate,SAA,search_sampled,3,certified_feasible,1.0,31256.645743648518,34926.474192934096,24733.587512107344,20255.056028658593,0.8949270278753756,1.2637327976925332,1.2211068425143894,31256.64574364852,50207.407526646326,2.6062954399657134,-0.8850883051585451,1.6062954399657128,0.9827505513975396,3.0364147277736766,4.171890325422322,12.595070834156024,11.595070834155502,0.9132908017067736,9.0,650.8953288165212
CON8-0,moderate,SAA,search_sampled,3,certified_feasible,1.0,31256.645743648518,34926.474192934096,24733.587512107344,20255.056028658593,0.8949270278753756,1.2637327976925332,1.2211068425143894,31256.64574364852,50207.407526646326,2.6062954399657134,-0.8850883051585451,1.6062954399657128,0.9827505513975396,3.0364147277736766,4.171890325422322,12.595070834156024,11.595070834155502,0.9132908017067736,9.0,650.8953288165212
CON8-0,moderate,SAA,search_sampled,8,certified_infeasible,-1.0,66028.32428484003,96499.99799061802,60354.12561739945,45616.51422877953,0.6842313539867583,1.0940150919161815,1.3230762288128086,66028.32428484008,121381.83541171979,2.8383297884115604,-0.9606963316478427,1.8383297884115577,0.8476444943160241,3.0834965876893707,7.133430832433587,2.0242362766039954,1.0242362766036277,0.9005423757488177,9.0,2145.8044313095743
CON8-0,moderate,SAA,search_sampled,7,certified_infeasible,-1.0,67210.3993438712,99071.01740116742,50098.60889067316,36632.00103558645,0.6784062696329918,1.34156218769547,1.3676186796895007,62615.28710444447,100458.4902441391,2.4263176374573048,-0.7547684090660627,1.6043764213133904,0.8167234186901299,2.4263176374573034,2.855793429292443,2.1068016046967912,1.106801604696428,0.8392967319970847,9.0,63108.33125843892
CON8-0,moderate,SAA,search_sampled,4,certified_feasible,1.0,38906.09946384311,54489.16852110885,32746.984206030807,24882.539281812304,0.7140152900070602,1.1880819076059534,1.3160627954867516,38587.47201784136,65299.59105922721,2.6701999046091656,-0.84122462611883,1.692248484923687,0.9939168050519859,2.670199904609163,3.5491424095714565,6.731098275365738,5.731098275365268,0.8819367542398004,9.0,36530.344981866925
CON8-0,moderate,SAA,search_sampled,7,certified_infeasible,-1.0,70575.54482415198,102662.87029154148,52045.3953031994,38192.00356043542,0.6874495581872192,1.3560382126603516,1.362730164727866,64893.18169549611,104445.99055926492,2.3994029755872424,-0.7479664209563059,1.6095063892746988,0.7606687530145249,2.3994029755872415,2.816993172932453,3.232729934684709,2.2327299346843454,0.8543705596266009,9.0,2331.2162781317675
CON8-0,moderate,SAA,search_sampled,5,certified_feasible,1.0,37595.27551247631,49301.7070429987,32571.696089652047,22210.63017706938,0.76255524944983,1.1542314348321654,1.4664913075397386,33169.98152531289,63906.82151295918,2.582154318992989,-0.8894579578777135,1.926646279986324,0.9751734819938831,2.582154318992989,4.253547197911919,8.959863556034806,7.959863556034348,0.8845882661713668,9.0,1444.955747459273
CON8-0,moderate,SAA,search_sampled,7,certified_infeasible,-1.0,106519.34869817474,144615.13495292747,81237.02283936525,52237.285292420594,0.7365712360109957,1.3112167946971878,1.5551539936389533,79169.59893872558,162178.69251006038,2.2657695000807077,-0.826480015656832,2.0484970832753726,0.9759089061482409,2.2657695000807068,3.3950036686947525,2.1796135520408435,1.1796135520405973,0.8781464869800469,9.0,65970.06035460239
CON8-0,moderate,SAA,search_sampled,5,certified_feasible,1.0,52324.89594272813,71448.4419643778,40376.992044295024,28089.053710496664,0.7323448140242983,1.295908716660365,1.4374635920613605,36506.977965818056,80463.94715096893,2.235473630847097,-0.8628628396293195,2.204070334890725,0.9278391871919768,2.235473630847096,3.818892396370046,3.240526369351383,2.2405263693510054,0.8936380052143289,9.0,31556.46435515076
CON8-0,moderate,SAA,search_sampled,7,ambiguous,-1.0,52233.14873144528,78200.75680520076,48153.64935425565,35439.59482039009,0.6679366142396657,1.0847183844193753,1.3587528186566782,51861.80449464646,96234.45617752074,2.8352926114716617,-0.9239244683059373,1.8555940564593107,0.8946588573619212,2.835292611471662,5.127344518040153,0.22057954800133583,-0.7794204519990918,0.8457443351282542,9.0,42089.15026163874
CON8-0,moderate,SAA,search_sampled,5,certified_feasible,1.0,40274.655856246456,52905.27756071562,25343.73108170749,18339.767678772507,0.7612597024942568,1.5891368057213864,1.3819003340506746,31317.94711610812,52052.24288366334,2.070041027720937,-0.6343518376848493,1.6620579468598282,0.8810104138317464,2.070041027720938,2.3387473062624866,7.835250904852053,6.835250904851618,0.78769411339471,9.0,274.13143192837015
CON8-0,moderate,SAA,search_sampled,3,certified_feasible,1.0,18195.479428243783,22750.35609183279,15581.029784601902,12269.781184767799,0.7997887749447503,1.167796973613749,1.2698702242501945,18195.479428243787,31321.904391669166,2.7214113272030636,-0.9061964030532715,1.721411327203063,0.9735561357809259,2.9633411405686974,4.6174824329914665,28.812383472269826,27.812383472269044,0.9159180655476233,9.0,769.8448861088691
CON8-0,moderate,SAA,search_sampled,6,certified_feasible,1.0,46823.29670655153,70622.72597323931,38036.95112979866,31080.141333173775,0.6630060800016985,1.2309950013283144,1.2238345611768324,43377.776742588896,76282.2473204739,2.555565978469857,-0.8323160684668751,1.7585559484328976,0.8309714672326093,2.5555659784698546,3.453578037803494,4.0797833022652705,3.079783302264856,0.8141721043027628,9.0,35401.0742991516
CON8-0,moderate,SAA,search_sampled,5,certified_feasible,1.0,45657.10383258909,65483.964652389215,35975.35384052391,24015.81925166536,0.697225711285996,1.2691217447084375,1.497985701155259,36694.7759912084,71844.80320632078,2.3772769204878013,-0.8389717804365296,1.9579027604238237,0.9465170308336126,2.3772769204878013,3.524228040091801,2.9086417476143156,1.9086417476138733,0.9004839852624161,9.0,46577.58827216894
CON8-0,moderate,SAA,search_sampled,6,certified_feasible,1.0,30090.19234501369,34117.70006426125,22157.92099000334,15682.619205155905,0.8819525433525214,1.3579880693043827,1.4128967043157292,30090.1923450137,44870.68221769587,2.4912062277040077,-0.8333621922781973,1.491206227704007,0.8413785513492799,2.8993669153191544,3.4644015650439304,11.18427556999734,10.184275569996771,0.8620568405120704,9.0,785.1159655814517
CON8-0,moderate,SAA,search_sampled,7,certified_feasible,1.0,38197.4749762055,38706.75533662416,26940.6927176829,20291.266716900598,0.9868425974745347,1.4178356650471,1.3276989107458725,38197.47497620551,57890.20246796905,2.515550504425511,-0.9628812531140297,1.51555050442551,0.8203127079633648,4.089904355769324,7.340376644884612,6.540241700556551,5.540241700556069,0.8692369509958285,9.0,474.14639194965275
CON8-0,moderate,SAA,search_sampled,7,certified_infeasible,-1.0,68081.31407122755,112170.30440818997,57581.13143357743,45711.46280826774,0.6069459687251831,1.1823545730386105,1.2596650357722277,57490.14777699645,116471.9882297656,2.5552111967868396,-0.9136641849051467,2.0259469271423507,0.8372875068525135,2.5552111967868396,4.813040333131721,2.353800480365549,1.3538004803651862,0.8373542464757379,9.0,2413.56207339251
CON8-0,moderate,SAA,search_sampled,5,certified_feasible,1.0,49660.36110507055,75694.11195510597,33587.94182349718,27190.765546347437,0.6560663679431765,1.4785175395989747,1.2352701789968206,34572.18263958359,70304.17659984643,2.1118726667640293,-0.7553296873962939,2.033547529606977,0.7845600191324222,2.111872666764029,2.8590671749616225,2.34671437466244,1.3467143746620278,0.8621213563651964,9.0,454.652178812059
CON8-0,moderate,SAA,search_sampled,5,ambiguous,-1.0,79975.23753849165,107370.65215774202,61538.872605682336,42681.269921431835,0.7448519304977044,1.2995889289513398,1.4418238426120824,61012.17892114806,122392.07757319801,2.2932630416517936,-0.8239987091415344,2.006026988994724,0.9773010578812881,2.2932630416517914,3.370986950216599,0.11483053425030906,-0.8851694657499748,0.8750688117914373,9.0,57787.80017181397
CON8-0,moderate,SAA,search_sampled,5,certified_infeasible,-1.0,68245.18514062517,96346.58862375887,nan,33770.83119897169,0.7083300624906199,nan,nan,45545.5343899362,98876.7530987591,2.1162267666370975,-0.7986867037402549,2.170942869002917,0.9290165015360295,2.116226766637098,3.151945995868312,1.1016931446160267,0.1016931446156827,0.9012977833954903,nan,nan
CON8-0,moderate,SAA,search_sampled,6,certified_feasible,1.0,44547.970796732356,63610.75462879293,nan,28332.750571562716,0.7003213695026352,nan,nan,35035.16998729764,69721.12224650635,2.3515390344443694,-0.840052159740776,1.9900323666699622,0.8314267346097632,2.3515390344443694,3.536110336035646,3.697544781922971,2.6975447819225282,0.8941484466001831,nan,nan
CON8-0,moderate,SAA,search_sampled,5,ambiguous,1.0,56454.20157736145,84511.81571824307,nan,36931.46161838869,0.6680036524783245,nan,nan,55121.303566131646,101372.43965253046,2.772047763428422,-0.9062320729077992,1.8390791417134962,0.843096476856192,2.77204776342842,4.618360607816702,0.30730679631106234,-0.6926932036893272,0.8769804886218856,nan,nan
CON8-0,moderate,SAA,search_sampled,3,certified_feasible,1.0,26749.660464850906,40455.19610605522,nan,20869.198753476147,0.6612169273565106,nan,nan,26749.660464850927,48381.48376744314,2.8086765561385914,-0.9355547933075483,1.808676556138589,0.8384513055066674,2.9820891248174033,5.5708271995750245,13.629887945676114,12.629887945675492,0.8840308984690569,nan,nan
CON8-0,moderate,SAA,search_sampled,5,ambiguous,-1.0,47079.498990514505,79441.15142311812,nan,30817.589326397054,0.5926336432330955,nan,nan,43714.24152021459,84144.24101866235,2.7157995577785914,-0.9209017615657721,1.9248702045934363,0.8295376102719391,2.7157995577785927,5.028420543596005,0.5705641825814478,-0.42943581741902986,0.8893949283106699,nan,nan
CON8-0,moderate,SAA,search_sampled,7,certified_infeasible,-1.0,67018.09630225264,101696.67075072564,nan,41615.634425861026,0.6589999043973074,nan,nan,56877.218358903105,117652.16295364368,2.6042127565876627,-0.9403867454134952,2.0685287773962906,0.8491608397753697,2.604212756587662,5.792200428788731,2.3515963583990724,1.3515963583987052,0.8915272272107667,nan,nan
CON8-0,moderate,SAA,search_sampled,7,ambiguous,-1.0,48663.57641233478,78479.8225182943,nan,28624.016489136582,0.6200775543419571,nan,nan,43669.1384726931,82767.15376792039,2.5981709845839775,-0.8838678940183589,1.89532371516044,0.7109776605343746,2.598170984583976,4.149911612732411,0.6056775422262406,-0.39432245777422265,0.8881381340546619,nan,nan
CON8-0,moderate,SAA,search_sampled,7,certified_feasible,1.0,45656.37949175694,53292.945274664235,nan,27099.02946317072,0.8567058783568908,nan,nan,45656.379491756976,69477.17960452495,2.5217408909322034,-0.9592729430273381,1.5217408909322014,0.7229553976449933,4.0064716361488095,7.007667444013124,2.3388503831679963,1.3388503831675458,0.8578876520783849,nan,nan
CON8-0,moderate,SAA,search_sampled,7,certified_feasible,1.0,45656.37949175694,53292.94527466423,nan,27766.783349669935,0.8567058783568909,nan,nan,45656.379491756976,69477.17960452494,2.521740890932203,-0.9592729430273385,1.5217408909322012,0.7229553976449932,4.006471636148814,7.007667444013152,3.408309088080107,2.408309088079671,0.8578876520783848,nan,nan
CON8-0,moderate,SAA,search_sampled,5,certified_feasible,1.0,41277.22134262496,53438.98567133864,nan,25207.66777385142,0.7724177550166994,nan,nan,36412.739964393346,67349.41229294366,2.513787238633404,-0.84775354326364,1.8496112173596968,0.9818524940804748,2.513787238633402,3.6244440569499963,5.9470787943444225,4.947078794343973,0.8856482451816884,nan,nan
CON8-0,moderate,SAA,search_sampled,7,certified_infeasible,-1.0,70230.42003191277,109118.23680596208,nan,42345.427485660104,0.64361762146871,nan,nan,62198.56900871521,113640.87738059212,2.5037504589806767,-0.8382920347099582,1.8270657861062505,0.7802200646858535,2.5037504589806745,3.516813124791079,2.0538085397337587,1.0538085397334098,0.8294455405778803,nan,nan
CON8-0,moderate,SAA,search_sampled,7,certified_feasible,1.0,42669.44438042206,57046.245744593245,nan,29637.780153431704,0.7479798858536839,nan,nan,42669.44438042207,75444.29364180264,2.768110523520635,-0.9650003313571207,1.7681105235206338,0.821221316855226,3.276477723929924,7.559325243644199,2.938151374603389,1.9381513746029144,0.8921326109383927,nan,nan
CON8-0,moderate,SAA,search_sampled,5,certified_infeasible,-1.0,69437.32258270805,98578.68711635054,nan,44067.71630133124,0.7043847368422801,nan,nan,63175.790387578,120514.21389317577,2.6454073608894886,-0.899269015812947,1.9076012053641356,0.867950721553988,2.64540736088949,4.455879720458242,1.206833951844255,0.20683395184391487,0.8785340885438242,nan,nan
CON8-0,moderate,SAA,search_sampled,5,ambiguous,-1.0,69437.32258270806,98578.68711635053,nan,43427.23764919524,0.7043847368422804,nan,nan,63175.790387578,120514.21389317578,2.645407360889488,-0.8992690158129472,1.9076012053641358,0.8679507215539881,2.645407360889489,4.455879720458244,0.20842096446355238,-0.7915790355367734,0.8785340885438243,nan,nan
CON8-0,moderate,SAA,search_sampled,7,certified_feasible,1.0,57779.08051160559,84113.23315626776,nan,37932.30835873736,0.6869202186564641,nan,nan,52903.7099063761,93056.79636274917,2.526182572943635,-0.8246867412389477,1.7589843231681133,0.91196454782969,2.526182572943634,3.377595338175204,1.366958490641809,0.3669584906414433,0.7723897244655992,nan,nan
CON8-0,moderate,SAA,search_sampled,6,ambiguous,1.0,62406.839579959815,85600.96621809408,nan,28832.402911111898,0.7290436351028996,nan,nan,52086.57971526515,88288.68988199528,2.2493571304376383,-0.7190460744074008,1.6950371931624506,0.8513023992130667,2.2493571304376387,2.6680713878414393,0.6154536333085496,-0.38454636669179926,0.7809157122294406,nan,nan
CON8-0,moderate,SAA,search_sampled,5,certified_feasible,1.0,52212.7026925465,68534.87734991366,nan,31763.747107244726,0.7618413384759969,nan,nan,48633.68193978512,86000.06482732008,2.5785630665375323,-0.8410137697453672,1.7683231332104248,0.9754071468134337,2.5785630665375328,3.546788093761259,3.9842194234476467,2.9842194234472785,0.8718749885536112,nan,nan
CON8-0,moderate,SAA,search_sampled,7,ambiguous,1.0,61729.23744301061,96587.52509791388,nan,40759.305171298205,0.6391015545789551,nan,nan,57023.82399482333,102380.33994957469,2.5823122161773413,-0.8498415868055735,1.795395902576945,0.8689873989921018,2.5823122161773395,3.649557098575674,0.45120307887886657,-0.5487969211214885,0.7766673675088613,nan,nan
CON8-0,moderate,SAA,search_sampled,6,certified_infeasible,-1.0,79006.01564324231,105707.60775661565,nan,39653.51986229926,0.747401415280801,nan,nan,73072.95762358507,111085.17752707518,2.330938139979623,-0.7045194604790214,1.5201954476688824,0.8323223620039361,2.3309381399796227,2.601660097949164,1.9752451068777384,0.9752451068774247,0.7841686962776466,nan,nan
CON8-0,moderate,SAA,search_sampled,6,ambiguous,-1.0,58343.81425255476,78589.60166280926,nan,38135.82955982866,0.7423859266125361,nan,nan,54895.345305679766,94907.80625930722,2.5675926999995107,-0.8524563808524781,1.728886223974395,0.8015289992864568,2.6740329919338772,3.6817541220846923,0.24342444628207477,-0.7565755537183103,0.9013089122282625,nan,nan
CON8-0,moderate,SAA,search_sampled,6,ambiguous,-1.0,56021.429809154484,78589.60166280926,nan,36001.650001608614,0.7128351413398925,nan,nan,54895.34530567977,94907.80625930722,2.674032991933876,-0.8524563808524781,1.7288862239743947,0.8015289992864569,2.6740329919338772,3.6817541220846923,0.25351567653297485,-0.7464843234674255,0.9013089122282626,nan,nan
CON8-0,moderate,SAA,search_sampled,6,certified_feasible,1.0,47067.641585908066,68691.31477646092,nan,30330.979183104188,0.6852051345803788,nan,nan,44354.855589543,84228.41720205727,2.7318826365436117,-0.9162912026054293,1.8989672287855395,0.8522184877894613,2.73188263654361,4.8879802954463,1.511573682130958,0.5115736821305098,0.9095700571464362,nan,nan
CON8-0,moderate,SAA,search_sampled,5,ambiguous,-1.0,48794.827628222876,78325.53803620608,nan,30808.6004808206,0.6229746880981195,nan,nan,46543.1373109305,86585.15917718323,2.7283280412924844,-0.9035257680610639,1.860320644024334,0.8735454812407851,2.7283280412924813,4.553122478916566,0.6281102922238269,-0.3718897077766355,0.9037346253823206,nan,nan
CON8-0,moderate,SAA,search_sampled,7,certified_infeasible,-1.0,65089.51024858021,94713.66949959924,nan,38556.11270463264,0.6872240363240876,nan,nan,54757.461000987605,110283.4312035959,2.5355989248387916,-0.904492348947803,2.0140347851703138,0.809507520918418,2.5355989248387925,4.576104314265675,2.4794497327999676,1.479449732799589,0.9161484277989901,nan,nan
CON8-0,moderate,SAA,search_sampled,7,ambiguous,-1.0,59091.40986132419,92069.6889260969,nan,40839.84674544641,0.6418117683525146,nan,nan,58121.94849362643,104997.76600591115,2.760464082382654,-0.8939438438503495,1.8065080185229003,0.8389069683330203,2.7604640823826534,4.342572286830015,0.6068618787545346,-0.393138121245851,0.8458088325071056,nan,nan
CON8-0,moderate,SAA,search_sampled,6,ambiguous,1.0,60879.70680934402,82025.50106431494,nan,38572.09545907289,0.742204631723117,nan,nan,58735.7078229972,103686.47032622434,2.667919848199605,-0.8615976632120634,1.7653055384756469,0.9276377987756804,2.667919848199605,3.801397514504748,0.7044075777022968,-0.29559242229805954,0.8902652038530244,nan,nan
CON8-0,moderate,SAA,search_sampled,8,certified_infeasible,-1.0,65006.82347153983,68997.32815066607,nan,34236.207176047785,0.9421643593153002,nan,nan,65006.823471539865,94837.70098178521,2.458888404588873,-0.927061277770942,1.4588884045888717,0.8078712799185699,3.7788937789735,5.236437476465991,1.4539784679843626,0.45397846798399794,0.8752948127661381,nan,nan
CON8-0,moderate,SAA,search_sampled,6,ambiguous,-1.0,61719.99842923992,83366.64486589709,nan,42530.19783096047,0.7403440372168294,nan,nan,56321.18095370753,108499.19836503881,2.670453394578547,-0.9110744768000334,1.926436848939981,0.8952655750441291,2.670453394578547,4.7424393259372195,0.8266141957901367,-0.17338580421023647,0.9234686461774088,nan,nan
CON8-0,moderate,SAA,search_sampled,6,ambiguous,-1.0,61719.998429239895,83366.64486589709,nan,42545.788326930764,0.7403440372168292,nan,nan,56321.18095370754,108499.1983650388,2.6704533945785482,-0.9110744768000332,1.9264368489399806,0.895265575044129,2.670453394578547,4.742439325937213,0.8266141957901371,-0.1733858042102362,0.9234686461774086,nan,nan
CON8-0,moderate,SAA,search_sampled,7,certified_infeasible,-1.0,72769.04860027175,99805.89821751873,nan,43885.935875067225,0.7291056931492927,nan,nan,61086.54899924938,125035.85838942141,2.5577139040399066,-0.9210644915138381,2.0468640058707166,0.8994158777335631,2.5577139040399057,5.033601059526499,2.191169331602218,1.191169331601878,0.9229689549190269,nan,nan
CON8-0,moderate,SAA,search_sampled,8,certified_infeasible,-1.0,65419.022317642244,71029.99545780095,nan,36649.6159450267,0.92100558216293,nan,nan,65419.02231764233,101153.86019975941,2.5462453674193823,-0.9465204791673049,1.5462453674193788,0.7976832964826412,3.738948038679077,6.1153489588170995,2.8802215104247515,1.8802215104243685,0.9041002328963531,nan,nan
CON8-0,moderate,SAA,search_sampled,7,certified_feasible,1.0,45617.201425973006,64721.3001739383,nan,22945.488040258435,0.7048251704365782,nan,nan,34877.75815714946,71440.17441422281,2.330654429643248,-0.8506788920985789,2.0483017885591526,0.8075463906892222,2.330654429643249,3.659775083535334,2.2020504332122703,1.2020504332118174,0.9096428486675435,nan,nan
CON8-0,moderate,SAA,search_sampled,8,ambiguous,1.0,57673.03429678506,58688.030460762166,nan,32012.739252241594,0.9827052270112265,nan,nan,57673.0342967851,81451.53161048646,2.4122983575190005,-0.9123377012386025,1.4122983575189985,0.8278078327074033,3.73293541634204,4.776486673183105,0.5859219135037838,-0.41407808649659383,0.8568469763028396,nan,nan
CON8-0,moderate,SAA,search_sampled,8,certified_infeasible,-1.0,78984.74389211753,124059.3544846048,nan,50257.63414417168,0.6366689897771407,nan,nan,71008.69708986187,133458.29706518902,2.588689714995153,-0.876611199977735,1.8794641013662996,0.8306451222926517,2.588689714995153,4.026031119740796,3.549772730412314,2.549772730411978,0.8382144866363805,nan,nan
CON8-0,moderate,SAA,search_sampled,6,certified_infeasible,-1.0,73837.35070206963,112697.07355741627,nan,42717.588568903535,0.6551842773845533,nan,nan,62156.10939491943,112848.75364387441,2.3701400629192473,-0.7945457816647608,1.8155697765262402,0.7154554895501377,2.3701400629192477,3.120020636693954,3.9678320823088384,2.967832082308478,0.8573129622103629,nan,nan
CON8-0,moderate,SAA,search_sampled,7,certified_infeasible,-1.0,83062.78955643416,114723.04205091129,nan,52845.83811101619,0.7240288269166792,nan,nan,73982.57442146857,140578.5165741548,2.5831192540174346,-0.8815229778618089,1.9001571339393828,0.9004290060379857,2.5831192540174324,4.108638514244936,2.553838755922576,1.5538387559222675,0.9048394446965338,nan,nan
CON8-0,moderate,SAA,search_sampled,7,certified_infeasible,-1.0,70107.35646980039,122623.93139709748,nan,48589.3868761099,0.5717265436774264,nan,nan,66356.6866319156,124233.490859905,2.7185474833004104,-0.9050600682905556,1.872207567400636,0.7229792637818634,2.7185474833004104,4.58976595630523,4.329507179332449,3.3295071793320674,0.8535352712604403,nan,nan
CON8-0,moderate,SAA,search_sampled,7,certified_infeasible,-1.0,70107.35646980039,122623.93139709749,nan,48908.71095342822,0.5717265436774264,nan,nan,66356.6866319156,124233.49085990498,2.7185474833004104,-0.9050600682905556,1.8722075674006358,0.7229792637818632,2.718547483300411,4.58976595630523,4.329507179332449,3.3295071793320674,0.8535352712604403,nan,nan
CON8-0,moderate,SAA,search_sampled,8,certified_infeasible,-1.0,76137.42728598605,103435.12144277926,nan,40267.19916315966,0.7360887310226207,nan,nan,76137.42728598606,126657.11196187713,2.6635328573177284,-0.9237542539582654,1.663532857317728,0.8541083391919817,3.19737683762023,5.1216180658626325,2.3064174928187136,1.3064174928183847,0.8598722421642339,nan,nan
CON8-0,moderate,SAA,search_sampled,7,ambiguous,-1.0,61235.546691840675,102062.38703009015,nan,42202.08981916471,0.5999815257484341,nan,nan,59086.58378251857,106652.78255065417,2.706587517985802,-0.8819971237784751,1.8050253665572147,0.808716425967238,2.7065875179858025,4.116884674233597,0.9462613773109645,-0.053738622689413235,0.80319421929195,nan,nan
CON8-0,moderate,SAA,search_sampled,6,ambiguous,-1.0,57925.042991764036,86262.07541980168,nan,34680.078568232835,0.6715006879890951,nan,nan,53559.42570477617,97515.04316473873,2.6081028354350146,-0.8637511723984796,1.8206887374455698,0.9110574300110547,2.6081028354350146,3.831321624720608,0.6924025855797837,-0.30759741442061034,0.8968900185771982,nan,nan
CON8-0,moderate,SAA,search_sampled,6,ambiguous,-1.0,57925.042991764065,86262.07541980172,nan,35149.39214641545,0.6715006879890951,nan,nan,53559.425704776164,97515.04316473874,2.6081028354350133,-0.8637511723984794,1.8206887374455705,0.9110574300110548,2.6081028354350133,3.831321624720605,0.7399328623523412,-0.2600671376480535,0.8968900185771982,nan,nan
CON8-0,moderate,SAA,search_sampled,7,certified_feasible,1.0,45430.15858924805,68459.9655525571,nan,27275.036961789992,0.66360183243696,nan,nan,36211.70255397987,73574.0282201727,2.416582600267117,-0.8746442281347829,2.031774896816789,0.7476526572043815,2.416582600267115,3.9943197724755914,1.061012144370696,0.06101214437022495,0.9104964667407636,nan,nan
CON8-0,moderate,SAA,search_sampled,7,certified_feasible,1.0,45430.15858924805,68459.96555255709,nan,24988.86347538998,0.6636018324369601,nan,nan,36211.70255397987,73574.02822017268,2.416582600267117,-0.8746442281347832,2.0317748968167884,0.7476526572043812,2.416582600267117,3.994319772475595,1.0004093771570992,0.00040937715662748837,0.9104964667407636,nan,nan
CON8-0,moderate,SAA,search_sampled,8,ambiguous,-1.0,64778.983413948,69569.06899551161,nan,35651.095351130105,0.9311463319730116,nan,nan,64778.98341394805,92161.16506447381,2.422701626475818,-0.89168476496932,1.422701626475816,0.8507035869626087,3.472083955234006,4.2970481943615235,0.3274322283709794,-0.6725677716293703,0.8372996381772213,nan,nan
CON8-0,moderate,SAA,search_sampled,8,ambiguous,-1.0,64778.983413948,69569.0689955116,nan,34858.61587325361,0.9311463319730118,nan,nan,64778.98341394805,92161.16506447381,2.422701626475818,-0.89168476496932,1.422701626475816,0.8507035869626087,3.472083955234006,4.2970481943615235,0.3274322283709794,-0.6725677716293703,0.8372996381772213,nan,nan
CON8-0,moderate,SAA,search_sampled,8,certified_feasible,1.0,57120.790560091504,57139.63251804002,nan,29759.886195041083,0.9996702471276382,nan,nan,57120.79056009154,79115.16884947938,2.3850503130948377,-0.9056852669712535,1.3850503130948366,0.8360480877309301,3.726982142144749,4.604953275530734,1.1580913741517085,0.1580913741513355,0.8445856015092083,nan,nan
CON8-0,moderate,SAA,search_sampled,8,certified_feasible,1.0,57120.790560091504,57139.63251804002,nan,29293.56102023392,0.9996702471276382,nan,nan,57120.79056009154,79115.16884947938,2.3850503130948377,-0.9056852669712535,1.3850503130948366,0.8360480877309301,3.726982142144749,4.604953275530734,1.1580913741517085,0.1580913741513355,0.8445856015092083,nan,nan
CON8-0,moderate,SAA,search_sampled,8,certified_infeasible,-1.0,63462.495058246954,95713.61414603078,nan,43138.63399764317,0.6630456453292202,nan,nan,59822.25373568578,109779.93791763447,2.672479099626582,-0.8833826713463372,1.8351020074014266,0.883702892657462,2.672479099626579,4.141269114321779,1.3862871267834882,0.38628712678311644,0.8368381845121953,nan,nan
CON8-0,moderate,SAA,search_sampled,6,certified_infeasible,-1.0,64793.52209636197,92436.68362033837,nan,38438.74371990934,0.7009503106200338,nan,nan,53545.29531734077,97822.67573301631,2.3361590194964275,-0.7863938538500486,1.8269144871320973,0.8065262235737286,2.3361590194964252,3.059906284086798,1.552216266076036,0.5522162660756688,0.8483873176250227,nan,nan
CON8-0,moderate,SAA,search_sampled,5,ambiguous,-1.0,55492.405463021125,83823.25453587544,nan,37787.70783828774,0.6620168325637008,nan,nan,44281.39046568793,95333.49845139704,2.5159278598964527,-0.9439666766640691,2.1529020983491374,0.8491625828034064,2.515927859896452,5.974365759270166,0.14268568229813716,-0.8573143177022654,0.9225261653924837,nan,nan
CON8-0,moderate,SAA,search_sampled,7,certified_infeasible,-1.0,70712.73731404953,96688.57513652754,nan,39200.39728494257,0.7313453240385511,nan,nan,55604.88808847308,115740.66962380953,2.4231215509491935,-0.892477205714288,2.081483725669122,0.9329411901672671,2.4231215509491912,4.312853703910619,1.4976577903453778,0.49765779034503915,0.9054602650826562,nan,nan
CON8-0,moderate,SAA,search_sampled,8,certified_infeasible,-1.0,74666.66864620823,109378.95032718308,nan,48998.789507545785,0.6826420295939878,nan,nan,74170.18808611821,132309.61048966972,2.765354371897152,-0.8881675794779174,1.7838651067737141,0.9007200703623099,2.7653543718971534,4.228936221024063,1.7169576446533208,0.716957644652995,0.8215118547077225,nan,nan
CON8-0,moderate,SAA,search_sampled,8,certified_infeasible,-1.0,74666.66864620823,109378.95032718308,nan,51456.251461616775,0.6826420295939878,nan,nan,74170.1880861182,132309.61048966972,2.765354371897152,-0.8881675794779174,1.7838651067737143,0.9007200703623102,2.7653543718971525,4.228936221024063,2.379389079471768,1.3793890794714327,0.8215118547077225,nan,nan
CON8-0,moderate,SAA,search_sampled,5,certified_infeasible,-1.0,64462.1931467758,96267.60755517114,nan,39797.318181220915,0.6696145752851747,nan,nan,55065.35934213913,114193.94632386295,2.625714351365781,-0.947585015369676,2.0737891786801668,0.8462972561133058,2.6257143513657795,6.177137468936807,1.5140935021887958,0.5140935021884276,0.9105232578603141,nan,nan
CON8-0,moderate,SAA,search_sampled,7,certified_infeasible,-1.0,80593.6537649254,101600.50882375825,nan,51326.599741324986,0.7932406510357888,nan,nan,80593.65376492543,139436.06708487315,2.730112242976086,-0.8832555872737937,1.7301122429760851,0.9795378150950849,2.820361234349808,4.1390144768812505,2.4549134790886695,1.4549134790883544,0.8871718711166535,nan,nan
CON8-0,moderate,SAA,search_sampled,8,certified_infeasible,-1.0,75593.91886697078,113557.6978366318,nan,48685.630912173925,0.6656873140887631,nan,nan,72027.80440881563,127625.54855638239,2.6411298151713165,-0.8573126848832857,1.7718928072832112,0.803158409685495,2.641129815171315,3.7438834019441773,2.062255842050815,1.0622558420504875,0.8297762079495733,nan,nan
CON8-0,moderate,SAA,search_sampled,6,certified_infeasible,-1.0,69812.42369893029,100297.71594916216,nan,42062.761012685856,0.6960519792326684,nan,nan,62407.585803679955,119428.99348313286,2.6046449851246036,-0.8911663976890905,1.9136935349306614,0.896504267898653,2.604644985124602,4.286802701371102,2.2968909295843183,1.2968909295839646,0.9081445056049892,nan,nan
CON8-0,moderate,SAA,search_sampled,6,certified_infeasible,-1.0,69812.4236989303,100297.71594916216,nan,42151.119096866816,0.6960519792326685,nan,nan,62407.585803679955,119428.99348313286,2.604644985124603,-0.8911663976890906,1.9136935349306614,0.896504267898653,2.6046449851246027,4.286802701371104,2.296890929584318,1.2968909295839641,0.9081445056049892,nan,nan
CON8-0,moderate,SAA,search_sampled,7,certified_infeasible,-1.0,57448.773759445336,82360.68078379503,nan,33923.67625327878,0.6975266985742149,nan,nan,43438.69913987402,94752.26651336896,2.4054641484932056,-0.9189391207317713,2.1812869259335685,0.7605248356033779,2.405464148493205,4.967173646926215,1.6478452057133972,0.6478452057129864,0.9259253766042488,nan,nan
CON8-0,moderate,SAA,search_sampled,5,certified_feasible,1.0,42985.274241856445,57091.11636213007,nan,23600.58658327414,0.7529240445956601,nan,nan,31864.694877505564,67073.61504990308,2.301679160419745,-0.8577477768756131,2.104950802376983,0.9590153675056311,2.301679160419744,3.749604542857065,7.412705573439358,6.412705573438951,0.9022423624578514,nan,nan
CON8-0,moderate,SAA,search_sampled,8,certified_infeasible,-1.0,65368.69778720218,102869.69409209136,nan,44140.825508083704,0.6354514647305415,nan,nan,60395.951049279,110682.89718594243,2.617137162379194,-0.8695331198231319,1.8326211486533708,0.8124193447506602,2.6171371623791937,3.9152983301623707,1.7695278798941705,0.7695278798938031,0.8350647674263504,nan,nan
CON8-0,moderate,SAA,search_sampled,8,certified_infeasible,-1.0,59306.044114053155,66250.08323621734,nan,33119.84918642592,0.8951844468269582,nan,nan,59306.0441140532,89387.04720961138,2.5072164826524026,-0.9254645171161301,1.5072164826524008,0.7991648311312666,3.611523888454982,5.180044171806568,1.2080110044193038,0.20801100441891102,0.8811918958043004,nan,nan
CON8-0,moderate,SAA,search_sampled,4,certified_feasible,1.0,31672.56252178991,42153.988979883405,nan,18959.506802154443,0.7513538644445865,nan,nan,31551.482437325587,54097.20353939028,2.704191866944513,-0.8550421665968829,1.7145693121345376,0.9808226481208366,2.7041918669445124,3.7144468910348114,12.993161214586051,11.993161214585546,0.8694576324295313,nan,nan
CON8-0,moderate,SAA,search_sampled,4,certified_feasible,1.0,34500.897215660996,44704.508110799565,nan,20912.364237276237,0.7717543190532586,nan,nan,26076.532179142006,51777.551932537935,2.2565814339558576,-0.8038150894569981,1.9855996026171594,0.9981168422972421,2.2565814339558576,3.192877066199878,12.740904615727747,11.74090461572729,0.8678959950256458,nan,nan
CON8-0,moderate,SAA,search_sampled,3,certified_feasible,1.0,41738.74753285544,62223.88128564382,nan,30676.36778194222,0.6707834141886827,nan,nan,33016.99129519398,70599.46298371445,2.482500324125557,-0.9292828327433909,2.1382766937334794,0.8863341190809069,2.4825003241255534,5.318051883017151,5.364086543006903,4.364086543006452,0.9151767860543207,nan,nan
CON8-0,moderate,SAA,search_sampled,3,certified_feasible,1.0,40425.44756604298,63910.55846789321,nan,27172.04082611939,0.632531596267486,nan,nan,30323.005353817778,67719.43890635633,2.4252655236531973,-0.9426032346994974,2.2332693648332653,0.9806540556763774,2.425265523653197,5.9029796905779754,8.094786500221716,7.094786500221286,0.84830264146528,nan,nan
CON8-0,moderate,SAA,search_sampled,8,certified_infeasible,-1.0,70318.89572448716,99140.58759644967,nan,43156.61212838205,0.7092846373951223,nan,nan,70318.89572448719,121668.39240474204,2.7302375293469443,-0.8891462307800763,1.7302375293469434,0.8741413548089388,2.851349450107391,4.24756237933618,2.012589420559972,1.0125894205596244,0.8615069371539,nan,nan
CON8-0,moderate,SAA,search_sampled,5,certified_feasible,1.0,53508.782565921734,64881.433136546104,nan,34411.9798084836,0.8247164092893867,nan,nan,53508.78256592179,88232.41231726653,2.6489332794773652,-0.856364828375364,1.6489332794773623,0.9916787677746426,2.800316077061793,3.7315099071290296,1.9507041094440865,0.9507041094436992,0.8950822059762077,nan,nan
CON8-0,moderate,SAA,search_sampled,6,certified_feasible,1.0,57722.62588064906,83869.67536681214,nan,37725.72646906855,0.6882419137571902,nan,nan,52846.54573045619,92800.6286012094,2.5232250284804243,-0.8230521392907688,1.7560396298092786,0.9138071578854958,2.5232250284804234,3.3619584335892854,1.425196758927995,0.4251967589276298,0.770707590660305,nan,nan
CON8-0,moderate,SAA,search_sampled,4,certified_feasible,1.0,31672.56252178991,42153.988979883405,nan,18959.506802154443,0.7513538644445865,nan,nan,31551.482437325587,54097.20353939028,2.704191866944513,-0.8550421665968829,1.7145693121345376,0.9808226481208366,2.7041918669445124,3.7144468910348114,12.993161214586051,11.993161214585546,0.8694576324295313,nan,nan
CON8-0,moderate,SAA,search_sampled,4,certified_feasible,1.0,34500.897215660996,44704.508110799565,nan,20912.364237276237,0.7717543190532586,nan,nan,26076.532179142006,51777.551932537935,2.2565814339558576,-0.8038150894569981,1.9855996026171594,0.9981168422972421,2.2565814339558576,3.192877066199878,12.740904615727747,11.74090461572729,0.8678959950256458,nan,nan
CON8-0,moderate,SAA,search_sampled,3,certified_feasible,1.0,41738.74753285544,62223.88128564382,nan,30676.36778194222,0.6707834141886827,nan,nan,33016.99129519398,70599.46298371445,2.482500324125557,-0.9292828327433909,2.1382766937334794,0.8863341190809069,2.4825003241255534,5.318051883017151,5.364086543006903,4.364086543006452,0.9151767860543207,nan,nan
CON8-0,moderate,SAA,search_sampled,3,certified_feasible,1.0,41738.74753285544,62223.88128564382,nan,30676.36778194222,0.6707834141886827,nan,nan,33016.99129519398,70599.46298371445,2.482500324125557,-0.9292828327433909,2.1382766937334794,0.8863341190809069,2.4825003241255534,5.318051883017151,5.364086543006903,4.364086543006452,0.9151767860543207,nan,nan
CON8-0,moderate,SAA,search_sampled,5,certified_feasible,1.0,36941.267174504464,47315.63508009302,nan,25355.662424191945,0.7807412309265751,nan,nan,34144.73592681153,60126.76108304215,2.551929162703885,-0.8320537186752816,1.7609379440486082,0.9928875028844981,2.551929162703885,3.450879557126858,8.840870844600266,7.840870844599796,0.8848452800575933,nan,nan
CON8-0,moderate,SAA,search_sampled,5,certified_feasible,1.0,36941.267174504464,47315.63508009302,nan,25355.662424191945,0.7807412309265751,nan,nan,34144.73592681153,60126.76108304215,2.551929162703885,-0.8320537186752816,1.7609379440486082,0.9928875028844981,2.551929162703885,3.450879557126858,8.840870844600266,7.840870844599796,0.8848452800575933,nan,nan
CON8-0,moderate,SAA,search_sampled,5,certified_feasible,1.0,40521.42508241994,51509.547098051575,nan,26084.588864006222,0.7866779532206899,nan,nan,40521.42508241994,68618.55785002947,2.6933895515880897,-0.8528310464592257,1.6933895515880895,0.9899122082662282,2.7218207451442096,3.686437684010629,7.422186837100897,6.422186837100459,0.8961562827263021,nan,nan
CON8-0,moderate,SAA,search_sampled,3,certified_feasible,1.0,18220.784603926724,25895.440347816966,nan,13771.533290991318,0.703629069797331,nan,nan,18220.784603926728,32740.523497572816,2.7968778079137695,-0.9263468112467438,1.7968778079137693,0.824762077100427,2.948650047545256,5.210977774292784,25.765944473586817,24.765944473585993,0.9295329426641841,nan,nan
CON8-0,moderate,SAA,search_sampled,3,certified_feasible,1.0,41738.74753285544,62223.88128564382,nan,30676.36778194222,0.6707834141886827,nan,nan,33016.99129519398,70599.46298371445,2.482500324125557,-0.9292828327433909,2.1382766937334794,0.8863341190809069,2.4825003241255534,5.318051883017151,5.364086543006903,4.364086543006452,0.9151767860543207,nan,nan
CON8-0,moderate,SAA,search_sampled,6,certified_infeasible,-1.0,68050.87747016086,95155.55032201367,nan,38317.69373217531,0.7151540529151634,nan,nan,65069.574101423925,113375.77945451876,2.622234425032769,-0.8442907169389924,1.7423777705660095,0.963809623838814,2.6222344250327674,3.583915366265856,2.1484771623548893,1.1484771623545296,0.9008307085518279,nan,nan
CON8-0,moderate,SAA,search_sampled,4,certified_feasible,1.0,43443.55019819807,61732.80529861389,nan,24626.297930885685,0.7037352342575873,nan,nan,35336.628467387935,67218.21005879101,2.3606458969928443,-0.8166716471242659,1.9022247728253556,0.975886013309656,2.3606458969928443,3.3029361596842257,3.851680530270058,2.851680530269605,0.8942898459673803,nan,nan
CON8-0,moderate,SAA,search_sampled,5,certified_infeasible,-1.0,62760.27352197639,96658.99659763995,nan,40557.23772594654,0.6492957275692304,nan,nan,50113.03637938754,106374.77908703472,2.493421501925511,-0.9274523914521509,2.1226967426541474,0.8792096902079337,2.493421501925512,5.250533664322098,2.2447128882173653,1.2447128882169776,0.9119590007920837,nan,nan
CON8-0,moderate,SAA,search_sampled,4,certified_feasible,1.0,38906.09946384311,54489.16852110885,nan,24882.539281812304,0.7140152900070602,nan,nan,38587.47201784136,65299.59105922721,2.6701999046091656,-0.84122462611883,1.692248484923687,0.9939168050519859,2.670199904609163,3.5491424095714565,6.731098275365738,5.731098275365268,0.8819367542398004,nan,nan
CON8-0,moderate,SAA,search_sampled,4,certified_feasible,1.0,26114.2028090277,30576.402337345145,nan,15570.79912860334,0.8540639451598451,nan,nan,26114.202809027713,45083.780042046674,2.726408436502652,-0.924869933241477,1.726408436502651,0.9827382967643883,3.0731346876011507,5.159505864911975,16.792460047786765,15.792460047786168,0.8862636016205095,nan,nan
CON8-0,moderate,SAA,search_sampled,6,ambiguous,-1.0,77817.0638956496,104986.13285301314,nan,40617.96671563211,0.741212784783664,nan,nan,66154.80862285389,124932.82905693493,2.455600714208798,-0.842669758880616,1.8884920334237887,0.9712594242402369,2.455600714208798,3.5654052012962194,0.9257913954988923,-0.07420860450141045,0.8777303653315329,nan,nan
CON8-0,moderate,SAA,search_sampled,6,certified_feasible,1.0,60737.1567864999,80146.93101146979,nan,34937.92101108745,0.7578226142908434,nan,nan,59346.63545038777,104087.12944692654,2.690836607182786,-0.8634264152466787,1.7538842540440336,0.9687781997618904,2.690836607182787,3.826763680174555,1.2395979253943878,0.2395979253940383,0.8825822192455443,nan,nan
CON8-0,moderate,SAA,search_sampled,3,certified_feasible,1.0,12210.868449529307,12685.195228673025,nan,9237.446571010587,0.9626078455559304,nan,nan,12210.868449529315,19714.896247975594,2.61453678167629,-0.9314555041395319,1.6145367816762888,0.9977497870210793,3.3781950795939792,5.401678157914456,50.60621038177924,49.60621038177819,0.9001660893031719,nan,nan
CON8-0,moderate,SAA,search_sampled,3,certified_feasible,1.0,12210.868449529307,12685.195228673025,nan,9237.446571010587,0.9626078455559304,nan,nan,12210.868449529315,19714.896247975594,2.61453678167629,-0.9314555041395319,1.6145367816762888,0.9977497870210793,3.3781950795939792,5.401678157914456,50.60621038177924,49.60621038177819,0.9001660893031719,nan,nan
CON8-0,moderate,SAA,search_sampled,8,certified_infeasible,-1.0,74971.5806480504,103052.81441936914,nan,38188.17738655166,0.7275063866082946,nan,nan,60023.63764049944,117695.30951477082,2.370484197066102,-0.837588224937833,1.960816007514994,0.8418324935300242,2.3704841970661006,3.509184814598628,2.607325831072916,1.607325831072579,0.8999986248319571,nan,nan
CON8-0,moderate,SAA,search_sampled,3,certified_feasible,1.0,41738.74753285544,62223.88128564382,nan,30676.36778194222,0.6707834141886827,nan,nan,33016.99129519398,70599.46298371445,2.482500324125557,-0.9292828327433909,2.1382766937334794,0.8863341190809069,2.4825003241255534,5.318051883017151,5.364086543006903,4.364086543006452,0.9151767860543207,nan,nan
CON8-0,moderate,SAA,search_sampled,4,certified_feasible,1.0,38906.09946384311,54489.16852110885,nan,24882.539281812304,0.7140152900070602,nan,nan,38587.47201784136,65299.59105922721,2.6701999046091656,-0.84122462611883,1.692248484923687,0.9939168050519859,2.670199904609163,3.5491424095714565,6.731098275365738,5.731098275365268,0.8819367542398004,nan,nan
CON8-0,moderate,SAA,search_sampled,5,certified_infeasible,-1.0,62760.27352197639,96658.99659763995,nan,40557.23772594654,0.6492957275692304,nan,nan,50113.03637938754,106374.77908703472,2.493421501925511,-0.9274523914521509,2.1226967426541474,0.8792096902079337,2.493421501925512,5.250533664322098,2.2447128882173653,1.2447128882169776,0.9119590007920837,nan,nan
CON8-0,moderate,SAA,search_sampled,5,certified_feasible,1.0,47330.808541755134,62158.62596847881,nan,28030.70480501856,0.7614519755593858,nan,nan,38759.18160549438,76293.42076468607,2.4308184439461096,-0.8594239951844151,1.9683960704131833,0.9782266976436328,2.430818443946109,3.7718933066230433,5.496389735272519,4.49638973527213,0.8756932318762859,nan,nan
CON8-0,moderate,SAA,search_sampled,6,certified_infeasible,-1.0,73781.26713281292,111785.5631234191,nan,42859.357153438505,0.6600250074453106,nan,nan,60685.70534192993,115822.17310373913,2.392312917694121,-0.8290133231035746,1.9085577476795585,0.8060817187729884,2.3923129176941207,3.4200610762941586,3.523079720529607,2.523079720529252,0.8532824909569092,nan,nan
CON8-0,moderate,SAA,search_sampled,6,certified_infeasible,-1.0,68050.87747016086,95155.55032201367,nan,38317.69373217531,0.7151540529151634,nan,nan,65069.574101423925,113375.77945451876,2.622234425032769,-0.8442907169389924,1.7423777705660095,0.963809623838814,2.6222344250327674,3.583915366265856,2.1484771623548893,1.1484771623545296,0.9008307085518279,nan,nan
CON8-0,moderate,SAA,search_sampled,5,certified_feasible,1.0,36941.267174504464,47315.63508009302,nan,25355.662424191945,0.7807412309265751,nan,nan,34144.73592681153,60126.76108304215,2.551929162703885,-0.8320537186752816,1.7609379440486082,0.9928875028844981,2.551929162703885,3.450879557126858,8.840870844600266,7.840870844599796,0.8848452800575933,nan,nan
CON8-0,moderate,SAA,search_sampled,4,certified_feasible,1.0,43443.55019819807,61732.80529861389,nan,24626.297930885685,0.7037352342575873,nan,nan,35336.628467387935,67218.21005879101,2.3606458969928443,-0.8166716471242659,1.9022247728253556,0.975886013309656,2.3606458969928443,3.3029361596842257,3.851680530270058,2.851680530269605,0.8942898459673803,nan,nan
CON8-0,moderate,SAA,search_sampled,8,certified_infeasible,-1.0,65006.82347153983,68997.32815066607,nan,34236.207176047785,0.9421643593153002,nan,nan,65006.823471539865,94837.70098178521,2.458888404588873,-0.927061277770942,1.4588884045888717,0.8078712799185699,3.7788937789735,5.236437476465991,1.4539784679843626,0.45397846798399794,0.8752948127661381,nan,nan
CON8-0,moderate,SAA,search_sampled,5,ambiguous,-1.0,74320.89709865963,102688.04330728172,nan,38240.47074955778,0.7237541461011503,nan,nan,55557.30972793611,114021.45264330436,2.281710380138816,-0.8338097008555412,2.0523213453219187,0.9932783881427107,2.281710380138815,3.469062809266618,0.33650043046221223,-0.6634995695380951,0.874521708206436,nan,nan
CON8-0,moderate,SAA,search_sampled,2,certified_feasible,1.0,27137.64581885072,37684.567922059774,nan,19896.090502733277,0.7201262297866204,nan,nan,19096.287854383976,40461.34453412316,2.1946499260129784,-0.8188170498262266,2.118806798612138,1.0,2.1946499260129775,3.3224337850846415,16.66825446977288,15.668254469772311,0.8755108374416171,nan,nan
CON8-0,moderate,SAA,search_sampled,2,certified_feasible,1.0,27137.64581885072,37684.567922059774,nan,19896.090502733277,0.7201262297866204,nan,nan,19096.287854383976,40461.34453412316,2.1946499260129784,-0.8188170498262266,2.118806798612138,1.0,2.1946499260129775,3.3224337850846415,16.66825446977288,15.668254469772311,0.8755108374416171,nan,nan
CON8-0,moderate,SAA,search_sampled,3,certified_feasible,1.0,41738.74753285544,62223.88128564382,nan,30676.36778194222,0.6707834141886827,nan,nan,33016.99129519398,70599.46298371445,2.482500324125557,-0.9292828327433909,2.1382766937334794,0.8863341190809069,2.4825003241255534,5.318051883017151,5.364086543006903,4.364086543006452,0.9151767860543207,nan,nan
CON8-0,moderate,SAA,search_sampled,3,certified_feasible,1.0,40425.44756604298,63910.55846789321,nan,27172.04082611939,0.632531596267486,nan,nan,30323.005353817778,67719.43890635633,2.4252655236531973,-0.9426032346994974,2.2332693648332653,0.9806540556763774,2.425265523653197,5.9029796905779754,8.094786500221716,7.094786500221286,0.84830264146528,nan,nan
CON8-0,moderate,SAA,search_sampled,4,certified_feasible,1.0,38750.6667658366,53390.8560894771,nan,23593.974426945726,0.7257921974671996,nan,nan,38750.66676583665,64853.37239135495,2.673606619035807,-0.8653915805307385,1.6736066190358034,0.9777316782384047,2.811506491458906,3.8545961684226033,6.825993616997896,5.825993616997426,0.8865900743252958,nan,nan
CON8-0,moderate,SAA,search_sampled,5,certified_feasible,1.0,40521.42508241994,51509.547098051575,nan,26084.588864006222,0.7866779532206899,nan,nan,40521.42508241994,68618.55785002947,2.6933895515880897,-0.8528310464592257,1.6933895515880895,0.9899122082662282,2.7218207451442096,3.686437684010629,7.422186837100897,6.422186837100459,0.8961562827263021,nan,nan
CON8-0,moderate,SAA,search_sampled,5,certified_infeasible,-1.0,62760.27352197639,96658.99659763995,nan,37225.46565998078,0.6492957275692304,nan,nan,50113.03637938754,106374.77908703472,2.493421501925511,-0.9274523914521509,2.1226967426541474,0.8792096902079336,2.493421501925512,5.250533664322098,2.2447128882173653,1.2447128882169776,0.9119590007920837,nan,nan
CON8-0,moderate,SAA,search_sampled,4,certified_feasible,1.0,38906.09946384311,54489.16852110885,nan,24882.539281812304,0.7140152900070602,nan,nan,38587.47201784136,65299.59105922721,2.6701999046091656,-0.84122462611883,1.692248484923687,0.9939168050519859,2.670199904609163,3.5491424095714565,6.731098275365738,5.731098275365268,0.8819367542398004,nan,nan
CON8-0,moderate,SAA,search_sampled,6,ambiguous,-1.0,67450.9343140844,92356.5823950346,nan,32355.954417176254,0.7303316403110082,nan,nan,57171.1459356025,93991.66452329233,2.241078081365147,-0.702818286417144,1.6440402406690329,0.7980711122159792,2.241078081365148,2.59420299596162,0.7433838006354005,-0.256616199364942,0.7932248842701459,nan,nan
CON8-0,moderate,SAA,search_sampled,3,certified_feasible,1.0,41738.74753285544,62223.88128564382,nan,30676.36778194222,0.6707834141886827,nan,nan,33016.99129519398,70599.46298371445,2.482500324125557,-0.9292828327433909,2.1382766937334794,0.8863341190809069,2.4825003241255534,5.318051883017151,5.364086543006903,4.364086543006452,0.9151767860543207,nan,nan
CON8-0,moderate,SAA,search_sampled,5,certified_feasible,1.0,36941.267174504464,47315.63508009302,nan,25355.662424191945,0.7807412309265751,nan,nan,34144.73592681153,60126.76108304215,2.551929162703885,-0.8320537186752816,1.7609379440486082,0.9928875028844981,2.551929162703885,3.450879557126858,8.840870844600266,7.840870844599796,0.8848452800575933,nan,nan
CON8-0,moderate,SAA,search_sampled,4,certified_feasible,1.0,38750.6667658366,53390.8560894771,nan,23593.974426945726,0.7257921974671996,nan,nan,38750.66676583665,64853.37239135495,2.673606619035807,-0.8653915805307385,1.6736066190358034,0.9777316782384047,2.811506491458906,3.8545961684226033,6.825993616997896,5.825993616997426,0.8865900743252958,nan,nan
CON8-0,moderate,SAA,search_sampled,4,certified_feasible,1.0,43443.55019819807,61732.80529861389,nan,24626.297930885685,0.7037352342575873,nan,nan,35336.628467387935,67218.21005879101,2.3606458969928443,-0.8166716471242659,1.9022247728253556,0.975886013309656,2.3606458969928443,3.3029361596842257,3.851680530270058,2.851680530269605,0.8942898459673803,nan,nan
CON8-0,moderate,SAA,search_sampled,4,certified_feasible,1.0,38906.09946384311,54489.16852110885,nan,24882.539281812304,0.7140152900070602,nan,nan,38587.47201784136,65299.59105922721,2.6701999046091656,-0.84122462611883,1.692248484923687,0.9939168050519859,2.670199904609163,3.5491424095714565,6.731098275365738,5.731098275365268,0.8819367542398004,nan,nan
CON8-0,moderate,SAA,search_sampled,8,certified_infeasible,-1.0,66179.26881197531,80246.79941209251,nan,36360.2020542696,0.824696676961831,nan,nan,66179.26881197537,102399.95092090801,2.547311609196542,-0.924158645881672,1.5473116091965402,0.8492846497701948,3.485055042014974,5.135254342997441,3.09165061352719,2.0916506135268076,0.8687392531634649,nan,nan
CON8-0,moderate,SAA,search_sampled,5,certified_feasible,1.0,53666.08656211519,73996.17622052052,nan,34883.47710496111,0.7252548618482881,nan,nan,52732.6653608468,94237.3000908551,2.738600387445677,-0.8835455118335412,1.7870763680537352,0.9764123046152761,2.7386003874456777,4.144163509852468,1.579576786376866,0.5795767863764748,0.8861902798095922,nan,nan
CON8-0,moderate,SAA,search_sampled,8,ambiguous,-1.0,64778.983413948,69569.06899551161,nan,35651.095351130105,0.9311463319730116,nan,nan,64778.98341394805,92161.16506447381,2.422701626475818,-0.89168476496932,1.422701626475816,0.8507035869626087,3.472083955234006,4.2970481943615235,0.3274322283709794,-0.6725677716293703,0.8372996381772213,nan,nan
CON8-0,moderate,SAA,search_sampled,8,ambiguous,-1.0,64778.983413948,69569.0689955116,nan,34858.61587325361,0.9311463319730118,nan,nan,64778.98341394805,92161.16506447381,2.422701626475818,-0.89168476496932,1.422701626475816,0.8507035869626087,3.472083955234006,4.2970481943615235,0.3274322283709794,-0.6725677716293703,0.8372996381772213,nan,nan
CON8-0,moderate,SAA,search_sampled,5,certified_feasible,1.0,36941.267174504464,47315.63508009302,nan,25355.662424191945,0.7807412309265751,nan,nan,34144.73592681153,60126.76108304215,2.551929162703885,-0.8320537186752816,1.7609379440486082,0.9928875028844981,2.551929162703885,3.450879557126858,8.840870844600266,7.840870844599796,0.8848452800575933,nan,nan
CON8-0,moderate,SAA,search_sampled,8,certified_infeasible,-1.0,65006.82347153983,68997.32815066607,nan,34236.207176047785,0.9421643593153002,nan,nan,65006.823471539865,94837.70098178521,2.458888404588873,-0.927061277770942,1.4588884045888717,0.8078712799185699,3.7788937789735,5.236437476465991,1.4539784679843626,0.45397846798399794,0.8752948127661381,nan,nan
CON8-0,moderate,SAA,search_sampled,5,certified_infeasible,-1.0,62760.27352197639,96658.99659763995,nan,40557.23772594654,0.6492957275692304,nan,nan,50113.03637938754,106374.77908703472,2.493421501925511,-0.9274523914521509,2.1226967426541474,0.8792096902079337,2.493421501925512,5.250533664322098,2.2447128882173653,1.2447128882169776,0.9119590007920837,nan,nan
CON8-0,moderate,SAA,search_sampled,8,certified_infeasible,-1.0,66179.26881197531,80246.79941209251,nan,36360.2020542696,0.824696676961831,nan,nan,66179.26881197537,102399.95092090801,2.547311609196542,-0.924158645881672,1.5473116091965402,0.8492846497701948,3.485055042014974,5.135254342997441,3.09165061352719,2.0916506135268076,0.8687392531634649,nan,nan
CON8-0,moderate,SAA,search_sampled,6,certified_feasible,1.0,36921.92056078772,35050.81325316067,nan,19639.899133116975,1.053382707388632,nan,nan,36921.92056078773,53672.31457977921,2.4536707128063364,-0.9568639358274504,1.453670712806336,0.8446259522798936,4.263364922209858,6.80917881884903,7.9441505978829525,6.94415059788247,0.8584480892844055,nan,nan
CON8-0,moderate,SAA,search_sampled,8,certified_infeasible,-1.0,81380.76895344272,113713.15186682982,nan,37991.89739379404,0.7156671644169027,nan,nan,54562.18824057341,121625.4432640431,2.1649787016071578,-0.8398657900022624,2.229115935155993,0.8523499438562752,2.164978701607157,3.5340520131479867,3.300366035895993,2.3003660358956686,0.9085452534614513,nan,nan
CON8-0,moderate,SAA,search_sampled,4,certified_feasible,1.0,35872.68705420877,49338.1669459949,nan,21868.393474148757,0.7270778238168979,nan,nan,30093.84551210881,58578.03002257043,2.471849276322215,-0.8651320033041969,1.9465119537149376,0.9727224454572836,2.471849276322214,3.85088495704433,8.804904239483893,7.804904239483406,0.8933790932358858,nan,nan
CON8-0,moderate,SAA,search_sampled,7,certified_infeasible,-1.0,79186.53733933263,109088.72639931056,nan,46898.47536196665,0.7258911159112504,nan,nan,72188.60331127563,134154.2661062903,2.6057821992309,-0.8745011540996334,1.858385672428377,0.9059141044810357,2.605782199230898,3.992042275757557,3.3791052686820837,2.379105268681751,0.9039944157749064,nan,nan
CON8-0,moderate,SAA,search_sampled,7,certified_infeasible,-1.0,79186.53733933263,109088.72639931056,nan,49227.85006395164,0.7258911159112504,nan,nan,72188.60331127561,134154.26610629034,2.6057821992309,-0.8745011540996334,1.8583856724283776,0.9059141044810359,2.605782199230897,3.992042275757557,2.2622700995573872,1.2622700995570701,0.9039944157749065,nan,nan
CON8-0,moderate,SAA,search_sampled,6,certified_infeasible,-1.0,77089.9027030117,117226.25911238216,nan,43822.456152009625,0.6576163334625167,nan,nan,64254.16168015177,128319.21758725878,2.498036351262475,-0.8885074618558783,1.9970569101191282,0.8729708615933645,2.4980363512624724,4.23537722220896,3.7059706904152754,2.7059706904149303,0.9061455643583738,nan,nan
CON8-0,moderate,SAA,search_sampled,2,certified_feasible,1.0,15742.386684825235,18036.20075292561,nan,11763.127283084244,0.8728216601975722,nan,nan,15742.386684825236,25147.439797454408,2.597435020554737,-0.8780661001968939,1.5974350205547363,1.0,3.0062994588562715,4.049978948749679,35.49572490056518,34.49572490056431,0.9168818657502117,nan,nan
CON8-0,moderate,SAA,search_sampled,6,certified_infeasible,-1.0,68050.87747016086,95155.55032201367,nan,38504.619637849195,0.7151540529151634,nan,nan,65069.57410142393,113375.77945451878,2.622234425032769,-0.8442907169389923,1.7423777705660095,0.963809623838814,2.622234425032768,3.5839153662658547,2.1484771623548893,1.1484771623545296,0.9008307085518279,nan,nan
CON8-0,moderate,SAA,search_sampled,8,certified_infeasible,-1.0,71387.47782810594,100411.7446124665,nan,43754.40619010972,0.710947490292315,nan,nan,71387.47782810598,122873.7817642713,2.721223182308519,-0.8894576960430294,1.7212231823085173,0.8479437815787749,2.867308106339592,4.253542160352511,2.3336464312509273,1.3336464312505796,0.8623556712172186,nan,nan
CON8-0,moderate,SAA,search_sampled,8,certified_infeasible,-1.0,67354.47249143865,98224.8816229963,nan,42614.64329466594,0.6857170136377104,nan,nan,67354.47249143866,116363.44479873599,2.7276275872181586,-0.8703341188247132,1.7276275872181583,0.8546860504286075,2.7588825965741597,3.9273729083310345,2.0363916863729865,1.036391686372625,0.8407818712286168,nan,nan
CON8-0,moderate,SAA,search_sampled,5,certified_feasible,1.0,54303.59133990523,65880.03438943501,nan,29410.60842978052,0.8242799482905817,nan,nan,54303.59133990528,89538.47343000774,2.648849941978148,-0.8556464282611218,1.6488499419781453,0.9924619123303196,2.796734298265199,3.7222130788702716,1.785137909710317,0.7851379097099335,0.8964421314242366,nan,nan
CON8-0,moderate,SAA,search_sampled,6,certified_infeasible,-1.0,68265.46098835052,103917.35282805724,nan,40672.32052195676,0.6569207079524367,nan,nan,57929.0099095375,107152.86229636571,2.418234196559141,-0.8197928070818926,1.8497271481714717,0.8241873436232676,2.4182341965591396,3.3314165350085814,3.420974218296923,2.4209742182965464,0.8445182777394303,nan,nan
CON8-0,moderate,SAA,search_sampled,5,certified_feasible,1.0,49212.720081470405,64056.70635987057,nan,26615.256028399006,0.7682680374634523,nan,nan,38713.1087556888,77654.30920774794,2.3645800876438745,-0.8494007780157615,2.005891846552799,0.9795688092973732,2.364580087643873,3.644211998602306,5.338358249508273,4.338358249507899,0.872551387715161,nan,nan
CON8-0,moderate,SAA,search_sampled,8,certified_infeasible,-1.0,64370.20614331864,98126.50305741563,nan,44385.14431313541,0.6559920524799956,nan,nan,64370.20614331863,115420.73045527366,2.793076911984596,-0.8983279872524342,1.7930769119845962,0.8422930621471295,2.802082614587535,4.435211015800244,2.3467462244148374,1.346746224414457,0.8605993718996995,nan,nan
CON8-0,moderate,SAA,search_sampled,5,certified_feasible,1.0,49212.720081470405,64056.70635987057,nan,26615.256028399006,0.7682680374634523,nan,nan,38713.1087556888,77654.30920774794,2.3645800876438745,-0.8494007780157615,2.005891846552799,0.9795688092973732,2.364580087643873,3.644211998602306,5.338358249508273,4.338358249507899,0.872551387715161,nan,nan
CON8-0,moderate,SAA,search_sampled,8,certified_infeasible,-1.0,64944.437927298735,102669.76528596548,nan,44815.86576221519,0.6325566026805397,nan,nan,62310.51617322633,113535.13637909008,2.7076322186230124,-0.8873536357354201,1.8220862761505099,0.7921725190477035,2.7076322186230133,4.213630105070115,2.5958376855629606,1.5958376855625795,0.8635888101048155,nan,nan
CON8-0,moderate,SAA,search_sampled,6,certified_infeasible,-1.0,68050.87747016086,95155.55032201367,nan,38317.69373217531,0.7151540529151634,nan,nan,65069.574101423925,113375.77945451876,2.622234425032769,-0.8442907169389924,1.7423777705660095,0.963809623838814,2.6222344250327674,3.583915366265856,2.1484771623548893,1.1484771623545296,0.9008307085518279,nan,nan
CON8-0,moderate,SAA,search_sampled,8,certified_infeasible,-1.0,65503.243662558416,75959.39363686711,nan,36044.21575912813,0.8623455312940548,nan,nan,65503.24366255844,100620.0125235384,2.536107326865902,-0.9181311902594302,1.536107326865901,0.8170366179136592,3.454630483219149,4.942603355036913,2.0020595826487706,1.0020595826484007,0.8882651361543048,nan,nan
CON8-0,moderate,SAA,search_sampled,5,certified_feasible,1.0,39314.21254493747,52801.86640839307,nan,24011.138234829876,0.7445610395826523,nan,nan,32324.31310854771,66344.8693189946,2.5097585845007098,-0.909489486941306,2.052475766343528,0.9290962331575159,2.5097585845007098,4.7007319216123475,6.979808977131033,5.979808977130573,0.9168888510169724,nan,nan
CON8-0,moderate,SAA,search_sampled,6,certified_feasible,1.0,57084.752611853044,57147.644649881295,nan,29781.473845300952,0.9988994815374533,nan,nan,57084.75261185306,78191.85651732345,2.3697502912728354,-0.8815604841527727,1.369750291272835,0.8894434552064377,3.489531830829501,4.109289004888612,1.734851448044447,0.734851448044082,0.8275587575021037,nan,nan
CON8-0,moderate,SAA,search_sampled,6,certified_feasible,1.0,59077.93666854654,60720.62544925845,nan,27065.843705730244,0.9729467743693676,nan,nan,59077.93666854657,80799.62571618718,2.367678532334482,-0.8719309604196854,1.3676785323344807,0.8694596087247094,3.398029931600179,3.95178147929002,1.3517898163011235,0.3517898163007656,0.8237968676830113,nan,nan
CON8-0,moderate,SAA,search_sampled,8,ambiguous,-1.0,61339.17400454698,90842.12111471561,nan,40576.47048021637,0.6752283329787924,nan,nan,58137.10127728797,101319.7615567173,2.5995926000272678,-0.8389124574503314,1.7427728478148121,0.8662902699339774,2.599592600027266,3.5235790545162367,0.22332768416573648,-0.7766723158346304,0.7990922354148722,nan,nan
CON8-0,moderate,SAA,search_sampled,6,certified_feasible,1.0,59077.93666854654,60720.62544925845,nan,27065.843705730244,0.9729467743693676,nan,nan,59077.93666854657,80799.62571618718,2.367678532334482,-0.8719309604196854,1.3676785323344807,0.8694596087247094,3.398029931600179,3.95178147929002,1.3517898163011235,0.3517898163007656,0.8237968676830113,nan,nan
CON8-0,moderate,SAA,search_sampled,8,certified_infeasible,-1.0,63980.66166263074,97024.34987328004,nan,43617.5647323355,0.6594289139395785,nan,nan,61435.94561495533,111083.9910118347,2.6964387698346353,-0.880681023087229,1.8081269833143672,0.8548278537275438,2.6964387698346357,4.09411688489523,1.1220812315729325,0.1220812315725672,0.836332992838406,nan,nan
CON8-0,moderate,SAA,search_sampled,6,ambiguous,-1.0,62442.101634529434,86627.50159871399,nan,41814.6796282912,0.7208115261569128,nan,nan,59036.69437390918,109644.05743050997,2.7013945301152633,-0.8966548611632585,1.8572187788171002,0.9569324405542874,2.7013945301152638,4.399162162701937,0.9244855148303136,-0.07551448517005702,0.9001049774761942,nan,nan
CON8-0,moderate,SAA,search_sampled,8,certified_infeasible,-1.0,75593.91886697078,113557.6978366318,nan,47638.41271833622,0.6656873140887631,nan,nan,72027.80440881563,127625.54855638239,2.6411298151713165,-0.8573126848832857,1.7718928072832112,0.8031584096854951,2.641129815171315,3.7438834019441773,2.716561759587157,1.716561759586821,0.8297762079495733,nan,nan
CON8-0,moderate,SAA,search_sampled,4,certified_feasible,1.0,39012.620881883966,51618.74855266044,nan,24629.507510021354,0.7557839346315041,nan,nan,38140.174269701165,70320.25600909392,2.780136987134852,-0.9093172887206039,1.8437319009566469,0.9843136597130691,2.78013698713485,4.696266669645462,7.806984308779872,6.806984308779419,0.8741471666904961,nan,nan
CON8-0,moderate,SAA,search_sampled,7,certified_infeasible,-1.0,79186.53733933263,109088.72639931056,nan,48286.8983884806,0.7258911159112504,nan,nan,72188.60331127563,134154.2661062903,2.6057821992309,-0.8745011540996335,1.858385672428377,0.9059141044810359,2.6057821992308994,3.9920422757575587,2.5805718587268722,1.5805718587265505,0.9039944157749064,nan,nan
CON8-0,moderate,SAA,search_sampled,4,certified_feasible,1.0,39012.620881883966,51618.74855266044,nan,24629.507510021354,0.7557839346315041,nan,nan,38140.174269701165,70320.25600909392,2.780136987134852,-0.9093172887206039,1.8437319009566469,0.9843136597130691,2.78013698713485,4.696266669645462,7.806984308779872,6.806984308779419,0.8741471666904961,nan,nan
CON8-0,moderate,SAA,search_sampled,4,certified_feasible,1.0,39012.620881883966,51618.74855266044,nan,24629.507510021354,0.7557839346315041,nan,nan,38140.174269701165,70320.25600909392,2.780136987134852,-0.9093172887206039,1.8437319009566469,0.9843136597130691,2.78013698713485,4.696266669645462,7.806984308779872,6.806984308779419,0.8741471666904961,nan,nan
CON8-0,moderate,SAA,search_sampled,7,ambiguous,1.0,64851.09538599017,85534.30223837147,nan,33630.35363021918,0.7581881618120849,nan,nan,60357.60286683922,87790.5906176318,2.284436255127243,-0.6741642953325687,1.4545075756456922,0.8670032412097815,2.284436255127243,2.477511401705988,0.6879937017496576,-0.3120062982506774,0.7845924583948183,nan,nan
CON8-0,moderate,SAA,search_sampled,7,ambiguous,1.0,81251.48864778153,109902.17753449985,nan,39023.895423175454,0.7393073592402256,nan,nan,61243.016497741475,125065.5440855431,2.292986426266191,-0.8349418824255672,2.04211926906238,0.9610697284309276,2.2929864262661908,3.4809401312774093,0.02772383015649393,-0.9722761698437836,0.882666251477855,nan,nan
CON8-0,moderate,SAA,search_sampled,5,certified_feasible,1.0,47998.62390236342,56028.24424376204,nan,28588.895525804888,0.8566862044353173,nan,nan,47998.623902363426,78570.93622228265,2.636941433615014,-0.8836047444641921,1.6369414336150137,0.9742593024299221,2.9728957032758303,4.145217841852293,3.8420177344854487,2.842017734485042,0.917254538985275,nan,nan
CON8-0,moderate,SAA,search_sampled,5,certified_feasible,1.0,47998.62390236342,56028.24424376204,nan,27816.25544531661,0.8566862044353173,nan,nan,47998.623902363426,78570.93622228265,2.636941433615014,-0.8836047444641919,1.6369414336150137,0.9742593024299221,2.9728957032758294,4.14521784185229,3.874620336729504,2.874620336729098,0.917254538985275,nan,nan
CON8-0,moderate,SAA,search_sampled,5,certified_feasible,1.0,39893.60408057212,62037.321470656556,nan,26531.25644486178,0.6430581323444414,nan,nan,36185.37621656218,64866.02739777511,2.533022672262107,-0.8362049743190645,1.7926033713057181,0.8037355600072977,2.5330226722621054,3.4943358479051514,6.10458415817148,5.104584158171016,0.8257564163652178,nan,nan
CON8-0,moderate,SAA,search_sampled,6,ambiguous,1.0,57016.86586993549,81545.25310811054,nan,30022.806951837945,0.6992052105638086,nan,nan,51752.983430978114,93394.74464525303,2.5456981168929227,-0.8430846887137089,1.8046253269593948,0.9638632118175539,2.5456981168929236,3.570116074560515,0.3586221944785159,-0.6413778055218692,0.8937884622228689,nan,nan
CON8-0,moderate,SAA,search_sampled,7,ambiguous,1.0,49308.1773707146,70906.5539668381,nan,30234.373936077063,0.6953966116274001,nan,nan,49308.177370714606,88815.9470256543,2.801241736394102,-0.9126251397599777,1.8012417363941011,0.8717503615209324,2.8638499607964216,4.784336865821004,0.7250598340983591,-0.27494016590207954,0.8516788052799201,nan,nan
CON8-0,moderate,SAA,search_sampled,6,certified_feasible,1.0,51149.383375596284,74576.06145272065,nan,40449.979736071706,0.6858686605221664,nan,nan,51149.3833755963,93629.92458359283,2.8305191266150103,-0.9548835602445419,1.8305191266150096,0.9175980452239891,3.061255211093373,6.658058202123128,2.7361458308273456,1.736145830826951,0.8690300433383598,nan,nan
CON8-0,moderate,SAA,search_sampled,7,certified_infeasible,-1.0,64718.030513216385,105978.12418503022,nan,44332.152717496065,0.6106734857867775,nan,nan,59080.11302246785,115142.3770203004,2.6920239794254774,-0.9231586275123284,1.9489193762461552,0.824811168594195,2.692023979425476,5.101729654049428,3.149792828519653,2.1497928285192627,0.8600161721692553,nan,nan
CON8-0,moderate,SAA,search_sampled,7,certified_infeasible,-1.0,64718.03051321637,105978.12418503022,nan,43993.72518789138,0.6106734857867773,nan,nan,59080.11302246785,115142.3770203004,2.692023979425478,-0.9231586275123286,1.9489193762461552,0.824811168594195,2.692023979425477,5.101729654049435,2.410183530641193,1.4101835306408135,0.8600161721692552,nan,nan
CON8-0,moderate,SAA,search_sampled,7,certified_infeasible,-1.0,106519.34869817477,144615.1349529275,nan,52644.82211992404,0.7365712360109958,nan,nan,79169.59893872558,162178.69251006038,2.265769500080707,-0.826480015656832,2.0484970832753726,0.9759089061482409,2.2657695000807068,3.3950036686947525,2.179613552040843,1.1796135520405966,0.8781464869800469,nan,nan
CON8-0,moderate,SAA,search_sampled,7,certified_infeasible,-1.0,106519.34869817474,144615.13495292747,nan,52237.285292420594,0.7365712360109957,nan,nan,79169.59893872558,162178.69251006038,2.2657695000807077,-0.826480015656832,2.0484970832753726,0.9759089061482409,2.2657695000807068,3.3950036686947525,2.1796135520408435,1.1796135520405973,0.8781464869800469,nan,nan
CON8-0,moderate,SAA,search_sampled,5,certified_infeasible,-1.0,62057.268866311984,84652.19391187553,nan,40347.180752810214,0.7330851806500696,nan,nan,58104.487202681186,107641.83575190957,2.670860738516431,-0.8883074906027499,1.8525563331525714,0.922400979299026,2.6708607385164282,4.231584071147797,1.3151029081642593,0.315102908163881,0.9244268636826941,nan,nan
CON8-0,moderate,SAA,search_sampled,6,certified_infeasible,-1.0,71406.85126944336,100471.13410248437,nan,42372.150707745284,0.7107200680805061,nan,nan,59712.32770448428,123150.92265321856,2.5608642183044172,-0.92694197731152,2.0624036507618873,0.8979870069993894,2.560864218304416,5.23216029640627,1.8805362757031088,0.8805362757027675,0.9081868090169236,nan,nan
CON8-0,moderate,SAA,search_sampled,7,certified_infeasible,-1.0,65012.74493370079,99527.04456678253,nan,39496.63227851115,0.6532168740334424,nan,nan,58976.092281053876,117534.48665442986,2.715015019216418,-0.9424694803124651,1.9929175045086518,0.8521133906455806,2.715015019216418,5.89611369249252,3.2571744586083993,2.257174458608009,0.8821104202748503,nan,nan
CON8-0,moderate,SAA,search_sampled,7,ambiguous,-1.0,85309.0423493635,115500.81569359858,nan,41568.155575366785,0.7386012110570022,nan,nan,64089.468877893865,132561.83197092407,2.3051636196251963,-0.8476210071528143,2.068387120253514,0.9580511904147203,2.305163619625197,3.6228674806463674,0.47651165398197454,-0.5234883460182976,0.8848684757760501,nan,nan
CON8-0,moderate,SAA,search_sampled,5,certified_feasible,1.0,43412.782618501915,66233.14042235642,nan,26925.28382334665,0.6554540875106732,nan,nan,38625.167601009554,70686.65486411018,2.517963969868464,-0.8431059253773453,1.8300672658378998,0.7947660292543283,2.517963969868464,3.570357685943793,4.545687606713768,3.545687606713325,0.8395976250652012,nan,nan
CON8-0,moderate,SAA,search_sampled,6,ambiguous,-1.0,60337.63979797078,86014.9503045098,nan,35348.23603951134,0.7014785172154806,nan,nan,53490.14367361676,99104.89673216565,2.5290190487516275,-0.8528687694941739,1.852769312733174,0.9426819550368714,2.5290190487516266,3.686910237338052,0.4266889140241946,-0.5733110859761809,0.8990930187987081,nan,nan
CON8-0,moderate,SAA,search_sampled,7,ambiguous,-1.0,50529.35975713416,73756.58773542015,nan,29359.904746347205,0.6850826659496942,nan,nan,50003.14286266463,91941.3062134875,2.8091479836356177,-0.9136017581369285,1.8387105479751042,0.8349431879184297,2.8091479836356172,4.811301195615739,0.15246161368146785,-0.8475383863189728,0.8666437235975681,nan,nan
CON8-0,moderate,SAA,search_sampled,6,certified_feasible,1.0,51766.883953910125,77574.54685381563,nan,41178.60609337719,0.6673179032738866,nan,nan,51766.883953910125,97201.48050973166,2.8776768676336313,-0.9621298892845759,1.8776768676336313,0.881465521274355,3.0124364370325374,7.267193271335279,1.8747278051000036,0.8747278050996019,0.8813459630364265,nan,nan
CON8-0,moderate,SAA,search_sampled,7,certified_infeasible,-1.0,82376.11139456624,118405.5932626098,nan,40901.46356999205,0.6957113183991708,nan,nan,65327.758479706805,131690.35214036115,2.391689863538082,-0.8615703790868672,2.015840665668469,0.8593639512045839,2.3916898635380814,3.8010228731665907,1.4306719749323102,0.4306719749320155,0.8855540320363507,nan,nan
CON8-0,moderate,SAA,search_sampled,6,certified_infeasible,-1.0,57197.34980341268,90852.74263741859,nan,34656.942536892595,0.6295610692973774,nan,nan,55932.3736159348,101459.93106970434,2.751741212251906,-0.8943788048001354,1.8139750650739237,0.8454549377822176,2.7517412122519036,4.351504720934275,2.0911661589821278,1.091166158981709,0.8956854758846019,nan,nan
CON8-0,moderate,SAA,search_sampled,7,certified_infeasible,-1.0,55713.73107206786,80915.55769869793,nan,31580.119746491793,0.6885416433700783,nan,nan,55713.73107206792,95847.86856546311,2.720363485286603,-0.8987726930959047,1.7203634852865999,0.7668297719760642,2.9212082979429446,4.444942593388396,1.8220318044479638,0.8220318044475389,0.8493558725737305,nan,nan
CON8-0,moderate,SAA,search_sampled,6,certified_feasible,1.0,57031.95427803671,75668.14438765855,nan,31608.4213760686,0.7537115484932997,nan,nan,55696.43402992426,100265.54793051955,2.734642078020208,-0.8866279005401235,1.800214855346923,0.9369733924387592,2.734642078020207,4.200121979117857,1.067720974297895,0.06772097429752023,0.8808874304347566,nan,nan
CON8-0,moderate,SAA,search_sampled,6,ambiguous,1.0,57581.33185326583,79836.48202741749,nan,34396.17075747705,0.7212408461772053,nan,nan,45980.862184862955,95186.4183210674,2.4516154101066316,-0.8978211811078602,2.0701312197752366,0.8733147161904911,2.451615410106631,4.424198036733145,0.5510010831739871,-0.44899891682639154,0.9095539122699567,nan,nan
CON8-0,moderate,SAA,search_sampled,6,certified_feasible,1.0,55782.10558558146,77661.35668922929,nan,42276.60923832689,0.7182736429496058,nan,nan,55782.10558558147,99666.91666297843,2.7867184398421183,-0.957919891540205,1.786718439842118,0.9232043358983406,3.177212107192818,6.894084029616692,1.7302687319737355,0.7302687319733616,0.8605600149057945,nan,nan
CON8-0,moderate,SAA,search_sampled,7,ambiguous,1.0,65173.43705809044,85413.46691316243,nan,31807.095624554942,0.7630346760698816,nan,nan,60216.32780745225,87415.89909735679,2.265220825675058,-0.6668075078199915,1.4516976089421774,0.8391031141356639,2.265220825675056,2.4500073902682566,0.3653956506863436,-0.6346043493139942,0.7902835691373108,nan,nan
CON8-0,moderate,SAA,search_sampled,6,ambiguous,1.0,57862.16173217166,82738.17092875428,nan,31222.73996479037,0.6993405955516794,nan,nan,51677.78935417842,94564.22325335204,2.527420480493717,-0.8456288437457626,1.8298813559002602,0.9473803689289773,2.5274204804937157,3.5994149760868885,0.021683320742943997,-0.9783166792574404,0.8962513908435312,nan,nan
CON8-0,moderate,SAA,search_sampled,7,ambiguous,1.0,50110.56045765948,72434.56295438643,nan,28473.507810451312,0.69180455315531,nan,nan,50110.56045765949,90283.71056714775,2.801690297266427,-0.9047177250094346,1.8016902972664262,0.8614645362152231,2.8214451964140017,4.581513165047866,0.3861784017095766,-0.6138215982908598,0.8516233281987323,nan,nan
CON8-0,moderate,SAA,search_sampled,7,ambiguous,1.0,56181.252094232164,80979.76037359762,nan,38918.088678266125,0.6937690582812508,nan,nan,56181.2520942322,102783.33222551063,2.8294952211658324,-0.965808443958389,1.8294952211658309,0.8915307268596934,3.1377517818452234,7.648135347196228,0.8644952179607327,-0.13550478203965077,0.8714554139129779,nan,nan
CON8-0,moderate,SAA,search_sampled,7,certified_feasible,1.0,56181.25209423214,80979.76037359759,nan,41798.53559962316,0.6937690582812507,nan,nan,56181.2520942322,102783.33222551063,2.8294952211658337,-0.9658084439583888,1.8294952211658309,0.8915307268596934,3.137751781845222,7.648135347196203,1.0112625885783455,0.011262588577964184,0.8714554139129779,nan,nan
CON8-0,moderate,SAA,search_sampled,7,ambiguous,-1.0,64092.44018875019,87919.19996323691,nan,33257.850628385924,0.7289925319560483,nan,nan,62709.93685085442,89923.24354850138,2.3814537244931846,-0.7014338973760913,1.433955255964768,0.814812716529727,2.381453724493183,2.5881816174893286,0.0054080940527817915,-0.994591905947567,0.7850865444472195,nan,nan
CON8-0,moderate,SAA,search_sampled,6,certified_feasible,1.0,59037.8275551941,79086.97156530732,nan,34476.565866090226,0.7464924549101324,nan,nan,58664.06310224089,103567.46420171726,2.7479250850192427,-0.8790960307367329,1.7654328514753201,0.9398681261747214,2.7479250850192427,4.06719240953933,1.005534791820661,0.005534791820297855,0.8676083472367997,nan,nan
CON8-0,moderate,SAA,search_sampled,6,certified_feasible,1.0,59037.82755519408,79086.9715653073,nan,37093.67594547957,0.7464924549101323,nan,nan,58664.0631022409,103567.46420171726,2.747925085019244,-0.8790960307367328,1.76543285147532,0.9398681261747212,2.747925085019243,4.067192409539328,1.2630791018690282,0.2630791018686689,0.8676083472367998,nan,nan
CON8-0,moderate,SAA,search_sampled,7,ambiguous,-1.0,65564.57584420561,101590.3544323682,nan,42453.15814069856,0.6453818988086507,nan,nan,60047.72745252404,108917.13625111911,2.577075524825129,-0.8539427888582983,1.8138427692743748,0.8379861717727264,2.577075524825128,3.7004410998766755,0.6647306819986751,-0.33526931800167553,0.8030072343213931,nan,nan
CON8-0,moderate,SAA,search_sampled,7,ambiguous,-1.0,63174.30887016114,90229.05162581493,nan,36737.94154668769,0.7001548584612043,nan,nan,52135.575148850716,107494.89696439146,2.5268257772526224,-0.9173547614386914,2.061833913934698,0.8994711227519316,2.526825777252624,4.919331381986582,0.5622107662773875,-0.43778923372297396,0.8955200649616766,nan,nan
CON8-0,moderate,SAA,search_sampled,7,ambiguous,1.0,59621.9368061778,83162.49887375026,nan,42502.30416259223,0.7169329639395565,nan,nan,59621.93680617779,105172.61960370785,2.7639920008906897,-0.9620444162719286,1.7639920008906902,0.8658217015608766,3.262860081938893,7.259006083438824,0.6643959266506578,-0.3356040733497065,0.8625564554040267,nan,nan
CON8-0,moderate,SAA,search_sampled,7,ambiguous,-1.0,82184.02010219252,111467.70152242201,nan,39824.705553491134,0.7372899860652549,nan,nan,62181.058453889884,127541.82599568642,2.308513068765236,-0.8435076544042647,2.0511362972417806,0.9607953248930517,2.3085130687652358,3.5749374530576263,0.1714861541916356,-0.8285138458086418,0.8815050247224985,nan,nan
CON8-0,moderate,SAA,search_sampled,5,certified_feasible,1.0,48935.31609563782,57459.708900886966,nan,27428.83603289348,0.851645736320158,nan,nan,48935.31609563783,81065.03203562277,2.6565752201782358,-0.8927200544106829,1.6565752201782353,0.9736215980870925,2.995474872221865,4.317732429532539,3.4673470772024433,2.4673470772020405,0.9158348129400383,nan,nan
CON8-0,moderate,SAA,search_sampled,7,ambiguous,1.0,49971.652739590616,71595.8285925695,nan,28348.59557646944,0.6979687744654006,nan,nan,49971.65273959064,89885.22571196966,2.7987242923577966,-0.909477113827564,1.7987242923577955,0.8601719737680601,2.851077578271159,4.700410651042977,0.38832725806890217,-0.6116727419315355,0.8516578919886472,nan,nan
CON8-0,moderate,SAA,search_sampled,7,ambiguous,1.0,57321.8376008505,81224.48774622554,nan,39002.262453302515,0.705721134000186,nan,nan,57321.837600850515,103889.6817438104,2.8123927301009797,-0.960924354875459,1.8123927301009788,0.9035234680920007,3.1411663907043073,7.154213878437361,0.9250480569900311,-0.07495194301034387,0.8667261451795051,nan,nan
CON8-0,moderate,SAA,search_sampled,7,ambiguous,-1.0,67131.40910038189,90204.07518742542,nan,36062.82896594095,0.7442170318901524,nan,nan,62144.59316773163,91279.95284760217,2.285436103179622,-0.6775917941966796,1.4688317711121321,0.8535565075025949,2.285436103179622,2.4906457108746576,0.039561184554802266,-0.9604388154455318,0.7838523925733017,nan,nan
CON8-0,moderate,SAA,search_sampled,5,certified_feasible,1.0,48001.52601628864,59469.278582441344,nan,28844.953833671545,0.8071650970129874,nan,nan,48001.52601628867,80888.04684111949,2.685114069366697,-0.8900406408230243,1.6851140693666953,0.9369627404863072,2.929752974928218,4.264802241136445,3.03797978653826,2.037979786537842,0.9199064308788751,nan,nan
CON8-0,moderate,SAA,search_sampled,8,ambiguous,1.0,62721.69800963457,91950.62249348233,nan,38019.0761280445,0.6821236910503834,nan,nan,59562.99632642499,102755.56359483229,2.587917181328921,-0.8310238181711104,1.7251577310130217,0.9053738256998917,2.5879171813289203,3.440347023554291,0.3405434572544252,-0.6594565427459259,0.7749891151367994,nan,nan
CON8-0,moderate,SAA,search_sampled,7,certified_feasible,1.0,64613.78795019208,83930.62260133341,nan,33833.33778003202,0.7698475949249727,nan,nan,60065.68409442286,85888.2477740601,2.258866667606493,-0.659994177608566,1.4299054288475985,0.8791831706387622,2.2588666676064935,2.4253354839043726,1.0403602976529078,0.04036029765257671,0.7711688250168747,nan,nan
CON8-0,moderate,SAA,search_sampled,7,certified_feasible,1.0,64613.78795019204,83930.62260133341,nan,32892.04450065865,0.7698475949249722,nan,nan,60065.68409442286,85888.2477740601,2.2588666676064943,-0.659994177608566,1.4299054288475985,0.8791831706387622,2.2588666676064935,2.4253354839043726,1.0378686595763023,0.03786865957597108,0.7711688250168748,nan,nan
CON8-0,moderate,SAA,search_sampled,7,ambiguous,1.0,80599.56867616439,108277.34123070542,nan,41563.35922290251,0.7443807518733925,nan,nan,61471.07103196608,123495.55245172487,2.294883539970989,-0.8255096014942619,2.0090027777050596,0.9757476602557559,2.294883539970989,3.385549987980796,0.3064046519075523,-0.6935953480927235,0.8755386033098623,nan,nan
CON8-0,moderate,SAA,search_sampled,7,ambiguous,1.0,80599.56867616439,108277.3412307054,nan,38491.988062553515,0.7443807518733927,nan,nan,61471.07103196608,123495.55245172487,2.294883539970989,-0.8255096014942619,2.0090027777050596,0.975747660255756,2.294883539970989,3.385549987980796,0.3064046519075523,-0.6935953480927235,0.8755386033098623,nan,nan
CON8-0,moderate,SAA,search_sampled,7,certified_feasible,1.0,59561.276920064905,77540.05771830768,nan,29847.290898034193,0.7681355762777841,nan,nan,57503.88177359471,102615.9986478552,2.6883218208424435,-0.8718446701554469,1.7845055930637292,0.9815093752055437,2.688321820842443,3.9504508374475775,1.3982113678325692,0.398211367832215,0.8690061259092188,nan,nan
CON8-0,moderate,SAA,search_sampled,7,ambiguous,1.0,59947.054436084785,91981.41345165753,nan,36810.85080299703,0.6517300853132794,nan,nan,53076.874909436294,97821.7644806939,2.51719856479383,-0.8467332776183359,1.8430204236327905,0.8339082231295731,2.5171985647938278,3.6123603172371115,0.4001106079141449,-0.5998893920862213,0.8132644541571336,nan,nan
CON8-0,moderate,SAA,search_sampled,7,ambiguous,1.0,61671.23541457888,83977.45379857204,nan,33840.84060632627,0.7343784864268835,nan,nan,48600.19490450415,99922.63568616837,2.4082999082512657,-0.8796040107633183,2.056013065019782,0.9352607496508634,2.4082999082512666,4.075763616155186,0.5197068097397375,-0.48029319026061695,0.8962189227922506,nan,nan
CON8-0,moderate,SAA,search_sampled,7,certified_feasible,1.0,49377.96825212504,69575.19962003325,nan,28931.77029769441,0.7097064546244912,nan,nan,49377.96825212506,87984.21042688937,2.7818515735123,-0.9083476691278163,1.7818515735122988,0.8949145618232158,2.87245042258573,4.671358957298855,1.1785592092376977,0.1785592092372662,0.8402218993351398,nan,nan
CON8-0,moderate,SAA,search_sampled,6,certified_feasible,1.0,55905.05046272936,81197.4470791476,nan,35300.801659124314,0.6885074897519332,nan,nan,51530.37985545863,89941.21733948012,2.530569170834658,-0.8219970637297473,1.7454017919480291,0.9072405225247907,2.5305691708346565,3.3519799689202885,1.7531843882522047,0.7531843882518319,0.7835036620232408,nan,nan
CON8-0,moderate,SAA,search_sampled,5,certified_feasible,1.0,58222.47234466289,74662.87327097614,nan,28144.27384432662,0.77980487213979,nan,nan,53765.05005450135,76819.03798878925,2.2428468387646703,-0.6539654051581999,1.4287913414182298,0.9334335407205968,2.2428468387646707,2.4041149993462394,2.766550370526578,1.7665503705262346,0.7571542802649086,nan,nan
CON8-0,moderate,SAA,search_sampled,7,certified_infeasible,-1.0,60274.97086267678,86880.7390643588,nan,34102.881256107365,0.6937667831995166,nan,nan,57656.4611404169,106381.87720345966,2.7215000852941382,-0.8973763030932854,1.8450989724183138,0.8152803747445428,2.7215000852941365,4.414598079694618,2.3924132542038947,1.392413254203491,0.8801357533500157,nan,nan
CON8-0,moderate,SAA,search_sampled,5,certified_feasible,1.0,62246.166490621144,83328.44999069828,nan,27928.05723890844,0.7469977720402756,nan,nan,38196.84061843554,87923.32564823335,2.026151542772869,-0.7912897891460314,2.301848116877958,0.9831775007585121,2.0261515427728685,3.0955879640800443,3.5121484295836005,2.5121484295832923,0.8769518579862239,nan,nan
CON8-0,moderate,SAA,search_sampled,5,certified_feasible,1.0,52212.7026925465,68534.87734991366,nan,28561.969803087166,0.7618413384759969,nan,nan,48633.68193978512,86000.06482732008,2.5785630665375323,-0.8410137697453675,1.7683231332104248,0.9754071468134334,2.5785630665375336,3.5467880937612617,3.988623587220377,2.9886235872200086,0.871874988553611,nan,nan
CON8-0,moderate,SAA,search_sampled,7,certified_infeasible,-1.0,89334.92078032796,122080.11813723079,nan,48618.48791847309,0.7317728893406392,nan,nan,60518.399786058515,135257.44662640226,2.1914817263214244,-0.8537179062289664,2.234980553097196,0.9422478934785241,2.191481726321423,3.6975956217490045,2.305065994094128,1.3050659940938407,0.8953376564948095,nan,nan
CON8-0,moderate,SAA,search_sampled,3,certified_feasible,1.0,24643.753086025976,32319.32275510309,nan,17604.172653545265,0.7625083382087524,nan,nan,24643.753086025998,42938.46131347649,2.7423669667354518,-0.8792883024882638,1.7423669667354493,0.9936633532657483,2.781933606877304,4.070430269141558,16.892350063880386,15.892350063879743,0.9185664128066793,nan,nan
CON8-0,moderate,SAA,search_sampled,6,certified_infeasible,-1.0,68602.12981218116,94773.16553167827,nan,39058.32279521352,0.7238560559555294,nan,nan,66890.26751081478,115752.95859338128,2.6623550406413985,-0.8502669772785836,1.7304902925476626,0.9222657164383392,2.6623550406413994,3.654737604868552,3.0621671924371094,2.0621671924367386,0.9110673383401932,nan,nan
CON8-0,moderate,SAA,search_sampled,3,certified_feasible,1.0,31256.645743648518,34926.474192934096,nan,20255.056028658593,0.8949270278753756,nan,nan,31256.64574364852,50207.407526646326,2.6062954399657134,-0.8850883051585451,1.6062954399657128,0.9827505513975396,3.0364147277736766,4.171890325422322,12.595070834156024,11.595070834155502,0.9132908017067736,nan,nan
CON8-0,moderate,SAA,search_sampled,3,certified_feasible,1.0,37383.07493511649,38464.3184337132,nan,21878.128690653135,0.9718897008285732,nan,nan,37383.074935116514,57060.83382254483,2.526381495411542,-0.8866449069364254,1.5263814954115407,0.9809111529197544,3.20045549841047,4.200437034480986,8.410507405522303,7.410507405521835,0.9156211786092773,nan,nan
CON8-0,moderate,SAA,search_sampled,7,certified_infeasible,-1.0,65936.12305802204,89565.641242799,nan,36614.21602664652,0.736176530900718,nan,nan,60761.71694066843,93933.20055995078,2.346133050080785,-0.7155321249447846,1.5459273583673265,0.8174387284202922,2.346133050080783,2.6515412236763067,1.0727476833672047,0.07274768336685013,0.8376915999205385,nan,nan
CON8-0,moderate,SAA,search_sampled,5,certified_feasible,1.0,46773.042591365636,60953.88034435381,nan,25075.742931827215,0.7673513536320457,nan,nan,42297.27563353455,78275.92955432567,2.577835404920145,-0.8651023658967436,1.8506139788413742,0.9853277459977583,2.577835404920144,3.8504619084243044,5.843022501209281,4.843022501208891,0.8502808814817465,nan,nan
CON8-0,moderate,SAA,search_sampled,5,certified_feasible,1.0,55274.04280602402,71842.24814277372,nan,31946.305637558926,0.7693807506716197,nan,nan,53452.29099336671,95031.85373660144,2.6863268397256745,-0.8694443052419749,1.777881770276126,0.982955085691787,2.6863268397256745,3.913966351723747,2.3786012507072463,1.3786012507068777,0.87143118873004,nan,nan
CON8-0,moderate,SAA,search_sampled,5,certified_feasible,1.0,55274.04280602402,71842.24814277372,nan,31946.305637558926,0.7693807506716197,nan,nan,53452.29099336671,95031.85373660144,2.6863268397256745,-0.8694443052419749,1.777881770276126,0.982955085691787,2.6863268397256745,3.913966351723747,2.3786012507072463,1.3786012507068777,0.87143118873004,nan,nan
CON8-0,moderate,SAA,search_sampled,7,certified_infeasible,-1.0,54846.81364729571,81148.83269099408,nan,37831.83742206579,0.6758792681115501,nan,nan,54846.81364729573,103075.08536354874,2.8793267741385193,-0.9590669019501461,1.8793267741385185,0.8513118998050835,2.990438994945067,6.990008276129846,1.006958949185449,0.006958949185029476,0.8846636460159237,nan,nan
CON8-0,moderate,SAA,search_sampled,8,certified_infeasible,-1.0,66841.39659779912,95799.33842153843,nan,42545.7840298366,0.6977229456813374,nan,nan,66841.39659779915,119792.07296981353,2.7921838720790277,-0.9584388160790901,1.7921838720790262,0.8456433761051845,3.168590050856463,6.936989587160991,1.7731265757440067,0.7731265757436465,0.8876447402301375,nan,nan
CON8-0,moderate,SAA,search_sampled,4,certified_feasible,1.0,38906.09946384311,54489.16852110885,nan,24882.539281812304,0.7140152900070602,nan,nan,38587.47201784136,65299.59105922721,2.6701999046091656,-0.84122462611883,1.692248484923687,0.9939168050519859,2.670199904609163,3.5491424095714565,6.731098275365738,5.731098275365268,0.8819367542398004,nan,nan
CON8-0,moderate,SAA,search_sampled,5,certified_feasible,1.0,37595.27551247631,49301.7070429987,nan,22210.63017706938,0.76255524944983,nan,nan,33169.98152531289,63906.82151295918,2.582154318992989,-0.8894579578777135,1.926646279986324,0.9751734819938831,2.582154318992989,4.253547197911919,8.959863556034806,7.959863556034348,0.8845882661713668,nan,nan
CON8-0,moderate,SAA,search_sampled,6,certified_infeasible,-1.0,79290.32075665361,113150.02199406788,nan,44715.894174771485,0.7007539137801544,nan,nan,66976.42061400852,126575.1714737662,2.4410494274805026,-0.8386949507242998,1.8898467597011634,0.952073380632239,2.441049427480503,3.5212026234015217,3.186467081170873,2.186467081170543,0.8937503275835996,nan,nan
CON8-0,moderate,SAA,search_sampled,6,certified_feasible,1.0,41487.28134375206,63237.76920554572,nan,29489.400438206027,0.6560522590368949,nan,nan,37066.84725353401,73942.97131129871,2.6757554356246263,-0.9340809872220771,1.9948546151102418,0.8753074058440548,2.6757554356246245,5.50819936121532,4.78680910023195,3.786809100231487,0.8548818268714368,nan,nan
CON8-0,moderate,SAA,search_sampled,7,certified_infeasible,-1.0,71906.92730950996,96528.68639248726,nan,42968.976965855065,0.7449280622874654,nan,nan,62104.33831472576,122351.00463920788,2.565195730864427,-0.8986023770451446,1.970087886922979,0.9485813462696826,2.5651957308644273,4.441207973123941,1.0754571889920987,0.07545718899177117,0.886406919136898,nan,nan
CON8-0,moderate,SAA,search_sampled,7,ambiguous,-1.0,71906.92730950996,96528.68639248725,nan,43045.95421873622,0.7449280622874656,nan,nan,62104.33831472576,122351.00463920788,2.565195730864427,-0.8986023770451446,1.970087886922979,0.9485813462696826,2.5651957308644273,4.441207973123941,0.5597259192091983,-0.440274080791122,0.886406919136898,nan,nan
CON8-0,moderate,SAA,search_sampled,7,ambiguous,-1.0,55874.299750250575,81430.55632923702,nan,32021.88079582669,0.6861588851774716,nan,nan,52049.504372187235,97168.74542760299,2.670606172547532,-0.8926175782928872,1.8668524628550607,0.829582473922576,2.6706061725475316,4.315671710177892,0.6939726330035977,-0.30602736699681005,0.862696261987731,nan,nan
CON8-0,moderate,SAA,search_sampled,5,certified_feasible,1.0,21348.415220825093,31384.183264852985,nan,14471.666838862275,0.6802284781689092,nan,nan,16717.671212709545,35721.87855655939,2.4563673334456633,-0.9207995186290419,2.1367736033354916,0.7452945778612782,2.456367333445659,5.025173805026781,20.533058456001335,19.533058456000607,0.9205409566358873,nan,nan
CON8-0,moderate,SAA,search_sampled,5,ambiguous,-1.0,57937.41001870084,72661.49544479155,nan,35027.80206071619,0.7973605506471013,nan,nan,57937.41001870086,102054.46953436628,2.7614606780217743,-0.928633001733058,1.761460678021773,0.9069151705604543,3.0288303246862576,5.293784799527938,0.31322627685771165,-0.686773723142677,0.9305765430343194,nan,nan
CON8-0,moderate,SAA,search_sampled,7,certified_infeasible,-1.0,71654.81345285969,98514.27498314912,nan,44299.07946913334,0.7273546241406765,nan,nan,65983.9480582622,130560.60581418549,2.7429358113080644,-0.9440349226169621,1.9786722325087864,0.8965956625186797,2.742935811308065,5.978007334335471,2.3709618023116596,1.3709618023113126,0.9123049816563056,nan,nan
CON8-0,moderate,SAA,search_sampled,7,ambiguous,1.0,52779.79397265148,81101.04076146155,nan,35740.82138785418,0.6507905876065149,nan,nan,52779.79397265153,92294.47523509797,2.748670623514021,-0.8950198768695168,1.7486706235140181,0.7270365534034696,2.853832738019749,4.36477095752499,0.407599740860512,-0.5924002591399026,0.8799812335441434,nan,nan
CON8-0,moderate,SAA,search_sampled,7,certified_infeasible,-1.0,64518.79209484477,88131.91352713305,nan,38379.49327825342,0.7320707052954372,nan,nan,64518.792094844786,114324.23270719803,2.7719524652466774,-0.9222506831547423,1.771952465246677,0.8546666254936383,2.9693769966659924,5.071853575521851,2.610369539002022,1.6103695390016386,0.8754480065693037,nan,nan
CON8-0,moderate,SAA,search_sampled,7,certified_infeasible,-1.0,92710.24359961343,135582.0628359011,nan,49142.834261863536,0.6837943136462182,nan,nan,65607.82482200199,147216.13183721574,2.295581894686178,-0.8998153209323323,2.243880699240099,0.8168384186306159,2.2955818946861775,4.468012116527902,3.062627608382844,2.0626276083825545,0.9157357313988933,nan,nan
CON8-0,moderate,SAA,search_sampled,7,certified_infeasible,-1.0,57172.2911667384,100617.45739221486,nan,42308.63166341195,0.5682144296677689,nan,nan,53598.72395272798,102259.12082544088,2.7261080778383002,-0.9178212468014822,1.9078648386411121,0.7044634126228275,2.7261080778382984,4.933273846548844,2.435777279360148,1.4357772793597245,0.8721788760506374,nan,nan
CON8-0,moderate,SAA,search_sampled,5,certified_feasible,1.0,48117.45853946759,57255.11453772879,nan,28172.529427762896,0.8404045460036612,nan,nan,48117.45853946762,79284.45606601363,2.647727425191874,-0.8783501135964055,1.647727425191872,0.9750863091927015,2.9231371504908576,4.054703892359132,3.668822523944441,2.6688225239440335,0.9173789182348114,nan,nan
CON8-0,moderate,SAA,search_sampled,7,certified_feasible,1.0,46078.924329513866,73201.89441313065,nan,31139.567889139376,0.6294772109237712,nan,nan,43540.640327366025,77121.30719807999,2.618592974579513,-0.8517521681275559,1.771248806132232,0.8056372525344844,2.618592974579513,3.6729991054456947,3.309292625161176,2.3092926251607433,0.815774496519611,nan,nan
CON8-0,moderate,SAA,search_sampled,6,certified_feasible,1.0,44053.81141167581,70060.64416567254,nan,26554.792779926676,0.6287954091244391,nan,nan,36778.43610602893,78000.40398768276,2.6054236038993723,-0.957910395557853,2.1208189430027584,0.8878641088184323,2.605423603899372,6.893306286584042,4.921816195694745,3.921816195694314,0.8850145747445665,nan,nan
CON8-0,moderate,SAA,search_sampled,6,certified_feasible,1.0,37529.043278776095,54894.42184082676,nan,26360.568122409597,0.6836585944487447,nan,nan,37529.04327877608,68188.18494575402,2.816944397948899,-0.9412580762755506,1.8169443979489002,0.8443702536093217,3.00140697520178,5.83500073815803,6.014357941626242,5.014357941625742,0.874073712395176,nan,nan
CON8-0,moderate,SAA,search_sampled,7,ambiguous,-1.0,86362.91329614981,116668.92699780254,nan,43756.82352112254,0.7402392009465936,nan,nan,68077.47021607985,134574.99426962933,2.3465218662875253,-0.8342725674320355,1.9767919378097398,0.9499947525893777,2.3465218662875262,3.473903871484133,0.9522288622677062,-0.04777113773256976,0.8860579343163335,nan,nan
CON8-0,moderate,SAA,search_sampled,7,ambiguous,-1.0,86362.91329614981,116668.92699780253,nan,46095.17568926903,0.7402392009465937,nan,nan,68077.47021607986,134574.9942696293,2.346521866287525,-0.8342725674320355,1.976791937809739,0.9499947525893775,2.3465218662875262,3.473903871484133,0.9522288622677062,-0.04777113773256976,0.8860579343163335,nan,nan
CON8-0,moderate,SAA,search_sampled,5,certified_feasible,1.0,54029.18315914718,62411.825585118684,nan,31574.667339028103,0.8656882354043776,nan,nan,54029.18315914718,87614.57668815412,2.6216157928961934,-0.8874432288992912,1.6216157928961936,0.950535526514198,3.024251342720581,4.215306758350981,1.8792045737640164,0.879204573763632,0.9186611238382746,nan,nan
CON8-0,moderate,SAA,search_sampled,7,ambiguous,-1.0,66936.67197962213,89554.19055991685,nan,40047.29046739251,0.7474432135572449,nan,nan,63343.15213102522,117585.35935333882,2.702980386288775,-0.8967337496439843,1.8563231446094388,0.9387090987570288,2.7029803862887745,4.400842174148859,0.7501331754803194,-0.2498668245200256,0.8925456922671159,nan,nan
CON8-0,moderate,SAA,search_sampled,7,certified_feasible,1.0,45955.241280598304,75324.59271630892,nan,31956.26538372907,0.6100961136780007,nan,nan,45869.122376745356,82310.31945399345,2.7892235631641533,-0.8961829006222893,1.7944603076976025,0.7722084465316162,2.7892235631641538,4.389151306966145,2.165941025038349,1.165941025037899,0.8566020951451356,nan,nan
CON8-0,moderate,SAA,search_sampled,7,certified_feasible,1.0,45955.241280598326,75324.59271630894,nan,31508.15221742174,0.6100961136780008,nan,nan,45869.122376745356,82310.31945399345,2.789223563164152,-0.8961829006222893,1.7944603076976025,0.7722084465316161,2.7892235631641538,4.389151306966145,2.165941025038348,1.1659410250378979,0.8566020951451356,nan,nan
CON8-0,moderate,SAA,search_sampled,7,certified_feasible,1.0,48742.24921881555,77549.51388608583,nan,34591.1518632619,0.6285306867353689,nan,nan,43312.4346500668,88403.77664785065,2.7023006407975156,-0.9552651769749,2.04107151588428,0.8517599081268843,2.702300640797515,6.686396647439033,2.4767609534036454,1.4767609534032267,0.8997720353140104,nan,nan
CON8-0,moderate,SAA,search_sampled,7,certified_infeasible,-1.0,84317.62637454142,119640.19504757944,nan,45114.29008316005,0.7047600210030528,nan,nan,64015.62018132478,129641.05269730711,2.296751950990688,-0.8311394727358085,2.025147180174116,0.8522119522979767,2.2967519509906884,3.4415249889941264,1.7762225728054464,0.7762225728051527,0.8912495979335332,nan,nan
CON8-0,moderate,SAA,search_sampled,7,certified_infeasible,-1.0,67309.9950408472,90114.97794267409,nan,42911.93820161046,0.7469346004131069,nan,nan,67309.99504084722,123435.67604001917,2.83383873323883,-0.930686808055202,1.8338387332388295,0.8846860728871085,2.9082142463148193,5.371641845084966,2.73680157007953,1.7368015700791586,0.8970960124576409,nan,nan
CON8-0,moderate,SAA,search_sampled,7,ambiguous,1.0,53197.42029032024,76936.15295590473,nan,34888.708921437625,0.6914489254591384,nan,nan,53197.42029032025,90232.52420950054,2.6961823283359325,-0.928690660400275,1.6961823283359316,0.7466316050185908,3.1630670616263004,5.2959245676295925,0.13515234094714185,-0.8648476590532734,0.85432732139952,nan,nan
CON8-0,moderate,SAA,search_sampled,8,certified_infeasible,-1.0,63883.07509633176,91973.85430618846,nan,41331.74321990546,0.694578644966425,nan,nan,63883.07509633182,114846.34565340698,2.7977585687637263,-0.9586159001821611,1.7977585687637239,0.8571303251809181,3.157298704956655,6.951815562155195,1.0140711227802355,0.014071122779871334,0.8827106620402191,nan,nan
CON8-0,moderate,SAA,search_sampled,8,certified_infeasible,-1.0,63883.07509633176,91973.85430618846,nan,41252.30750798915,0.694578644966425,nan,nan,63883.07509633182,114846.34565340698,2.7977585687637263,-0.9586159001821611,1.7977585687637239,0.8571303251809181,3.157298704956655,6.951815562155195,1.0140711227802355,0.014071122779871334,0.8827106620402191,nan,nan
CON8-0,moderate,SAA,search_sampled,6,certified_feasible,1.0,35458.43950709153,51300.24167145298,nan,25102.611080157498,0.6911943950319257,nan,nan,35458.439507091534,62579.03056818543,2.7648557420489395,-0.888278111355882,1.7648557420489386,0.9039399113718511,2.793852265354181,4.2310276496231625,8.702942936278935,7.702942936278441,0.8282964987440394,nan,nan
CON8-0,moderate,SAA,search_sampled,3,certified_feasible,1.0,16518.09591910907,19776.029878327132,nan,12124.68214748777,0.8352584427075282,nan,nan,16518.095919109077,26379.94094036214,2.597032797820501,-0.897806950663269,1.5970327978204992,0.9415656129440549,3.1427639856162575,4.423889989868268,34.00380974639256,33.00380974639174,0.8915727802244398,nan,nan
CON8-0,moderate,SAA,search_sampled,8,certified_feasible,1.0,51048.13565910427,80828.54825925663,nan,34424.08896717062,0.6315607141101678,nan,nan,44909.28905804402,92179.14141039796,2.6854737924986827,-0.9551328309812198,2.0525629183588046,0.8519306112747517,2.685473792498683,6.676527835131632,1.801557664815437,0.8015576648150285,0.901593974532346,nan,nan
CON8-0,moderate,SAA,search_sampled,8,certified_feasible,1.0,51048.13565910427,80828.54825925663,nan,33573.580469417175,0.6315607141101678,nan,nan,44909.289058044014,92179.14141039796,2.6854737924986827,-0.9551328309812198,2.052562918358805,0.8519306112747517,2.6854737924986827,6.676527835131632,1.801557664815437,0.8015576648150285,0.9015939745323461,nan,nan
CON8-0,moderate,SAA,search_sampled,7,certified_infeasible,-1.0,85381.0267793153,128527.22576276187,nan,47810.594271096605,0.664303039862646,nan,nan,69956.52727082807,142285.98368550913,2.485827577418591,-0.8966041821762057,2.033920053444999,0.8747768954495497,2.485827577418592,4.398083915957751,2.1595460419814585,1.1595460419811627,0.8785014755721017,nan,nan
CON8-0,moderate,SAA,search_sampled,7,certified_infeasible,-1.0,74621.38827101131,106319.12969947216,nan,45814.95057884509,0.7018622940381516,nan,nan,71446.45851911187,131737.2431629802,2.7228614528607507,-0.8972938740137252,1.8438596662945943,0.9007170605936965,2.7228614528607475,4.4128262073043105,2.097874753692051,1.09787475369172,0.8662734376338658,nan,nan
CON8-0,moderate,SAA,search_sampled,7,certified_infeasible,-1.0,74621.38827101134,106319.12969947216,nan,46901.77786303785,0.7018622940381519,nan,nan,71446.45851911185,131737.24316298016,2.7228614528607493,-0.8972938740137256,1.8438596662945943,0.9007170605936964,2.722861452860749,4.41282620730432,1.9408454198181548,0.9408454198178258,0.8662734376338657,nan,nan
CON8-0,moderate,SAA,search_sampled,7,certified_infeasible,-1.0,58814.95812898971,83501.17159930065,nan,32688.655353532416,0.7043608730572866,nan,nan,58814.95812898974,94641.70615817937,2.609143475892926,-0.8560591821163354,1.6091434758929246,0.7041545249743659,2.85651952017012,3.7275460275470547,2.4374010988999464,1.437401098899533,0.8471209578997739,nan,nan
CON8-0,moderate,SAA,search_sampled,8,certified_infeasible,-1.0,58399.06409896375,99768.20750655877,nan,37682.347039631764,0.5853474323984882,nan,nan,56601.24833844653,108047.85868402336,2.8193792068902606,-0.9375620121675391,1.9089306659448992,0.7678068050135867,2.819379206890261,5.659662689902701,2.2834371570479677,1.283437157047554,0.8843519851331437,nan,nan
CON8-0,moderate,SAA,search_sampled,8,certified_infeasible,-1.0,58399.06409896375,99768.20750655877,nan,41347.67586989713,0.5853474323984882,nan,nan,56601.24833844653,108047.85868402338,2.819379206890261,-0.937562012167539,1.9089306659448997,0.767806805013587,2.81937920689026,5.659662689902696,2.2834371570479677,1.283437157047554,0.8843519851331437,nan,nan
CON8-0,moderate,SAA,search_sampled,8,certified_infeasible,-1.0,67683.02807360342,102922.12877880967,nan,43617.396383794,0.6576139541289635,nan,nan,64530.9983953351,112100.63388028937,2.6096886812384112,-0.839775157561907,1.7371594530977077,0.8385546800254142,2.6096886812384104,3.5330523396227913,1.6886675373120235,0.6886675373116685,0.7935211950566163,nan,nan
CON8-0,moderate,SAA,search_sampled,8,certified_infeasible,-1.0,67683.02807360342,102922.12877880967,nan,45107.91651436068,0.6576139541289635,nan,nan,64530.9983953351,112100.63388028937,2.6096886812384112,-0.839775157561907,1.7371594530977077,0.8385546800254142,2.6096886812384104,3.5330523396227913,1.6886675373120235,0.6886675373116685,0.7935211950566163,nan,nan
CON8-0,moderate,SAA,search_sampled,8,certified_infeasible,-1.0,67683.0280736034,102922.12877880968,nan,45047.056925819095,0.6576139541289633,nan,nan,64530.9983953351,112100.63388028937,2.6096886812384117,-0.839775157561907,1.7371594530977077,0.8385546800254144,2.6096886812384104,3.5330523396227913,1.6886675373120237,0.6886675373116689,0.7935211950566163,nan,nan
CON8-0,moderate,SAA,search_sampled,6,ambiguous,-1.0,64955.32922145486,78935.88205372082,nan,34927.68692678433,0.8228872286148482,nan,nan,64955.329221454886,90293.6039127399,2.3900876955745733,-0.8400330798583507,1.3900876955745722,0.7606240986109835,3.0935804018286963,3.5358994468676705,0.616459487844336,-0.38354051215601703,0.8135856723840411,nan,nan
CON8-0,moderate,SAA,search_sampled,7,certified_infeasible,-1.0,82376.1113945662,118405.59326260978,nan,45425.89526551599,0.6957113183991706,nan,nan,65327.758479706805,131690.35214036115,2.391689863538083,-0.861570379086867,2.015840665668469,0.8593639512045839,2.3916898635380806,3.8010228731665876,1.2036817685169265,0.20368176851663494,0.8855540320363507,nan,nan
CON8-0,moderate,SAA,search_sampled,7,certified_infeasible,-1.0,68868.5873489002,94236.90320262422,nan,41654.15568270746,0.7308027429638881,nan,nan,65827.23848401471,117805.60916822961,2.666423905603414,-0.8683959234755042,1.7896179739764895,0.8608638208082329,2.666423905603413,3.898345499591932,1.559323664687051,0.5593236646867034,0.8763847839782501,nan,nan
CON8-0,moderate,SAA,search_sampled,7,ambiguous,1.0,62023.973729600395,96845.91393920442,nan,40811.195110906134,0.6404397584449076,nan,nan,57296.44288931206,102836.94610111503,2.581798284781693,-0.8495435890081612,1.794822521526864,0.8702179196006179,2.5817982847816925,3.6459411043620236,0.4324906678183506,-0.5675093321820031,0.7763151896037846,nan,nan
CON8-0,moderate,SAA,search_sampled,6,certified_feasible,1.0,45652.62369602421,65313.54820957524,nan,27357.504192379187,0.698976321873313,nan,nan,40861.09407481502,79213.18784721887,2.6301726429031262,-0.9052627916687674,1.9385968398737126,0.851255019844528,2.6301726429031267,4.594674036513626,3.6807331082266113,2.6807331082261796,0.8826356512121178,nan,nan
CON8-0,moderate,SAA,search_sampled,8,ambiguous,-1.0,50487.63475517918,88521.05256574204,nan,38059.47317341845,0.5703460735250913,nan,nan,49275.65933830517,97469.15173844552,2.9065495301638617,-0.9764318855644827,1.9780385092214567,0.7422808427563184,2.906549530163859,9.211971352430277,0.9525206719412063,-0.04747932805924604,0.9022803861325008,nan,nan
CON8-0,moderate,SAA,search_sampled,7,certified_infeasible,-1.0,81369.99828782065,114242.59811682513,nan,38834.96166360792,0.712256195404548,nan,nan,63367.68737714632,127102.7407217293,2.340794298964425,-0.8411439090465994,2.00579737059442,0.8644748269866203,2.3407942989644246,3.548240609764931,1.1896846646123223,0.1896846646120276,0.8943144318431151,nan,nan
CON8-0,moderate,SAA,search_sampled,7,certified_infeasible,-1.0,56390.77790724498,79784.0061551654,nan,30567.433773784775,0.7067930105888034,nan,nan,56390.77790724499,94959.9861350365,2.6839630460716917,-0.8648732319741588,1.683963046071691,0.7994639937769167,2.7938214056733672,3.847195916840166,1.3823659189723898,0.38236591897197575,0.8520105863943686,nan,nan
CON8-0,moderate,SAA,search_sampled,7,certified_infeasible,-1.0,56390.77790724498,79784.00615516539,nan,30372.57717434318,0.7067930105888035,nan,nan,56390.77790724499,94959.9861350365,2.6839630460716917,-0.8648732319741588,1.683963046071691,0.7994639937769168,2.7938214056733672,3.847195916840166,1.122627937387404,0.12262793738699367,0.8520105863943686,nan,nan
CON8-0,moderate,SAA,search_sampled,7,certified_infeasible,-1.0,56390.77790724498,79784.00615516538,nan,30921.260888702614,0.7067930105888036,nan,nan,56390.77790724499,94959.9861350365,2.6839630460716917,-0.864873231974159,1.683963046071691,0.7994639937769167,2.793821405673368,3.8471959168401693,1.122627937387404,0.12262793738699367,0.8520105863943686,nan,nan
CON8-0,moderate,SAA,search_sampled,8,ambiguous,-1.0,60056.93294950487,92035.646146129,nan,41382.44812996335,0.6525399175679156,nan,nan,57455.13987566547,101303.89733882487,2.643475605855081,-0.8553266869955203,1.7631825030458432,0.8392208084334388,2.6434756058550803,3.7180975878856968,0.6251670050626659,-0.37483299493771416,0.8125990600112534,nan,nan
CON8-0,moderate,SAA,search_sampled,4,certified_feasible,1.0,27617.58197913546,38629.01154454138,nan,17330.63679774491,0.7149440504655643,nan,nan,27617.581979135473,43907.60414810203,2.5898424482372637,-0.8542993695910728,1.589842448237262,0.738391630971429,2.8754802495766087,3.704966473781224,12.727614418517167,11.727614418516557,0.8900783128943636,nan,nan
CON8-0,moderate,SAA,search_sampled,7,ambiguous,-1.0,51754.107754817305,75568.77301300172,nan,29229.692192112452,0.6848610304406152,nan,nan,51754.107754817305,91722.92497544434,2.772282992684899,-0.9034886003825423,1.7722829926848989,0.8188006854758882,2.8616573790646416,4.5522456639009565,0.5635680677636743,-0.4364319322367621,0.8557854443470732,nan,nan
CON8-0,moderate,SAA,search_sampled,8,ambiguous,1.0,55392.76893684656,89211.61980916803,nan,37082.252262078604,0.6209142828628923,nan,nan,49358.28028381267,100714.28691116333,2.7092447277021687,-0.9566573977010104,2.0404739859665075,0.8510656041553224,2.7092447277021687,6.792935741927225,0.5670631307333344,-0.43293686926705877,0.8950844055843813,nan,nan
CON8-0,moderate,SAA,search_sampled,8,ambiguous,1.0,55392.76893684656,89211.61980916803,nan,37148.575982819544,0.6209142828628923,nan,nan,49358.28028381267,100714.28691116335,2.709244727702169,-0.9566573977010102,2.040473985966508,0.8510656041553225,2.7092447277021683,6.7929357419272085,0.5670631307333344,-0.43293686926705877,0.8950844055843813,nan,nan
CON8-0,moderate,SAA,search_sampled,8,certified_infeasible,-1.0,63600.54178112708,102522.14578094706,nan,44913.00041483376,0.6203590580031222,nan,nan,59246.27153365125,111548.04405348944,2.685422337672954,-0.9009235886038492,1.8827858895750318,0.8430335687424906,2.6854223376729536,4.492932189137451,2.0403820948146776,1.0403820948142974,0.8482872164872813,nan,nan
CON8-0,moderate,SAA,search_sampled,6,certified_infeasible,-1.0,63712.32036003894,84003.73110618441,nan,36270.50706961154,0.7584463156702381,nan,nan,63712.32036003896,95499.42878559846,2.498916194637556,-0.8377517160865338,1.4989161946375555,0.8138403645322847,2.9141795010234595,3.510952402478149,1.5180452494648105,0.5180452494644382,0.8473222705615422,nan,nan
CON8-0,moderate,SAA,search_sampled,6,certified_infeasible,-1.0,63712.32036003895,84003.73110618441,nan,34426.24962453175,0.7584463156702382,nan,nan,63712.32036003896,95499.42878559846,2.4989161946375558,-0.8377517160865338,1.4989161946375555,0.8138403645322847,2.9141795010234595,3.510952402478149,1.51804524946481,0.5180452494644379,0.8473222705615422,nan,nan
CON8-0,moderate,SAA,search_sampled,6,certified_feasible,1.0,51701.70158533156,71092.42356035564,nan,28592.092366476965,0.7272462942754813,nan,nan,40465.52969849621,84156.01740628427,2.41039546636773,-0.887795379202321,2.079696423927244,0.9178432430645393,2.41039546636773,4.221916373287152,2.3818508202743027,1.381850820273908,0.9076183320225883,nan,nan
CON8-0,moderate,SAA,search_sampled,6,certified_feasible,1.0,51701.70158533156,71092.42356035564,nan,29216.16549878089,0.7272462942754813,nan,nan,40465.52969849621,84156.01740628427,2.41039546636773,-0.887795379202321,2.079696423927244,0.9178432430645393,2.41039546636773,4.221916373287152,2.3818508202743027,1.381850820273908,0.9076183320225883,nan,nan
CON8-0,moderate,SAA,search_sampled,6,certified_feasible,1.0,51701.70158533155,71092.42356035563,nan,28963.399248641297,0.7272462942754814,nan,nan,40465.52969849621,84156.01740628426,2.4103954663677305,-0.8877953792023211,2.0796964239272437,0.9178432430645392,2.4103954663677305,4.221916373287153,2.950770371217302,1.9507703712169153,0.9076183320225883,nan,nan
CON8-0,moderate,SAA,search_sampled,8,certified_infeasible,-1.0,62732.71172879802,98666.1621697018,nan,41596.41324674896,0.6358077617420682,nan,nan,52470.89831461217,108695.57796831087,2.569097873206366,-0.9321295473954618,2.0715402529718303,0.8364761069888405,2.569097873206366,5.4284347899139656,1.5077405170222207,0.5077405170218434,0.9082342957031251,nan,nan
CON8-0,moderate,SAA,search_sampled,5,ambiguous,-1.0,56705.88730144674,74710.5423237596,nan,34040.51670323621,0.7590078392914171,nan,nan,56705.88730144674,96556.86259131969,2.7027661004231605,-0.8629294989651093,1.7027661004231607,0.9372417422348369,2.757525238038507,3.8198208743670294,0.9735989230896023,-0.02640107691080377,0.9197693527253592,nan,nan
CON8-0,moderate,SAA,search_sampled,7,certified_infeasible,-1.0,75051.482571636,102043.44047913338,nan,43738.5808778292,0.7354856149424235,nan,nan,66503.87430671998,126322.41056670851,2.569253507942064,-0.8777237861912367,1.899474457444415,0.9280818146053571,2.5692535079420638,4.044305988650084,2.3707750204082547,1.3707750204079212,0.8939097758820775,nan,nan
CON8-0,moderate,SAA,search_sampled,6,certified_infeasible,-1.0,52639.768083535826,85306.8469894759,nan,32941.15105834715,0.6170638107165052,nan,nan,48224.45536004947,92055.39799356951,2.6649025719681014,-0.9042878889356247,1.9088945081136335,0.8189603711663133,2.6649025719681014,4.571213968933591,2.0039394512830686,1.0039394512826185,0.9089694317669466,nan,nan
CON8-0,moderate,SAA,search_sampled,7,certified_infeasible,-1.0,54492.11767068179,87360.94552415604,nan,33716.10857031703,0.6237583320983432,nan,nan,52639.4337061793,103583.85845904327,2.8668970640734495,-0.9656992285124982,1.96779963548285,0.8336202910984313,2.86689706407345,7.635949608480907,3.900736872170903,2.9007368721704396,0.8895377531010077,nan,nan
CON8-0,moderate,SAA,search_sampled,7,certified_infeasible,-1.0,54492.11767068175,87360.94552415604,nan,32638.16206610783,0.6237583320983427,nan,nan,52639.43370617931,103583.8584590433,2.8668970640734526,-0.965699228512498,1.96779963548285,0.8336202910984315,2.866897064073449,7.635949608480882,2.3334389383529937,1.333438938352553,0.8895377531010077,nan,nan
CON8-0,moderate,SAA,search_sampled,8,certified_infeasible,-1.0,67837.89128426448,110658.71328706975,nan,48509.63001764423,0.6130370512105999,nan,nan,61980.91242510112,121370.59423557748,2.7027890046341754,-0.9285595013115052,1.9581930869805109,0.8277692537385414,2.702789004634173,5.291060885559719,3.646059190616996,2.646059190616614,0.8610234869659413,nan,nan
CON8-0,moderate,SAA,search_sampled,5,certified_infeasible,-1.0,62057.26886631202,84652.19391187555,nan,40619.18017456287,0.7330851806500697,nan,nan,58104.48720268121,107641.83575190957,2.67086073851643,-0.8883074906027499,1.8525563331525707,0.9224009792990258,2.6708607385164296,4.231584071147797,1.3151029081642585,0.3151029081638802,0.9244268636826939,nan,nan
CON8-0,moderate,SAA,search_sampled,7,certified_infeasible,-1.0,78540.43455940846,109950.48528692748,nan,46609.3717481963,0.7143254925564798,nan,nan,65620.36131873299,135376.29393259296,2.559148754127288,-0.9266776422135248,2.063022683996505,0.9037958510026964,2.5591487541272873,5.222720526572057,3.0612926196510597,2.061292619650729,0.906137271666539,nan,nan
CON8-0,moderate,SAA,search_sampled,8,certified_infeasible,-1.0,66196.50644154608,104558.23383297962,nan,42809.872696672835,0.6331065858217133,nan,nan,54881.73291764241,115341.45356074611,2.571482932089502,-0.9426079220222736,2.1016365087055804,0.7995891796809932,2.5714829320895003,5.903220739579864,2.7363581580528447,1.7363581580524676,0.9143302327507015,nan,nan
CON8-0,moderate,SAA,search_sampled,3,certified_feasible,1.0,34477.21023002383,38112.17620480364,nan,19675.657824296297,0.9046245495075755,nan,nan,34477.210230023826,45531.93276730805,2.3206385453907,-0.7760208657157577,1.3206385453907006,0.8044231019407447,2.7848553051177087,2.9882107032628515,9.874999573221466,8.87499957322097,0.7987448788736116,nan,nan
CON8-0,moderate,SAA,search_sampled,5,certified_feasible,1.0,62246.166490621144,83328.44999069828,nan,27928.05723890844,0.7469977720402756,nan,nan,38196.84061843554,87923.32564823335,2.026151542772869,-0.7912897891460314,2.301848116877958,0.9831775007585121,2.0261515427728685,3.0955879640800443,3.5121484295836005,2.5121484295832923,0.8769518579862239,nan,nan
CON8-0,moderate,SAA,search_sampled,8,certified_infeasible,-1.0,61636.20751839203,92734.03245501588,nan,40290.78196226364,0.6646557459721272,nan,nan,59459.58221425447,113524.49876951813,2.806533496275785,-0.9351117483741264,1.9092717194084567,0.8297763792648978,2.806533496275783,5.5517763380862695,2.247908336835866,1.2479083368354722,0.9186777081610995,nan,nan
CON8-0,moderate,SAA,search_sampled,3,certified_feasible,1.0,31256.645743648518,34926.474192934096,nan,20255.056028658593,0.8949270278753756,nan,nan,31256.64574364852,50207.407526646326,2.6062954399657134,-0.8850883051585451,1.6062954399657128,0.9827505513975396,3.0364147277736766,4.171890325422322,12.595070834156024,11.595070834155502,0.9132908017067736,nan,nan
CON8-0,moderate,SAA,search_sampled,3,certified_feasible,1.0,31256.645743648518,34926.474192934096,nan,20255.056028658593,0.8949270278753756,nan,nan,31256.64574364852,50207.407526646326,2.6062954399657134,-0.8850883051585451,1.6062954399657128,0.9827505513975396,3.0364147277736766,4.171890325422322,12.595070834156024,11.595070834155502,0.9132908017067736,nan,nan
CON8-0,moderate,SAA,search_sampled,3,certified_feasible,1.0,37383.07493511649,38464.3184337132,nan,21878.128690653135,0.9718897008285732,nan,nan,37383.074935116514,57060.83382254483,2.526381495411542,-0.8866449069364254,1.5263814954115407,0.9809111529197544,3.20045549841047,4.200437034480986,8.410507405522303,7.410507405521835,0.9156211786092773,nan,nan
CON8-0,moderate,SAA,search_sampled,5,certified_feasible,1.0,55274.04280602402,71842.24814277372,nan,31946.305637558926,0.7693807506716197,nan,nan,53452.29099336671,95031.85373660144,2.6863268397256745,-0.8694443052419749,1.777881770276126,0.982955085691787,2.6863268397256745,3.913966351723747,2.3786012507072463,1.3786012507068777,0.87143118873004,nan,nan
CON8-0,moderate,SAA,search_sampled,8,ambiguous,-1.0,65920.51961423528,102059.01865840462,nan,43809.55286428031,0.6459058736873979,nan,nan,60391.58517926726,109566.10671722653,2.578221362499577,-0.8543585497897532,1.8142611489993001,0.8375393654316315,2.5782213624995767,3.70571913857048,0.7300437799692603,-0.2699562200310895,0.8037308523881009,nan,nan
CON8-0,moderate,SAA,search_sampled,5,ambiguous,1.0,65205.07732329775,74940.7617584654,nan,31996.60866816945,0.8700882642940589,nan,nan,65205.07732329779,87355.17659916895,2.3396989956172787,-0.7709374986668145,1.3396989956172771,0.8615628170531735,2.7400155882231765,2.9548674120135376,0.39779742902444076,-0.6022025709758965,0.7870022462313793,nan,nan
CON8-0,moderate,SAA,search_sampled,8,certified_infeasible,-1.0,70318.89572448716,99140.58759644967,nan,43156.61212838205,0.7092846373951223,nan,nan,70318.89572448719,121668.39240474204,2.7302375293469443,-0.8891462307800763,1.7302375293469434,0.8741413548089388,2.851349450107391,4.24756237933618,2.012589420559972,1.0125894205596244,0.8615069371539,nan,nan
CON8-0,moderate,SAA,search_sampled,8,certified_infeasible,-1.0,66788.06459545046,102047.20865474374,nan,45212.28288508319,0.654482033128554,nan,nan,65747.05881086677,115778.72685077852,2.717937505169309,-0.8714234575391189,1.7609719574503984,0.7657444643919107,2.717937505169308,3.9439747543150623,3.480422077907347,2.4804220779069626,0.8762175251170069,nan,nan
CON8-0,moderate,SAA,search_sampled,7,certified_infeasible,-1.0,59477.28994492633,94245.59752283426,nan,35946.655695969595,0.6310882577885497,nan,nan,56529.789283599086,108705.01433268547,2.7781158786704236,-0.9336627813796666,1.9229686809433044,0.8061630920735294,2.7781158786704214,5.490809400928671,3.138157723639095,2.1381577236386757,0.9238643192320002,nan,nan
CON8-0,moderate,SAA,search_sampled,5,ambiguous,-1.0,57640.08045505081,62138.8190005274,nan,29168.00869263249,0.927601801613925,nan,nan,57640.08045505084,84332.05751671329,2.4630801492804575,-0.9032292465421743,1.4630801492804562,0.84216834028908,3.491676590478981,4.546141368593112,0.02386698051343689,-0.9761330194869495,0.8751589725935448,nan,nan
CON8-0,moderate,SAA,search_sampled,5,certified_feasible,1.0,60256.508051728626,81867.45551556136,nan,32694.213824063252,0.7360251723015268,nan,nan,44506.98963418527,91337.24774441306,2.254432620987257,-0.8231584167404743,2.0522000812712355,0.985220560865923,2.254432620987257,3.3629685090921466,3.861309889916081,2.8613098899157663,0.8730161561240577,nan,nan
CON8-0,moderate,SAA,search_sampled,2,certified_feasible,1.0,10835.941697680055,14432.49493739727,nan,9062.943658065418,0.7508016974668822,nan,nan,9204.015771009383,18064.84248341673,2.516519469670486,-0.8830107831507681,1.9627131170632057,1.0,2.5165194696704845,4.134681691107708,56.45110783554659,55.4511078355454,0.9166549012022795,nan,nan
CON8-0,moderate,SAA,search_sampled,2,certified_feasible,1.0,10835.941697680055,14432.49493739727,nan,9062.943658065418,0.7508016974668822,nan,nan,9204.015771009383,18064.84248341673,2.516519469670486,-0.8830107831507681,1.9627131170632057,1.0,2.5165194696704845,4.134681691107708,56.45110783554659,55.4511078355454,0.9166549012022795,nan,nan
CON8-0,moderate,SAA,search_sampled,2,certified_feasible,1.0,10835.941697680055,14432.49493739727,nan,9062.943658065418,0.7508016974668822,nan,nan,9204.015771009383,18064.84248341673,2.516519469670486,-0.8830107831507681,1.9627131170632057,1.0,2.5165194696704845,4.134681691107708,56.45110783554659,55.4511078355454,0.9166549012022795,nan,nan
CON8-0,moderate,SAA,search_sampled,7,certified_infeasible,-1.0,80593.6537649254,101600.50882375824,nan,47234.9467449929,0.7932406510357889,nan,nan,80593.65376492542,139436.06708487312,2.7301122429760856,-0.8832555872737938,1.7301122429760851,0.9795378150950846,2.82036123434981,4.139014476881252,2.4549134790886695,1.4549134790883544,0.8871718711166535,nan,nan
CON8-0,moderate,SAA,search_sampled,7,certified_infeasible,-1.0,59477.28994492633,94245.59752283423,nan,36113.6488988939,0.6310882577885499,nan,nan,56529.78928359909,108705.01433268547,2.7781158786704236,-0.9336627813796665,1.922968680943304,0.8061630920735295,2.7781158786704214,5.490809400928667,4.20130461117675,3.2013046111763157,0.923864319232,nan,nan
CON8-0,moderate,SAA,search_sampled,2,certified_feasible,1.0,10835.941697680055,14432.49493739727,nan,9062.943658065418,0.7508016974668822,nan,nan,9204.015771009383,18064.84248341673,2.516519469670486,-0.8830107831507681,1.9627131170632057,1.0,2.5165194696704845,4.134681691107708,56.45110783554659,55.4511078355454,0.9166549012022795,nan,nan
CON8-0,moderate,SAA,search_sampled,2,certified_feasible,1.0,22867.01456856203,20942.091873097335,nan,14129.78579493585,1.0919164478471939,nan,nan,22867.01456856204,33023.81623597844,2.4441682422934288,-0.889968717367154,1.4441682422934274,1.0,3.4055586114442145,4.263408140063896,21.643489596756663,20.64348959675602,0.906102440436245,nan,nan
CON8-0,moderate,SAA,search_sampled,8,ambiguous,-1.0,56449.718028965304,87779.8183094698,nan,38249.49037123271,0.6430831040222765,nan,nan,48725.55273344708,100944.71258443127,2.6513908402709823,-0.9532660479686448,2.0716996918772552,0.8284043884383891,2.6513908402709823,6.541822310450479,0.3857171326965571,-0.6142828673038423,0.9148834364596361,nan,nan
CON8-0,moderate,SAA,search_sampled,5,certified_feasible,1.0,43544.2581695897,67072.08881024629,nan,22623.638709766456,0.6492157757719579,nan,nan,34178.67075952889,65304.649727586766,2.2846484167823644,-0.7922793457396528,1.9106843032911123,0.8349666618455069,2.2846484167823635,3.1029527105100043,3.3458357430341237,2.345835743033665,0.8662283599593785,nan,nan
CON8-0,moderate,SAA,search_sampled,5,certified_feasible,1.0,41491.227616744465,59873.29705224881,nan,22262.63483823811,0.6929838452112781,nan,nan,36560.25389131258,63193.58417064097,2.4042151508116922,-0.7809471725142442,1.7284777167714631,0.8351917600158857,2.404215150811691,3.0216250077510476,4.668020995298315,3.6680209952978515,0.8645982196107475,nan,nan
CON8-0,moderate,SAA,search_sampled,5,certified_feasible,1.0,37595.27551247631,49301.7070429987,nan,22210.63017706938,0.76255524944983,nan,nan,33169.98152531289,63906.82151295918,2.582154318992989,-0.8894579578777135,1.926646279986324,0.9751734819938831,2.582154318992989,4.253547197911919,8.959863556034806,7.959863556034348,0.8845882661713668,nan,nan
CON8-0,moderate,SAA,search_sampled,4,certified_feasible,1.0,37834.5806556042,40291.94123522996,nan,21720.486008334447,0.9390111147715781,nan,nan,37834.5806556042,58713.704748855154,2.5518529274397617,-0.9519919497569376,1.5518529274397617,0.8400062843302822,3.7891838601530856,6.454431019094341,6.2372061574930235,5.2372061574925315,0.8966467744476813,nan,nan
CON8-0,moderate,SAA,search_sampled,7,certified_infeasible,-1.0,65556.25128718695,101302.19945510862,nan,36402.76821853646,0.6471355176867385,nan,nan,63755.76645595612,108040.98752618511,2.6206006385194134,-0.830403510542356,1.694607304279248,0.8181284078322268,2.6206006385194134,3.4340496395164473,2.959531298654816,1.9595312986544329,0.8748011414360086,nan,nan
CON8-0,moderate,SAA,search_sampled,3,certified_feasible,1.0,31256.645743648518,34926.474192934096,nan,20255.056028658593,0.8949270278753756,nan,nan,31256.64574364852,50207.407526646326,2.6062954399657134,-0.8850883051585451,1.6062954399657128,0.9827505513975396,3.0364147277736766,4.171890325422322,12.595070834156024,11.595070834155502,0.9132908017067736,nan,nan
CON8-0,moderate,SAA,search_sampled,6,certified_infeasible,-1.0,67327.66833152613,85006.1459154134,nan,37397.44030003045,0.79203294781205,nan,nan,67327.66833152615,107790.86254229075,2.6009890913126688,-0.9201339087073269,1.600989091312668,0.8492612806939458,3.311502075729795,5.00418990782398,3.890442092873451,2.890442092873063,0.8892791947754646,nan,nan
CON8-0,moderate,SAA,search_sampled,8,certified_infeasible,-1.0,64367.391578447525,101715.1183045334,nan,39802.39548808129,0.6328202990014975,nan,nan,55586.43268165756,113396.29099565494,2.6252846283411286,-0.9364474181571999,2.039999430168029,0.8684325581106386,2.625284628341129,5.6098131808840925,2.4039260049562676,1.403926004955886,0.9017481780645321,nan,nan
CON8-0,moderate,SAA,search_sampled,7,certified_infeasible,-1.0,65556.25128718695,101302.19945510861,nan,35865.18953487082,0.6471355176867386,nan,nan,63755.76645595612,108040.98752618511,2.6206006385194134,-0.830403510542356,1.694607304279248,0.8181284078322266,2.6206006385194134,3.4340496395164473,2.876704728078129,1.876704728077747,0.8748011414360086,nan,nan
CON8-0,moderate,SAA,search_sampled,6,certified_infeasible,-1.0,68205.3713458722,77344.08174741453,nan,36369.78132993826,0.8818434430266177,nan,nan,68205.37134587219,108628.33481998915,2.5926653968223476,-0.943413451171073,1.592665396822348,0.8157691327772747,3.5562737539738425,5.945089459518951,3.603125212685626,2.6031252126852458,0.9135885047667199,nan,nan
CON8-0,moderate,SAA,search_sampled,7,certified_infeasible,-1.0,65556.25128718695,101302.19945510861,nan,35865.18953487082,0.6471355176867386,nan,nan,63755.76645595612,108040.98752618511,2.6206006385194134,-0.830403510542356,1.694607304279248,0.8181284078322266,2.6206006385194134,3.4340496395164473,2.876704728078129,1.876704728077747,0.8748011414360086,nan,nan
CON8-0,moderate,SAA,search_sampled,5,certified_infeasible,-1.0,63953.852930600115,89079.8494776674,nan,39334.11448366148,0.7179384934483252,nan,nan,53486.35325906558,105359.36466753327,2.4837552492571664,-0.8758461020110362,1.9698363834456327,0.890338720824771,2.4837552492571655,4.013606747450962,3.516475036482942,2.516475036482542,0.9261438881564878,nan,nan
CON8-0,moderate,SAA,search_sampled,5,certified_feasible,1.0,55274.04280602402,71842.24814277372,nan,31946.305637558926,0.7693807506716197,nan,nan,53452.29099336671,95031.85373660144,2.6863268397256745,-0.8694443052419749,1.777881770276126,0.982955085691787,2.6863268397256745,3.913966351723747,2.3786012507072463,1.3786012507068777,0.87143118873004,nan,nan
CON8-0,moderate,SAA,search_sampled,5,certified_feasible,1.0,41491.227616744465,59873.29705224881,nan,22262.63483823811,0.6929838452112781,nan,nan,36560.25389131258,63193.58417064097,2.4042151508116922,-0.7809471725142442,1.7284777167714631,0.8351917600158857,2.404215150811691,3.0216250077510476,4.668020995298315,3.6680209952978515,0.8645982196107475,nan,nan
CON8-0,moderate,SAA,search_sampled,6,ambiguous,-1.0,60454.51864914374,69509.69717893637,nan,31844.208550628613,0.8697278380240644,nan,nan,60454.51864914378,90831.82944835439,2.5024820555682474,-0.9013057070487764,1.5024820555682457,0.8240151489242011,3.377230198241168,4.501621514720708,0.5978154921296522,-0.402184507870725,0.8775041618567064,nan,nan
CON8-0,moderate,SAA,search_sampled,7,certified_infeasible,-1.0,55013.061173595146,88640.5317541335,nan,29860.38404866333,0.6206309922213409,nan,nan,47584.22832089666,91990.14711349802,2.5371134137394047,-0.8795426341838012,1.933206660264373,0.8219820233926182,2.5371134137394047,4.074725122985322,1.146662096331436,0.14666209633101585,0.8918925335647195,nan,nan
CON8-0,moderate,SAA,search_sampled,6,certified_infeasible,-1.0,60985.15319655773,72132.34420997316,nan,33667.63635396928,0.8454619611284697,nan,nan,60985.15319655777,96116.68447839678,2.576066951387474,-0.9235177622318471,1.5760669513874725,0.8131584985789427,3.4033320413756263,5.113693624242345,2.1148355792324303,1.1148355792320346,0.8992486303542472,nan,nan
CON8-0,moderate,SAA,search_sampled,3,certified_feasible,1.0,36091.19633531777,50054.83257684137,nan,23840.359488525908,0.721033204534499,nan,nan,25922.488963374028,55995.790629786025,2.269757944072285,-0.8628462997434513,2.1601240030964104,0.9567647147934731,2.2697579440722855,3.818662122054903,8.58493745440291,7.584937454402423,0.9066531494395564,nan,nan
CON8-0,moderate,SAA,search_sampled,8,certified_infeasible,-1.0,64367.39157844754,101715.1183045334,nan,38370.57995173323,0.6328202990014977,nan,nan,55586.43268165756,113396.29099565496,2.625284628341128,-0.9364474181571998,2.0399994301680295,0.8684325581106387,2.625284628341129,5.609813180884088,2.4039260049562667,1.4039260049558855,0.9017481780645321,nan,nan
CON8-0,moderate,SAA,search_sampled,3,certified_feasible,1.0,36091.19633531777,50054.83257684137,nan,23840.359488525908,0.721033204534499,nan,nan,25922.488963374028,55995.790629786025,2.269757944072285,-0.8628462997434513,2.1601240030964104,0.9567647147934731,2.2697579440722855,3.818662122054903,8.58493745440291,7.584937454402423,0.9066531494395564,nan,nan
CON8-0,moderate,SAA,search_sampled,8,certified_infeasible,-1.0,64367.39157844754,101715.1183045334,nan,41920.79559408175,0.6328202990014977,nan,nan,55586.43268165756,113396.29099565494,2.6252846283411277,-0.9364474181571999,2.039999430168029,0.8684325581106386,2.625284628341129,5.6098131808840925,2.4039260049562667,1.4039260049558855,0.9017481780645321,nan,nan
CON8-0,moderate,SAA,search_sampled,3,certified_feasible,1.0,36091.19633531777,50054.83257684137,nan,23840.359488525908,0.721033204534499,nan,nan,25922.488963374028,55995.790629786025,2.269757944072285,-0.8628462997434513,2.1601240030964104,0.9567647147934731,2.2697579440722855,3.818662122054903,8.58493745440291,7.584937454402423,0.9066531494395564,nan,nan
CON8-0,moderate,SAA,search_sampled,8,certified_infeasible,-1.0,64367.391578447554,101715.11830453342,nan,43496.15099564307,0.6328202990014977,nan,nan,55586.43268165756,113396.29099565496,2.6252846283411277,-0.9364474181571998,2.0399994301680295,0.8684325581106387,2.625284628341129,5.609813180884088,2.4039260049562663,1.4039260049558848,0.901748178064532,nan,nan
CON8-0,moderate,SAA,search_sampled,6,certified_infeasible,-1.0,84027.74496503046,115940.2375002115,nan,46152.80752931105,0.7247504988496956,nan,nan,64512.32135311362,135720.0803996268,2.3829319927134835,-0.8863519912253298,2.103785409561555,0.9181637160704791,2.3829319927134835,4.195020451176365,1.8731086260999068,0.873108626099611,0.9178297951969197,nan,nan
CON8-0,moderate,SAA,search_sampled,6,certified_infeasible,-1.0,84027.74496503049,115940.23750021149,nan,48238.28486392623,0.7247504988496959,nan,nan,64512.32135311362,135720.0803996268,2.3829319927134827,-0.88635199122533,2.103785409561555,0.9181637160704791,2.3829319927134844,4.195020451176369,1.8731086260999061,0.8731086260996104,0.9178297951969197,nan,nan
CON8-0,moderate,SAA,search_sampled,3,certified_feasible,1.0,26880.69143666747,37648.40034166958,nan,17671.042395387332,0.7139929238086561,nan,nan,20569.345859921363,41797.43396704029,2.3201330209046724,-0.8418487048124316,2.0320254349206652,0.9319152460301459,2.320133020904671,3.5561381264452936,12.508739514189132,11.508739514188498,0.9184387902952228,nan,nan
CON8-0,moderate,SAA,search_sampled,6,certified_feasible,1.0,48049.993279588794,58216.49744087119,nan,25993.015353469338,0.8253672995080437,nan,nan,48049.9932795888,64393.180504821976,2.3401288139654253,-0.7300768006282226,1.3401288139654248,0.8330186448897426,2.5545806721128916,2.7220424353839476,4.86100431523099,3.861004315230599,0.7945747249091425,nan,nan
CON8-0,moderate,SAA,search_sampled,7,ambiguous,-1.0,81380.52075134609,109851.52304750435,nan,42058.77958866965,0.7408228715787015,nan,nan,62949.43890137989,126412.22270915177,2.326867165044523,-0.8369312830247786,2.0081548766017794,0.9534985601225264,2.326867165044523,3.502109094797353,0.24657535242059994,-0.7534246475796812,0.8799452482126686,nan,nan
CON8-0,moderate,SAA,search_sampled,6,certified_feasible,1.0,49283.88830773378,69325.37825350046,nan,30561.069803755472,0.7109068792602697,nan,nan,49283.8883077338,87745.42647700841,2.7804079485189312,-0.9085140932559138,1.78040794851893,0.9002155513549083,2.875735433217994,4.675605915281715,1.2762372380080755,0.27623723800764455,0.8385127515458674,nan,nan
CON8-0,moderate,SAA,search_sampled,8,ambiguous,-1.0,59281.94351170523,85572.54367834536,nan,43011.03164526509,0.6927682754708958,nan,nan,59281.94351170524,107072.62908720011,2.8061592239474846,-0.9601023630527672,1.8061592239474837,0.8572123036608502,3.149182101956692,7.080132915393776,0.04404635626349682,-0.9559536437368796,0.8737096061744685,nan,nan
CON8-0,moderate,SAA,search_sampled,8,certified_infeasible,-1.0,64944.437927298735,102669.76528596548,nan,42702.64748261171,0.6325566026805397,nan,nan,62310.51617322633,113535.13637909008,2.7076322186230124,-0.8873536357354203,1.8220862761505099,0.7921725190477035,2.7076322186230137,4.213630105070116,2.5958376855629606,1.5958376855625795,0.8635888101048154,nan,nan
CON8-0,moderate,SAA,search_sampled,8,certified_infeasible,-1.0,64944.437927298735,102669.76528596548,nan,44815.86576221519,0.6325566026805397,nan,nan,62310.51617322633,113535.13637909008,2.7076322186230124,-0.8873536357354201,1.8220862761505099,0.7921725190477035,2.7076322186230133,4.213630105070115,2.5958376855629606,1.5958376855625795,0.8635888101048155,nan,nan
CON8-0,moderate,SAA,search_sampled,6,certified_infeasible,-1.0,68050.87747016086,95155.55032201367,nan,38317.69373217531,0.7151540529151634,nan,nan,65069.574101423925,113375.77945451876,2.622234425032769,-0.8442907169389924,1.7423777705660095,0.963809623838814,2.6222344250327674,3.583915366265856,2.1484771623548893,1.1484771623545296,0.9008307085518279,nan,nan
CON8-0,moderate,SAA,search_sampled,6,ambiguous,-1.0,63379.24634273195,86820.27933130134,nan,34230.07066108927,0.7300050959393979,nan,nan,47894.568518331755,102006.07965380863,2.3651377512684846,-0.8885615653471981,2.1298047525945574,0.91183258412669,2.3651377512684846,4.236405237764147,0.4078591285652905,-0.5921408714350677,0.9153192254230307,nan,nan
CON8-0,moderate,SAA,search_sampled,7,certified_infeasible,-1.0,52348.52944442352,78905.07562729936,nan,33557.62928319749,0.6634367818324747,nan,nan,51252.2065572154,99773.77759651393,2.885009106398452,-0.9622551923656799,1.9467216008569597,0.8136892863112883,2.8850091063984515,7.279245885664316,2.447227938356292,1.4472279383558337,0.9093187094117502,nan,nan
CON8-0,moderate,SAA,search_sampled,7,certified_infeasible,-1.0,52348.529444423526,78905.07562729935,nan,32783.35937385827,0.6634367818324749,nan,nan,51252.2065572154,99773.77759651393,2.8850091063984515,-0.9622551923656799,1.9467216008569597,0.8136892863112883,2.8850091063984515,7.279245885664316,2.2467379904772313,1.2467379904767757,0.9093187094117502,nan,nan
CON8-0,moderate,SAA,search_sampled,7,certified_infeasible,-1.0,88617.86300219707,119862.0598303334,nan,42598.04560492055,0.7393320549274477,nan,nan,66704.36153684881,137740.81265635026,2.3070424772952416,-0.8472477772771413,2.064944622553047,0.9579590404207272,2.3070424772952407,3.61843877472183,1.032932847543103,0.03293284754283215,0.8922852875304164,nan,nan
CON8-0,moderate,SAA,search_sampled,7,ambiguous,-1.0,88617.86300219706,119862.05983033338,nan,43503.485972957074,0.7393320549274477,nan,nan,66704.36153684881,137740.81265635026,2.307042477295242,-0.8472477772771414,2.064944622553047,0.9579590404207272,2.3070424772952407,3.6184387747218314,0.826836386182475,-0.17316361381779288,0.8922852875304164,nan,nan
CON8-0,moderate,SAA,search_sampled,7,certified_infeasible,-1.0,72112.52638981357,94962.90743643999,nan,43166.73005413759,0.7593757219162598,nan,nan,66974.85951566132,124158.87772708782,2.6504928728963266,-0.8839396853209374,1.8538131863950333,0.9746370413232646,2.6504928728963266,4.1511949174656,1.124236379771259,0.12423637977093144,0.8846636665550232,nan,nan
CON8-0,moderate,SAA,search_sampled,8,certified_infeasible,-1.0,65368.69778720218,102869.69409209136,nan,42619.51261268204,0.6354514647305415,nan,nan,60395.95104927901,110682.89718594243,2.617137162379194,-0.8695331198231319,1.8326211486533706,0.8124193447506602,2.6171371623791937,3.9152983301623707,1.7695278798941705,0.7695278798938031,0.8350647674263503,nan,nan
CON8-0,moderate,SAA,search_sampled,6,certified_infeasible,-1.0,64680.90064168846,91138.85159747572,nan,35495.767206601886,0.7096962437858931,nan,nan,57832.84500281645,105500.83008062687,2.525222646299558,-0.843365622169363,1.8242372491875334,0.9543236855732774,2.525222646299556,3.573316252397166,1.4423464881403707,0.44234648814000443,0.9007788058025076,nan,nan
CON8-0,moderate,SAA,search_sampled,6,certified_infeasible,-1.0,64680.90064168846,91138.85159747572,nan,35227.401101286865,0.7096962437858931,nan,nan,57832.84500281645,105500.83008062685,2.5252226462995577,-0.8433656221693631,1.8242372491875332,0.9543236855732773,2.525222646299557,3.5733162523971673,1.4423464881403707,0.44234648814000443,0.9007788058025076,nan,nan
CON8-0,moderate,SAA,search_sampled,7,certified_infeasible,-1.0,51519.0626884256,76736.00480546524,nan,30909.90035092068,0.6713805705552752,nan,nan,49826.05331913164,95052.513120637,2.8121351375501136,-0.9357295838825247,1.9076869787746125,0.8227060890826864,2.812135137550115,5.578397299523304,1.4595626090961085,0.45956260909565744,0.8894174875757233,nan,nan
CON8-0,moderate,SAA,search_sampled,8,certified_infeasible,-1.0,61568.038488772705,93835.93425929162,nan,41754.25783949783,0.6561243192681938,nan,nan,61568.038488772756,115549.20899389348,2.8767726214789935,-0.9632292743751565,1.8767726214789913,0.8489000242164424,3.021075370308347,7.375031807771822,1.0434087655578468,0.04340876555746955,0.8923321001284295,nan,nan
CON8-0,moderate,SAA,search_sampled,7,ambiguous,1.0,50980.358547040436,68381.40053294449,nan,31190.680739049327,0.7455296052686043,nan,nan,50980.35854704044,80365.95173168261,2.5764100924776274,-0.8380607938630135,1.576410092477627,0.8020508674523492,2.806397434336042,3.514301313768497,0.9918433296761281,-0.008156670324292487,0.8901413483038181,nan,nan
CON8-0,moderate,SAA,search_sampled,7,ambiguous,-1.0,81526.92583850447,109684.27464069036,nan,44083.0507688497,0.7432872771012504,nan,nan,61752.70367769229,125648.06900318035,2.298636563975099,-0.8347734085168923,2.0346974548511922,0.9640809544597561,2.2986365639750983,3.479165001880424,0.09399492691147875,-0.9060050730887997,0.8846070517959818,nan,nan
CON8-0,moderate,SAA,search_sampled,8,ambiguous,-1.0,62519.857682599795,97294.96196433138,nan,41261.173678627325,0.6425806272016403,nan,nan,58001.35880948792,104105.8048470757,2.5928907976654023,-0.8523492443907974,1.7948856196459655,0.8478893343506542,2.5928907976654023,3.6804181259100393,0.01474773686222607,-0.9852522631381312,0.7986725384879331,nan,nan
CON8-0,moderate,SAA,search_sampled,6,ambiguous,1.0,57137.76486497399,81014.65825509226,nan,30990.870685318267,0.7052768732920321,nan,nan,52555.70915094745,93652.62555713911,2.5588738910876385,-0.8399254377665053,1.7819686399465278,0.9645558879992652,2.5588738910876385,3.534710389672172,0.3755386119403813,-0.6244613880600027,0.8946849538314569,nan,nan
CON8-0,moderate,SAA,search_sampled,7,certified_infeasible,-1.0,88873.09213768881,119273.31198259033,nan,43585.589280987624,0.7451213574974855,nan,nan,72019.10838444579,140789.91508840155,2.394527053735767,-0.8437308249540386,1.9548966690458005,0.971004217241067,2.3945270537357666,3.577489255467115,1.1653471755587228,0.16534717555845088,0.8830890141390603,nan,nan
CON8-0,moderate,SAA,search_sampled,4,certified_feasible,1.0,39818.143336002984,46258.63850564595,nan,25000.47959747885,0.860772055172854,nan,nan,39818.14333600299,67269.81465056987,2.6894262015915116,-0.9155056455009859,1.689426201591511,0.9560540994928987,3.083356089096007,4.865205080607321,5.511515267817976,4.511515267817502,0.9221312949361411,nan,nan
CON8-0,moderate,SAA,search_sampled,8,certified_infeasible,-1.0,64930.62031070537,101048.12057732337,nan,42509.25088063179,0.6425712812839462,nan,nan,61728.603423462395,111944.65169800117,2.674751208141921,-0.8774031768489353,1.8134972361200736,0.8144565000638303,2.674751208141919,4.039014289039817,1.0668026053840354,0.0668026053836758,0.839538894467832,nan,nan
CON8-0,moderate,SAA,search_sampled,6,certified_infeasible,-1.0,62558.26584818137,88538.83115970105,nan,36587.147961212955,0.7065630416482742,nan,nan,58951.32245658305,105369.05108016786,2.6266772473445705,-0.8584166415140421,1.787390794460479,0.9428255816246957,2.626677247344569,3.758451002136046,1.3389583245929182,0.3389583245925424,0.9026875059794055,nan,nan
CON8-0,moderate,SAA,search_sampled,8,certified_infeasible,-1.0,61393.21371190111,90237.47763238136,nan,41179.58884502953,0.6803516157888527,nan,nan,61393.21371190115,113834.1304597765,2.8541810010787843,-0.9682609617964404,1.8541810010787823,0.8289406580617908,3.1006767598197453,7.938128352649421,1.402642486340583,0.40264248634019983,0.8981766053020581,nan,nan
CON8-0,moderate,SAA,search_sampled,7,certified_infeasible,-1.0,66193.1143998985,91687.45589575775,nan,38163.429544339306,0.7219429719497884,nan,nan,62746.24687987569,99578.10963502775,2.452284621845083,-0.7579330684675232,1.5869970649505887,0.8162527682823723,2.452284621845082,2.8744004044436604,1.8679633163393419,0.8679633163389773,0.865165231727082,nan,nan
CON8-0,moderate,SAA,search_sampled,7,certified_infeasible,-1.0,84317.62637454139,119640.19504757943,nan,41082.98843195484,0.7047600210030526,nan,nan,64015.62018132478,129641.0526973071,2.296751950990689,-0.8311394727358086,2.0251471801741157,0.8522119522979769,2.2967519509906893,3.4415249889941277,1.7762225728054468,0.7762225728051533,0.8912495979335332,nan,nan
CON8-0,moderate,SAA,search_sampled,7,certified_infeasible,-1.0,67712.20869583331,96848.82208594379,nan,42012.94461588396,0.699153662764689,nan,nan,61490.809446452295,118323.90011793654,2.655572946558658,-0.9068874227981798,1.9242534158047782,0.8717775124941843,2.6555729465586557,4.634584706106205,1.5753570455928998,0.5753570455925467,0.8915699379258623,nan,nan
CON8-0,moderate,SAA,search_sampled,8,certified_infeasible,-1.0,62423.46547161992,109795.85126081567,nan,44462.89096233707,0.5685412040144893,nan,nan,61447.51431713029,109627.57633021729,2.7405574066554315,-0.8830692792584909,1.7840848006386385,0.758269833548103,2.7405574066554315,4.135715775832769,3.085879870373413,2.0858798703730117,0.8125064470223506,nan,nan
CON8-0,moderate,SAA,search_sampled,6,certified_infeasible,-1.0,60133.28670486872,95861.26125962967,nan,35356.595471244866,0.6272949668584511,nan,nan,54935.96961065389,104596.70821313545,2.6529845043522746,-0.8999478870553852,1.9039749176075471,0.8797943569762554,2.6529845043522737,4.470971129381846,2.831241423022073,1.8312414230216616,0.9007475895669154,nan,nan
CON8-0,moderate,SAA,search_sampled,7,certified_infeasible,-1.0,66420.25014695214,96398.01011522999,nan,37409.86375597249,0.6890209670049855,nan,nan,51154.904064065915,107192.35696089531,2.384020847175737,-0.8840637118052257,2.0954463491251714,0.8096264616428892,2.3840208471757367,4.1534147594858135,2.7531221854998504,1.7531221854994743,0.9104416640954113,nan,nan
CON8-0,moderate,SAA,search_sampled,7,certified_infeasible,-1.0,60161.3075380342,88776.86058345035,nan,32253.273703571675,0.677668788270368,nan,nan,57005.63781101564,101019.13092222501,2.626684412291685,-0.8539421191778472,1.7720901791700383,0.8155008340774161,2.6266844122916853,3.7004326165415358,2.529115242226123,1.5291152422257164,0.8472460905565852,nan,nan
CON8-0,moderate,SAA,search_sampled,8,certified_infeasible,-1.0,61611.66996807949,98713.19258892334,nan,38400.10034307848,0.6241482860822087,nan,nan,59173.062431821825,102952.29934346215,2.6314067101131946,-0.8457505403301602,1.7398507887280974,0.7766203333603078,2.6314067101131906,3.6008345925482703,2.677038657599315,1.6770386575989147,0.8220146855319904,nan,nan
CON8-0,moderate,SAA,search_sampled,8,certified_infeasible,-1.0,61611.66996807954,98713.19258892334,nan,38807.27406487711,0.6241482860822093,nan,nan,59173.062431821825,102952.29934346212,2.631406710113192,-0.8457505403301604,1.7398507887280967,0.7766203333603074,2.631406710113193,3.6008345925482725,2.106295058371829,1.1062950583714368,0.8220146855319905,nan,nan
CON8-0,moderate,SAA,search_sampled,7,certified_infeasible,-1.0,83129.86050068833,121482.10655468023,nan,44388.72657818064,0.6842971599547527,nan,nan,66970.84998372487,135746.5814235504,2.438563353605011,-0.8800760567687682,2.026950254574032,0.8939482576628723,2.438563353605012,4.083777271864311,1.6523523285385724,0.6523523285382768,0.8817482775363087,nan,nan
CON8-0,moderate,SAA,search_sampled,7,certified_infeasible,-1.0,83129.86050068833,121482.10655468023,nan,42195.899882515434,0.6842971599547527,nan,nan,66970.84998372487,135746.58142355044,2.4385633536050118,-0.8800760567687681,2.0269502545740323,0.8939482576628726,2.438563353605012,4.083777271864309,1.392986268464653,0.392986268464361,0.8817482775363087,nan,nan
CON8-0,moderate,SAA,search_sampled,4,certified_feasible,1.0,38917.85494789954,51090.07420385793,nan,24427.253750148368,0.7617498223355637,nan,nan,38917.85494789953,66774.96631193321,2.715792568766361,-0.9275336877313477,1.7157925687663622,0.8647545731208751,3.113112098747249,5.253477992448053,4.770727819339707,3.7707278193392098,0.9083776916185361,nan,nan
CON8-0,moderate,SAA,search_sampled,4,certified_feasible,1.0,38917.85494789954,51090.074203857934,nan,24708.669956626894,0.7617498223355635,nan,nan,38917.85494789953,66774.96631193323,2.7157925687663615,-0.9275336877313475,1.7157925687663627,0.8647545731208753,3.1131120987472483,5.253477992448046,4.770727819339707,3.7707278193392098,0.9083776916185361,nan,nan
CON8-0,moderate,SAA,search_sampled,7,certified_infeasible,-1.0,69909.29654788501,98246.40454645,nan,43903.44563114457,0.711571042936564,nan,nan,67381.56888541149,124165.22245319354,2.7399330389114027,-0.9006193229969306,1.842717890174802,0.9166545367026456,2.739933038911402,4.486049097134915,1.0037221857522092,0.0037221857518741383,0.8726941100501399,nan,nan
CON8-0,moderate,SAA,search_sampled,8,certified_infeasible,-1.0,69854.6406087083,113485.71896608129,nan,43874.95080154864,0.6155368379838746,nan,nan,67599.12376213491,117138.52324265061,2.6446009226444374,-0.84684406784738,1.7328408524174508,0.8117509244073755,2.6446009226444374,3.6136666390705092,2.0032196084648217,1.0032196084644722,0.7827486203570584,nan,nan
CON8-0,moderate,SAA,search_sampled,7,certified_infeasible,-1.0,55602.59049519356,77712.09736871089,nan,29795.277709134585,0.715494657561266,nan,nan,55602.590495193566,90499.40741296741,2.6276113506040772,-0.8669902093240299,1.627611350604077,0.7321880507792926,2.8896274595212064,3.8776909478996067,1.7887251164511604,0.7887251164507353,0.851520071201901,nan,nan
CON8-0,moderate,SAA,search_sampled,8,certified_infeasible,-1.0,67136.16145674803,99144.31847403136,nan,42934.496830657175,0.6771559126137202,nan,nan,67136.16145674804,116998.10106100648,2.742698696534529,-0.938710265301295,1.7426986965345288,0.811465192436606,3.135341279813728,5.712433101978357,1.6718537887918579,0.6718537887915007,0.8637265805030212,nan,nan
CON8-0,moderate,SAA,search_sampled,4,certified_feasible,1.0,30447.93711994144,44200.94699874095,nan,20621.626465645226,0.6888525967737466,nan,nan,25653.196826308864,48178.314704280485,2.4248444562845095,-0.8302101696863865,1.8780628017039493,0.796568214151381,2.424844456284509,3.4320938945461075,11.94693102447138,10.946931024470832,0.8552350839991957,nan,nan
CON8-0,moderate,SAA,search_sampled,8,certified_infeasible,-1.0,66821.4621661526,93475.74467175237,nan,37871.64579394455,0.7148534884723472,nan,nan,63521.55283194121,102605.26899794403,2.4861297021128976,-0.7746447927904421,1.615282757167579,0.8104507194336693,2.486129702112897,2.979073367717023,2.527504955930975,1.5275049559306038,0.8747442448597895,nan,nan
CON8-0,moderate,SAA,search_sampled,4,certified_feasible,1.0,38896.476008843994,56420.73889204105,nan,26293.84569561183,0.6894003299614868,nan,nan,36661.53332770066,65296.172486221396,2.6212581774950423,-0.8552559627653947,1.7810540520105587,0.9194914341231909,2.6212581774950414,3.717189116200559,8.370982757685365,7.370982757684918,0.7764521034155114,nan,nan
CON8-0,moderate,SAA,search_sampled,6,certified_infeasible,-1.0,60133.28670486872,95861.26125962967,nan,35247.20185742697,0.6272949668584511,nan,nan,54935.96961065389,104596.70821313545,2.6529845043522746,-0.8999478870553852,1.9039749176075471,0.8797943569762554,2.6529845043522737,4.470971129381846,2.831241423022073,1.8312414230216616,0.9007475895669154,nan,nan
CON8-0,moderate,SAA,search_sampled,8,certified_infeasible,-1.0,65331.49622977415,99773.47035565392,nan,42332.520422114714,0.654798274500151,nan,nan,65331.4962297742,114158.35178128401,2.7473708451400443,-0.9188036960283932,1.747370845140042,0.7902763719086625,2.993490478264462,4.963029623716401,2.161288528763694,1.161288528763321,0.8707409056627479,nan,nan
CON8-0,moderate,SAA,search_sampled,6,certified_infeasible,-1.0,68050.87747016086,95155.55032201367,nan,38317.69373217531,0.7151540529151634,nan,nan,65069.574101423925,113375.77945451876,2.622234425032769,-0.8442907169389924,1.7423777705660095,0.963809623838814,2.6222344250327674,3.583915366265856,2.1484771623548893,1.1484771623545296,0.9008307085518279,nan,nan
CON8-0,moderate,SAA,search_sampled,8,certified_infeasible,-1.0,77403.34533284021,125066.32178937492,nan,50242.76139966825,0.618898391072824,nan,nan,73044.52019647883,128521.95151469843,2.6041054278006497,-0.8448238699839027,1.759501618588138,0.8286021313626409,2.6041054278006484,3.5900668824377377,2.9359028573039354,1.9359028573036026,0.7711690883729274,nan,nan
CON8-0,moderate,SAA,search_sampled,7,certified_infeasible,-1.0,59986.92402068851,87471.14772476927,nan,35067.25775883582,0.6857909788658457,nan,nan,59986.92402068855,104686.68765333669,2.7451584551531933,-0.8894753487389424,1.7451584551531911,0.849930850707335,2.8298690111025935,4.253881828867817,1.0281817313407937,0.028181731340407596,0.883544311358931,nan,nan
CON8-0,moderate,SAA,search_sampled,6,ambiguous,-1.0,59815.56894222944,82673.01157140435,nan,35080.569776915385,0.7235198985169056,nan,nan,56613.32427391132,90801.2419683877,2.464484896644111,-0.7656783989997386,1.603884653179268,0.8450973233877522,2.4644848966441124,2.9215198056217875,0.5740078616239435,-0.4259921383764373,0.8669521985265276,nan,nan
CON8-0,moderate,SAA,search_sampled,4,certified_feasible,1.0,29062.437211333774,38989.708685917954,nan,15404.419348501428,0.745387390437989,nan,nan,20806.808006519186,37026.28401204909,1.9899601536520315,-0.6225631011638182,1.7795273547219745,0.7717525937396333,1.9899601536520306,2.3019337489634473,14.138494548891604,13.138494548891053,0.823581035389497,nan,nan
CON8-0,moderate,SAA,search_sampled,8,certified_infeasible,-1.0,71700.7376867993,109034.5273582022,nan,46050.17993489771,0.657596629471752,nan,nan,67936.2752537822,120029.81840641245,2.6215363987085,-0.8511683960513248,1.7668001072774455,0.8264880481199941,2.621536398708499,3.6657886038807503,2.1202677365948213,1.1202677365944782,0.8058500480953646,nan,nan
CON8-0,moderate,SAA,search_sampled,4,certified_feasible,1.0,30447.93711994144,44200.94699874095,nan,20621.626465645226,0.6888525967737466,nan,nan,25653.196826308864,48178.314704280485,2.4248444562845095,-0.8302101696863865,1.8780628017039493,0.796568214151381,2.424844456284509,3.4320938945461075,11.94693102447138,10.946931024470832,0.8552350839991957,nan,nan
CON8-0,moderate,SAA,search_sampled,7,certified_infeasible,-1.0,53490.690069791955,75998.84169609257,nan,34556.29759409544,0.7038355963857031,nan,nan,53490.69006979197,89397.72985883705,2.6712764359965333,-0.8672826087180607,1.6712764359965326,0.7865579258644961,2.8248471644664646,3.881960210017548,1.0257807459601613,0.025780745959731743,0.9056957630677024,nan,nan
CON8-0,moderate,SAA,search_sampled,4,certified_feasible,1.0,22966.744495049574,32902.76398773234,nan,17635.585596782763,0.6980186984781166,nan,nan,22966.744495049577,41535.07165156763,2.8084875573253503,-0.9114004382074173,1.8084875573253496,0.8541094874402788,2.8455583209612856,4.751155130857569,19.149009611209355,18.14900961120868,0.8497933400621105,nan,nan
CON8-0,moderate,SAA,search_sampled,5,certified_feasible,1.0,48313.96566853809,64142.15826832192,nan,26454.333305601962,0.7532326160031796,nan,nan,44269.41286037206,65881.80729539944,2.279904343010734,-0.679905303829137,1.4882015151904986,0.8422957186091301,2.2799043430107333,2.4996301751610024,4.407005246597178,3.407005246596783,0.7941440876399951,nan,nan
CON8-0,moderate,SAA,search_sampled,6,ambiguous,1.0,46528.9140045273,66389.11713350298,nan,30032.416140680376,0.7008515252727572,nan,nan,46528.91400452731,83113.4954411599,2.7862762804451635,-0.9355067424207445,1.786276280445163,0.7990361270673423,3.024568795426029,5.568751532479468,0.7913341699597839,-0.20866583004067976,0.9079766940371532,nan,nan
CON8-0,moderate,SAA,search_sampled,4,certified_feasible,1.0,31610.018626633828,40858.52291776414,nan,21173.24297247649,0.7736456525913882,nan,nan,31610.018626633824,56731.60506990203,2.7947349459041875,-0.929585738782996,1.794734945904188,0.9578571018340316,2.9718554029465047,5.329478129093715,11.114955289386426,10.11495528938589,0.8949794054166493,nan,nan
CON8-0,moderate,SAA,search_sampled,4,certified_feasible,1.0,31610.018626633828,40858.52291776414,nan,21173.24297247649,0.7736456525913882,nan,nan,31610.018626633824,56731.60506990203,2.7947349459041875,-0.929585738782996,1.794734945904188,0.9578571018340316,2.9718554029465047,5.329478129093715,11.114955289386426,10.11495528938589,0.8949794054166493,nan,nan
CON8-0,moderate,SAA,search_sampled,4,certified_feasible,1.0,31610.018626633828,40858.52291776414,nan,21173.24297247649,0.7736456525913882,nan,nan,31610.018626633824,56731.60506990203,2.7947349459041875,-0.929585738782996,1.794734945904188,0.9578571018340316,2.9718554029465047,5.329478129093715,11.114955289386426,10.11495528938589,0.8949794054166493,nan,nan
CON8-0,moderate,SAA,search_sampled,8,ambiguous,-1.0,65581.80827177702,96945.06441812262,nan,41953.41275922288,0.6764842404861753,nan,nan,65581.80827177704,118496.13582288526,2.806844595254624,-0.9490339115351766,1.8068445952546228,0.8936289969725484,3.0713544286843,6.264325932756737,0.6893750439329541,-0.3106249560673967,0.8596963560380311,nan,nan
CON8-0,moderate,SAA,search_sampled,8,ambiguous,-1.0,65581.80827177703,96945.06441812262,nan,43361.43782653214,0.6764842404861754,nan,nan,65581.80827177706,118496.13582288525,2.8068445952546237,-0.9490339115351765,1.8068445952546222,0.8936289969725483,3.0713544286843,6.26432593275673,0.689375043932954,-0.3106249560673968,0.8596963560380311,nan,nan
CON8-0,moderate,SAA,search_sampled,5,certified_feasible,1.0,58222.472344662885,74662.87327097614,nan,28125.822534555762,0.7798048721397899,nan,nan,53765.05005450135,76819.03798878925,2.2428468387646703,-0.6539654051581998,1.4287913414182298,0.9334335407205967,2.2428468387646703,2.404114999346239,2.766550370526578,1.766550370526235,0.7571542802649086,nan,nan
CON8-0,moderate,SAA,search_sampled,7,certified_infeasible,-1.0,66971.81069091706,94234.34978193456,nan,41059.34697599035,0.710694251574876,nan,nan,66971.8106909171,115090.26014943735,2.718488106594471,-0.8844393528446015,1.718488106594469,0.8708341422993664,2.8444342435824415,4.160159820380621,1.463757452375912,0.46375745237555704,0.8621260278191039,nan,nan
CON8-0,moderate,SAA,search_sampled,7,certified_infeasible,-1.0,66193.1143998985,91687.45589575775,nan,38163.429544339306,0.7219429719497884,nan,nan,62746.24687987569,99578.10963502775,2.452284621845083,-0.7579330684675232,1.5869970649505887,0.8162527682823723,2.452284621845082,2.8744004044436604,1.8679633163393419,0.8679633163389773,0.865165231727082,nan,nan
CON8-0,moderate,SAA,search_sampled,4,certified_feasible,1.0,28037.58586661561,37906.179909937004,nan,19819.94519078305,0.739657383920811,nan,nan,27449.31469648756,50835.02016116036,2.792121091668637,-0.9142836027956748,1.8519595379066152,0.9748775388557682,2.792121091668635,4.830399419611358,15.35841867330028,14.358418673299719,0.8696911144154976,nan,nan
CON8-0,moderate,SAA,search_sampled,8,certified_infeasible,-1.0,66028.32428484,96499.99799061801,nan,42826.47454543847,0.6842313539867582,nan,nan,66028.32428484008,121381.83541171979,2.8383297884115617,-0.9606963316478428,1.8383297884115577,0.8476444943160241,3.0834965876893716,7.133430832433597,2.2498765011478574,1.2498765011474868,0.9005423757488176,nan,nan
CON8-0,moderate,SAA,search_sampled,4,certified_feasible,1.0,28037.58586661561,37906.179909937004,nan,19819.94519078305,0.739657383920811,nan,nan,27449.31469648756,50835.02016116036,2.792121091668637,-0.9142836027956748,1.8519595379066152,0.9748775388557682,2.792121091668635,4.830399419611358,15.35841867330028,14.358418673299719,0.8696911144154976,nan,nan
CON8-0,moderate,SAA,search_sampled,7,certified_infeasible,-1.0,81660.16083543371,109927.87036346667,nan,46875.11278443172,0.7428522044994749,nan,nan,65156.364158004864,131448.48296630476,2.4075980883814214,-0.8672612312938335,2.017431215890758,0.945614103074833,2.407598088381422,3.881647604843743,1.7770695823350562,0.7770695823347542,0.8919936056748837,nan,nan
CON8-0,moderate,SAA,search_sampled,7,certified_infeasible,-1.0,89334.92078032796,122080.11813723079,nan,48618.48791847309,0.7317728893406392,nan,nan,60518.399786058515,135257.44662640226,2.1914817263214244,-0.8537179062289664,2.234980553097196,0.9422478934785241,2.191481726321423,3.6975956217490045,2.305065994094128,1.3050659940938407,0.8953376564948095,nan,nan
CON8-0,moderate,SAA,search_sampled,4,certified_feasible,1.0,28037.58586661561,37906.179909937004,nan,19819.94519078305,0.739657383920811,nan,nan,27449.31469648756,50835.02016116036,2.792121091668637,-0.9142836027956748,1.8519595379066152,0.9748775388557682,2.792121091668635,4.830399419611358,15.35841867330028,14.358418673299719,0.8696911144154976,nan,nan
CON8-0,moderate,SAA,search_sampled,7,certified_infeasible,-1.0,66193.11439989852,91687.45589575777,nan,36658.12293200018,0.7219429719497885,nan,nan,62746.24687987569,99578.10963502775,2.4522846218450827,-0.7579330684675232,1.5869970649505887,0.8162527682823723,2.452284621845082,2.8744004044436604,1.8385815003471178,0.8385815003467536,0.8651652317270819,nan,nan
CON8-0,moderate,SAA,search_sampled,4,certified_feasible,1.0,28037.58586661561,37906.179909937004,nan,19819.94519078305,0.739657383920811,nan,nan,27449.31469648756,50835.02016116036,2.792121091668637,-0.9142836027956748,1.8519595379066152,0.9748775388557682,2.792121091668635,4.830399419611358,15.35841867330028,14.358418673299719,0.8696911144154976,nan,nan
CON8-0,moderate,SAA,search_sampled,4,certified_feasible,1.0,28037.58586661561,37906.179909937004,nan,19819.94519078305,0.739657383920811,nan,nan,27449.31469648756,50835.02016116036,2.792121091668637,-0.9142836027956748,1.8519595379066152,0.9748775388557682,2.792121091668635,4.830399419611358,15.35841867330028,14.358418673299719,0.8696911144154976,nan,nan
CON8-0,moderate,SAA,search_sampled,4,certified_feasible,1.0,31610.018626633828,40858.52291776414,nan,21173.24297247649,0.7736456525913882,nan,nan,31610.018626633824,56731.60506990203,2.7947349459041875,-0.929585738782996,1.794734945904188,0.9578571018340316,2.9718554029465047,5.329478129093715,11.114955289386426,10.11495528938589,0.8949794054166493,nan,nan
CON8-0,moderate,SAA,search_sampled,5,certified_feasible,1.0,52212.7026925465,68534.87734991366,nan,28561.969803087166,0.7618413384759969,nan,nan,48633.68193978512,86000.06482732008,2.5785630665375323,-0.8410137697453675,1.7683231332104248,0.9754071468134334,2.5785630665375336,3.5467880937612617,3.988623587220377,2.9886235872200086,0.871874988553611,nan,nan
CON8-0,moderate,SAA,search_sampled,7,certified_infeasible,-1.0,89334.92078032796,122080.11813723079,nan,48618.48791847309,0.7317728893406392,nan,nan,60518.399786058515,135257.44662640226,2.1914817263214244,-0.8537179062289664,2.234980553097196,0.9422478934785241,2.191481726321423,3.6975956217490045,2.305065994094128,1.3050659940938407,0.8953376564948095,nan,nan
CON8-0,moderate,SAA,search_sampled,5,certified_feasible,1.0,58222.472344662885,74662.87327097614,nan,28125.822534555762,0.7798048721397899,nan,nan,53765.05005450135,76819.03798878925,2.2428468387646703,-0.6539654051581998,1.4287913414182298,0.9334335407205967,2.2428468387646703,2.404114999346239,2.766550370526578,1.766550370526235,0.7571542802649086,nan,nan
CON8-0,moderate,SAA,search_sampled,8,ambiguous,-1.0,65581.80827177703,96945.06441812262,nan,43361.43782653214,0.6764842404861754,nan,nan,65581.80827177706,118496.13582288525,2.8068445952546237,-0.9490339115351765,1.8068445952546222,0.8936289969725483,3.0713544286843,6.26432593275673,0.689375043932954,-0.3106249560673968,0.8596963560380311,nan,nan
CON8-0,moderate,SAA,search_sampled,7,certified_infeasible,-1.0,64518.79209484477,88131.91352713305,nan,35004.25440957624,0.7320707052954372,nan,nan,64518.792094844786,114324.23270719803,2.7719524652466774,-0.9222506831547422,1.771952465246677,0.854666625493638,2.9693769966659915,5.071853575521847,2.610369539002022,1.6103695390016386,0.8754480065693037,nan,nan
CON8-0,moderate,SAA,search_sampled,4,certified_feasible,1.0,35598.271006909505,47141.871386292245,nan,24560.526509074967,0.7551306293127059,nan,nan,35598.27100690951,64667.99971990331,2.816605073525944,-0.9093472736291053,1.8166050735259434,0.9824847376063652,2.821965901988639,4.697043289883725,10.598329166348615,9.59832916634815,0.8706132071887696,nan,nan
CON8-0,moderate,SAA,search_sampled,5,certified_feasible,1.0,60256.508051728626,81867.45551556136,nan,32694.213824063252,0.7360251723015268,nan,nan,44506.98963418527,91337.24774441306,2.254432620987257,-0.8231584167404743,2.0522000812712355,0.985220560865923,2.254432620987257,3.3629685090921466,3.861309889916081,2.8613098899157663,0.8730161561240577,nan,nan
CON8-0,moderate,SAA,search_sampled,5,certified_feasible,1.0,62246.166490621144,83328.44999069828,nan,27928.05723890844,0.7469977720402756,nan,nan,38196.84061843554,87923.32564823335,2.026151542772869,-0.7912897891460314,2.301848116877958,0.9831775007585121,2.0261515427728685,3.0955879640800443,3.5121484295836005,2.5121484295832923,0.8769518579862239,nan,nan
CON8-0,moderate,SAA,search_sampled,4,certified_feasible,1.0,44208.284598984465,52043.04024773285,nan,26779.948981836606,0.849456226779724,nan,nan,44208.28459898447,74680.53153247936,2.689288155148071,-0.8931503890903255,1.6892881551480712,0.9982562681450197,2.941058235003534,4.326418483271905,6.778706089146566,5.778706089146163,0.8218779039660314,nan,nan
CON8-0,moderate,SAA,search_sampled,5,certified_feasible,1.0,58222.472344662885,74662.87327097614,nan,28125.822534555762,0.7798048721397899,nan,nan,53765.05005450135,76819.03798878925,2.2428468387646703,-0.6539654051581998,1.4287913414182298,0.9334335407205967,2.2428468387646703,2.404114999346239,2.766550370526578,1.766550370526235,0.7571542802649086,nan,nan
CON8-0,moderate,SAA,search_sampled,7,certified_infeasible,-1.0,60274.97086267678,86880.7390643588,nan,34102.881256107365,0.6937667831995166,nan,nan,57656.4611404169,106381.87720345966,2.7215000852941382,-0.8973763030932854,1.8450989724183138,0.8152803747445428,2.7215000852941365,4.414598079694618,2.3924132542038947,1.392413254203491,0.8801357533500157,nan,nan
CON8-0,moderate,SAA,search_sampled,4,certified_feasible,1.0,39666.11903527259,51350.702509105955,nan,25647.135120790193,0.7724552361915331,nan,nan,34120.42051169927,64063.14902378817,2.475250211601971,-0.8451791244405702,1.8775603601316138,0.9820894158226271,2.475250211601972,3.5941834347512382,8.148697587243685,7.148697587243246,0.8867923574706267,nan,nan
CON8-0,moderate,SAA,search_sampled,6,certified_infeasible,-1.0,68050.87747016086,95155.55032201367,nan,38317.69373217531,0.7151540529151634,nan,nan,65069.574101423925,113375.77945451876,2.622234425032769,-0.8442907169389924,1.7423777705660095,0.963809623838814,2.6222344250327674,3.583915366265856,2.1484771623548893,1.1484771623545296,0.9008307085518279,nan,nan
CON8-0,moderate,SAA,search_sampled,5,certified_feasible,1.0,51423.67848900261,65816.38370506035,nan,31790.8524075895,0.7813203277689178,nan,nan,51423.678489002625,91373.51406518598,2.776876270816118,-0.9065422754121812,1.7768762708161174,0.9838245285679743,2.870760410134619,4.626018830917048,3.8587796339796263,2.85877963397925,0.8553095063553244,nan,nan
CON8-0,moderate,SAA,search_sampled,8,certified_infeasible,-1.0,70609.97631601557,109630.01180373976,nan,44957.84875138226,0.6440752413893919,nan,nan,62541.4936727878,114337.35465183711,2.505012146343203,-0.8389726869920533,1.8281839453665947,0.7804782394677859,2.5050121463432022,3.5242379604706486,2.1070948366502513,1.1070948366499036,0.829893587432428,nan,nan
CON8-0,moderate,SAA,search_sampled,7,certified_infeasible,-1.0,67630.43296622521,98391.25548151514,nan,42469.9162111948,0.6873622318899164,nan,nan,64514.43447192531,113779.76961739943,2.636301384886376,-0.8537687829388088,1.7636327520922914,0.8607748746855505,2.636301384886375,3.6982387988468846,1.429278125542587,0.4292781255422355,0.8666870461884593,nan,nan
CON8-0,moderate,SAA,search_sampled,7,certified_infeasible,-1.0,60274.97086267678,86880.7390643588,nan,34102.881256107365,0.6937667831995166,nan,nan,57656.4611404169,106381.87720345966,2.7215000852941382,-0.8973763030932854,1.8450989724183138,0.8152803747445428,2.7215000852941365,4.414598079694618,2.3924132542038947,1.392413254203491,0.8801357533500157,nan,nan
CON8-0,moderate,SAA,search_sampled,5,certified_feasible,1.0,52212.7026925465,68534.87734991366,nan,28561.969803087166,0.7618413384759969,nan,nan,48633.68193978512,86000.06482732008,2.5785630665375323,-0.8410137697453675,1.7683231332104248,0.9754071468134334,2.5785630665375336,3.5467880937612617,3.988623587220377,2.9886235872200086,0.871874988553611,nan,nan
CON8-0,moderate,SAA,search_sampled,7,certified_infeasible,-1.0,89334.92078032797,122080.11813723079,nan,48494.246693947716,0.7317728893406394,nan,nan,60518.3997860585,135257.44662640226,2.1914817263214235,-0.8537179062289666,2.2349805530971962,0.9422478934785239,2.191481726321423,3.6975956217490076,2.3050659940941274,1.3050659940938405,0.8953376564948095,nan,nan
CON8-0,moderate,SAA,search_sampled,7,certified_infeasible,-1.0,66193.11439989852,91687.45589575777,nan,36658.12293200018,0.7219429719497885,nan,nan,62746.24687987569,99578.10963502775,2.4522846218450827,-0.7579330684675232,1.5869970649505887,0.8162527682823723,2.452284621845082,2.8744004044436604,1.8385815003471178,0.8385815003467536,0.8651652317270819,nan,nan
CON8-0,moderate,SAA,search_sampled,4,certified_feasible,1.0,30220.303439570573,39805.64339058821,nan,20856.785870683016,0.7591964572218414,nan,nan,29722.879646809797,53498.120954753715,2.7538108863789117,-0.8905727138908124,1.7998969679405121,0.9731605740314032,2.7538108863789126,4.27515813493279,10.198803716300304,9.198803716299725,0.9072488871919159,nan,nan
CON8-0,moderate,SAA,search_sampled,7,certified_infeasible,-1.0,52348.529444423504,78905.07562729935,nan,37385.08187456581,0.6634367818324746,nan,nan,51252.2065572154,99773.77759651393,2.8850091063984524,-0.9622551923656797,1.9467216008569597,0.8136892863112883,2.88500910639845,7.279245885664293,2.5313428509385663,1.5313428509381064,0.9093187094117502,nan,nan
CON8-0,moderate,SAA,search_sampled,6,certified_infeasible,-1.0,64330.44393402639,86756.29335228943,nan,37905.077910391876,0.741507520068903,nan,nan,64330.44393402641,106472.25154823478,2.6550834260902447,-0.8719106188351521,1.655083426090244,0.8534101382954447,2.8745520581266857,3.9514676800976107,1.9411366193921156,0.9411366193917406,0.8773710294122631,nan,nan
CON8-0,moderate,SAA,search_sampled,4,certified_feasible,1.0,38779.781137357175,48021.85707951944,nan,24186.86737284983,0.8075443869890683,nan,nan,38779.78113735715,65670.52384140017,2.693421724294846,-0.8820554970061366,1.6934217242948477,0.97324625577511,2.8707189198186005,4.11790331483682,4.715107675567245,3.7151076755667454,0.9171807916805406,nan,nan
CON8-0,moderate,SAA,search_sampled,5,certified_feasible,1.0,62246.166490621144,83328.44999069828,nan,27928.05723890844,0.7469977720402756,nan,nan,38196.84061843554,87923.32564823335,2.026151542772869,-0.7912897891460314,2.301848116877958,0.9831775007585121,2.0261515427728685,3.0955879640800443,3.5121484295836005,2.5121484295832923,0.8769518579862239,nan,nan
CON8-0,moderate,SAA,search_sampled,7,certified_infeasible,-1.0,89334.92078032797,122080.11813723079,nan,48494.246693947716,0.7317728893406394,nan,nan,60518.3997860585,135257.44662640226,2.1914817263214235,-0.8537179062289666,2.2349805530971962,0.9422478934785239,2.191481726321423,3.6975956217490076,2.3050659940941274,1.3050659940938405,0.8953376564948095,nan,nan
CON8-0,moderate,SAA,search_sampled,3,certified_feasible,1.0,30042.075408902267,33842.63228695859,nan,18901.510020133413,0.8876991350486384,nan,nan,30042.075408902274,48052.50060942081,2.5995066903793727,-0.8819440104390764,1.5995066903793724,0.9725078981221623,3.0278634710479584,4.115958477717676,10.82972338945181,9.829723389451239,0.9150419235714478,nan,nan
CON8-0,moderate,SAA,search_sampled,3,certified_feasible,1.0,30042.075408902267,33842.63228695859,nan,18901.510020133413,0.8876991350486384,nan,nan,30042.075408902274,48052.50060942081,2.5995066903793727,-0.8819440104390764,1.5995066903793724,0.9725078981221623,3.0278634710479584,4.115958477717676,10.82972338945181,9.829723389451239,0.9150419235714478,nan,nan
CON8-0,moderate,SAA,search_sampled,7,certified_infeasible,-1.0,66193.1143998985,91687.45589575775,nan,38163.429544339306,0.7219429719497884,nan,nan,62746.24687987569,99578.10963502775,2.452284621845083,-0.7579330684675232,1.5869970649505887,0.8162527682823723,2.452284621845082,2.8744004044436604,1.8679633163393419,0.8679633163389773,0.865165231727082,nan,nan
CON8-0,moderate,SAA,search_sampled,6,certified_infeasible,-1.0,68050.87747016088,95155.55032201369,nan,38868.08209491448,0.7151540529151634,nan,nan,65069.57410142393,113375.77945451876,2.6222344250327687,-0.8442907169389924,1.7423777705660093,0.963809623838814,2.6222344250327683,3.583915366265856,2.148477162354889,1.1484771623545291,0.9008307085518279,nan,nan
CON8-0,moderate,SAA,search_sampled,3,certified_feasible,1.0,24159.525933873712,30373.238985854034,nan,16414.629666061028,0.7954214545615539,nan,nan,24159.525933873727,41319.62843995543,2.7102830805972813,-0.8776563902651386,1.7102830805972797,0.97616997785991,2.8210902987748065,4.043191883481999,15.65679947492951,14.656799474928832,0.9102182454008646,nan,nan
CON8-0,moderate,SAA,search_sampled,3,certified_feasible,1.0,24643.753086025976,32319.322755103087,nan,17089.414884642516,0.7625083382087525,nan,nan,24643.753086025998,42938.46131347649,2.7423669667354518,-0.879288302488264,1.7423669667354493,0.9936633532657483,2.7819336068773044,4.07043026914156,16.892350063880386,15.892350063879743,0.9185664128066793,nan,nan
CON8-0,moderate,SAA,search_sampled,4,certified_feasible,1.0,38750.6667658366,53390.8560894771,nan,23593.974426945726,0.7257921974671996,nan,nan,38750.66676583665,64853.37239135495,2.673606619035807,-0.8653915805307385,1.6736066190358034,0.9777316782384047,2.811506491458906,3.8545961684226033,6.825993616997896,5.825993616997426,0.8865900743252958,nan,nan
CON8-0,moderate,SAA,search_sampled,4,certified_feasible,1.0,38906.09946384311,54489.16852110885,nan,24882.539281812304,0.7140152900070602,nan,nan,38587.47201784136,65299.59105922721,2.6701999046091656,-0.84122462611883,1.692248484923687,0.9939168050519859,2.670199904609163,3.5491424095714565,6.731098275365738,5.731098275365268,0.8819367542398004,nan,nan
CON8-0,moderate,SAA,search_sampled,5,certified_feasible,1.0,37595.27551247631,49301.7070429987,nan,22210.63017706938,0.76255524944983,nan,nan,33169.98152531289,63906.82151295918,2.582154318992989,-0.8894579578777135,1.926646279986324,0.9751734819938831,2.582154318992989,4.253547197911919,8.959863556034806,7.959863556034348,0.8845882661713668,nan,nan
CON8-0,moderate,SAA,search_sampled,5,certified_feasible,1.0,37595.27551247631,49301.7070429987,nan,22210.63017706938,0.76255524944983,nan,nan,33169.98152531289,63906.82151295918,2.582154318992989,-0.8894579578777135,1.926646279986324,0.9751734819938831,2.582154318992989,4.253547197911919,8.959863556034806,7.959863556034348,0.8845882661713668,nan,nan
CON8-0,moderate,SAA,search_sampled,5,certified_feasible,1.0,37595.27551247631,49301.7070429987,nan,22210.63017706938,0.76255524944983,nan,nan,33169.98152531289,63906.82151295918,2.582154318992989,-0.8894579578777135,1.926646279986324,0.9751734819938831,2.582154318992989,4.253547197911919,8.959863556034806,7.959863556034348,0.8845882661713668,nan,nan
CON8-0,moderate,SAA,search_sampled,5,certified_feasible,1.0,52324.89594272813,71448.4419643778,nan,28089.053710496664,0.7323448140242983,nan,nan,36506.977965818056,80463.94715096893,2.235473630847097,-0.8628628396293195,2.204070334890725,0.9278391871919768,2.235473630847096,3.818892396370046,3.240526369351383,2.2405263693510054,0.8936380052143289,nan,nan
CON8-0,moderate,SAA,search_sampled,6,certified_feasible,1.0,61058.68768508397,79705.547747024,nan,34070.51173148732,0.7660531720938301,nan,nan,58243.2863857795,104979.41800601283,2.6732101618958644,-0.8737479637767808,1.8024295076804642,0.9857549041250444,2.6732101618958644,3.9801166643120776,2.335013146298599,1.3350131462982666,0.8401531158975304,nan,nan
CON8-0,moderate,SAA,search_sampled,5,certified_feasible,1.0,58222.472344662885,74662.87327097614,nan,28125.822534555762,0.7798048721397899,nan,nan,53765.05005450135,76819.03798878925,2.2428468387646703,-0.6539654051581998,1.4287913414182298,0.9334335407205967,2.2428468387646703,2.404114999346239,2.766550370526578,1.766550370526235,0.7571542802649086,nan,nan
CON8-0,moderate,SAA,search_sampled,5,certified_feasible,1.0,52212.7026925465,68534.87734991366,nan,28561.969803087166,0.7618413384759969,nan,nan,48633.68193978512,86000.06482732008,2.5785630665375323,-0.8410137697453675,1.7683231332104248,0.9754071468134334,2.5785630665375336,3.5467880937612617,3.988623587220377,2.9886235872200086,0.871874988553611,nan,nan
CON8-0,moderate,SAA,search_sampled,8,certified_infeasible,-1.0,70267.58716919943,98436.42787142776,nan,46488.82518775708,0.7138372316900718,nan,nan,70267.58716919953,127428.35440730584,2.8134727481173845,-0.9569227309781951,1.8134727481173805,0.8434753955224877,3.110800891930079,6.813824078302447,3.023029805000397,2.023029805000035,0.905106387683735,nan,nan
CON8-0,moderate,SAA,search_sampled,4,certified_feasible,1.0,27188.284335714437,33454.384199477114,nan,15869.395603775847,0.8126971990756113,nan,nan,27188.284335714467,45888.64393302484,2.687809475816968,-0.8769706917668152,1.6878094758169653,0.9776681574529449,2.8516657545479593,4.0319088631066125,12.549470729678358,11.549470729677735,0.9095845079875273,nan,nan
CON8-0,moderate,SAA,search_sampled,6,certified_infeasible,-1.0,62029.66286975212,86771.2726934976,nan,37823.28416423915,0.7148640436433342,nan,nan,62029.66286975216,105878.55200723867,2.7069019418912377,-0.8961550726265131,1.7069019418912361,0.8426807914139636,2.9287919851316606,4.388563172952453,1.400041937733551,0.40004193773317126,0.891100306862606,nan,nan
CON8-0,moderate,SAA,search_sampled,4,certified_feasible,1.0,27188.284335714437,33454.384199477114,nan,15869.395603775847,0.8126971990756113,nan,nan,27188.284335714467,45888.64393302484,2.687809475816968,-0.8769706917668152,1.6878094758169653,0.9776681574529449,2.8516657545479593,4.0319088631066125,12.549470729678358,11.549470729677735,0.9095845079875273,nan,nan
CON8-0,moderate,SAA,search_sampled,6,certified_infeasible,-1.0,68050.87747016086,95155.55032201367,nan,38317.69373217531,0.7151540529151634,nan,nan,65069.574101423925,113375.77945451876,2.622234425032769,-0.8442907169389924,1.7423777705660095,0.963809623838814,2.6222344250327674,3.583915366265856,2.1484771623548893,1.1484771623545296,0.9008307085518279,nan,nan
CON8-0,moderate,SAA,search_sampled,7,certified_infeasible,-1.0,54846.81364729571,81148.83269099408,nan,37831.83742206579,0.6758792681115501,nan,nan,54846.81364729573,103075.08536354874,2.8793267741385193,-0.9590669019501461,1.8793267741385185,0.8513118998050835,2.990438994945067,6.990008276129846,1.006958949185449,0.006958949185029476,0.8846636460159237,nan,nan
CON8-0,moderate,SAA,search_sampled,5,certified_feasible,1.0,37595.27551247631,49301.7070429987,nan,22210.63017706938,0.76255524944983,nan,nan,33169.98152531289,63906.82151295918,2.582154318992989,-0.8894579578777135,1.926646279986324,0.9751734819938831,2.582154318992989,4.253547197911919,8.959863556034806,7.959863556034348,0.8845882661713668,nan,nan
CON8-0,moderate,SAA,search_sampled,7,certified_infeasible,-1.0,106519.34869817476,144615.1349529275,nan,52066.447945813234,0.7365712360109957,nan,nan,79169.59893872558,162178.69251006038,2.2657695000807077,-0.826480015656832,2.0484970832753726,0.9759089061482409,2.2657695000807068,3.3950036686947525,2.3554408818367474,1.3554408818364987,0.8781464869800468,nan,nan
CON8-0,moderate,SAA,search_sampled,5,certified_feasible,1.0,37595.27551247631,49301.7070429987,nan,22210.63017706938,0.76255524944983,nan,nan,33169.98152531289,63906.82151295918,2.582154318992989,-0.8894579578777135,1.926646279986324,0.9751734819938831,2.582154318992989,4.253547197911919,8.959863556034806,7.959863556034348,0.8845882661713668,nan,nan
CON8-0,moderate,SAA,search_sampled,7,certified_infeasible,-1.0,65012.74493370079,99527.04456678256,nan,35855.30897948277,0.6532168740334422,nan,nan,58976.092281053876,117534.48665442986,2.715015019216418,-0.9424694803124651,1.9929175045086518,0.8521133906455804,2.715015019216418,5.89611369249252,2.3358350289889587,1.3358350289885814,0.8821104202748503,nan,nan
CON8-0,moderate,SAA,search_sampled,7,ambiguous,-1.0,52233.14873144528,78200.75680520076,nan,35439.59482039009,0.6679366142396657,nan,nan,51861.80449464646,96234.45617752074,2.8352926114716617,-0.9239244683059373,1.8555940564593107,0.8946588573619212,2.835292611471662,5.127344518040153,0.22057954800133583,-0.7794204519990918,0.8457443351282542,nan,nan
CON8-0,moderate,SAA,search_sampled,7,certified_infeasible,-1.0,80539.87007573631,95381.96500787199,nan,40232.46493228416,0.8443930681139695,nan,nan,80539.87007573634,107885.94451190958,2.3395346231681056,-0.7441107861441397,1.3395346231681045,0.8491841619231146,2.614325546515548,2.795689966460146,1.62277624173522,0.6227762417349166,0.7871194220548761,nan,nan
SCA3-0,moderate,SAA,search_sampled,2,certified_feasible,1.0,489.62123662885153,395.7386031543333,321.56318871087547,276.2784230151337,1.2372339537416954,1.5226283785520014,1.1639098891673536,489.62123662885165,722.466822429041,2.475562676577066,-0.9466739778734532,1.4755626765770653,1.0,3.997360625197096,6.124144135883875,4177.158064882223,4176.158064882163,0.8271082838463911,9.0,12.33979747357023
SCA3-0,moderate,SAA,search_sampled,2,certified_feasible,1.0,3858.894852461843,5929.445652448042,3259.117256795125,3213.0900453895106,0.6508019600227979,1.1840306894194146,1.0143249055443246,3203.269883162196,6587.680001246243,2.537241945880476,-0.9185665200450767,2.0565485399385186,1.0,2.5372419458804747,4.95579691199833,519.635624455118,518.6356244551101,0.8014094806487307,9.0,1526.3298485597193
SCA3-0,moderate,SAA,search_sampled,2,certified_feasible,1.0,5045.186859929178,7053.473292360768,4056.7210926845614,4055.9549113768408,0.7152769494985322,1.2436612586029407,1.0001889028168365,4401.4361714624765,8112.378375028058,2.4803470899918656,-0.836403117341343,1.8431207585438045,1.0,2.480347089991866,3.496451318368516,397.52640717240183,396.5264071723959,0.8276292925836952,9.0,2970.242749917968
SCA3-0,moderate,SAA,search_sampled,2,certified_feasible,1.0,17777.372355953794,26029.944799988483,14758.727225706085,14598.993292216406,0.6829585115355934,1.2045328898680348,1.0109414348162515,17777.372355953794,29348.776609046687,2.6509063331408216,-0.8409524241527494,1.6509063331408216,1.0,2.7214569626526033,3.5461040191978905,104.08031687552325,103.08031687552145,0.6697549592498205,9.0,12884.30350158029
SCA3-0,moderate,SAA,search_sampled,2,certified_feasible,1.0,31139.242619087723,37658.84589689196,16449.119099357347,15794.09388517309,0.8268772416538047,1.8930644511112031,1.0414727947640714,16885.40971331329,36350.60976843802,1.7096118917522647,-0.5187656496418039,2.1527822176430464,1.0,1.7096118917522647,2.038621912724091,56.586527640107576,55.5865276401065,0.8376164480441322,9.0,497.60397276083313
SCA3-0,moderate,SAA,search_sampled,2,certified_feasible,1.0,27637.877218198533,40691.250153961286,19258.42007671439,18625.369375367623,0.679209341409433,1.435106156585288,1.0339886253307806,19628.66548850557,40086.588832745205,2.160631001064382,-0.7805634628486365,2.0422472865625876,1.0,2.160631001064382,3.018982024893068,62.6768213571672,61.67682135716597,0.812095129155313,9.0,336.782126098904
SCA3-0,moderate,SAA,search_sampled,4,certified_feasible,1.0,51406.43870084836,69938.79852903595,36696.760661241526,25606.425384014583,0.7350203289452613,1.4008440465739238,1.4331075154344013,36921.901662013064,75053.90123661209,2.1782447049143125,-0.7855439181484706,2.032774528345352,0.9992159139662213,2.178244704914312,3.053836730129935,30.602100640032315,29.6021006400316,0.8136726385025193,9.0,23003.45407783542
SCA3-0,moderate,SAA,search_sampled,10,certified_feasible,1.0,74027.33306711454,101943.72415112324,54797.682960354854,40566.71171787684,0.7261588065722915,1.3509208613924788,1.3508041603531484,59296.598990309496,110386.19282772993,2.2921640532990954,-0.780773957220014,1.8615939987682888,0.9508694438789025,2.292164053299095,3.0204310458366725,17.315521859580336,16.31552185957978,0.8413374263612229,9.0,54082.25152295956
SCA3-0,moderate,SAA,search_sampled,4,certified_feasible,1.0,30344.38943510393,29939.678751068768,16542.164587507767,11867.406178938327,1.0135175359562172,1.834366311287899,1.3939157671089042,23278.697592313012,32037.51521520924,1.8229469709985218,-0.4341146695642105,1.3762589203353253,0.9762353043577846,1.8229469709985215,1.8799693981578423,57.33794279602718,56.337942796026056,0.8797764193476434,9.0,28909.10351359872
SCA3-0,moderate,SAA,search_sampled,3,certified_feasible,1.0,30997.783623188552,47607.56874066921,25733.274147044773,23400.566859206396,0.6511104104484211,1.2045798543186297,1.0996859307671272,25015.861235552227,52201.81789491293,2.491070976852062,-0.9150812228385883,2.0867487792394837,0.9999941920112089,2.4910709768520616,4.8530317432218615,55.29859444366425,54.29859444366314,0.8013611690513861,9.0,12029.634382294265
SCA3-0,moderate,SAA,search_sampled,14,certified_feasible,1.0,109266.88539873257,168734.47404489273,97301.3071548869,63756.499496069424,0.6475670488631832,1.1229744860960453,1.5261394198858975,103976.8888344015,194478.60782387032,2.7314359292768287,-0.9073082664404187,1.8704022596175784,0.8663442092576753,2.731435929276825,4.645093877628328,6.135434339893978,5.135434339893517,0.8615330353393691,9.0,92143.96398157727
SCA3-0,moderate,SAA,search_sampled,4,certified_feasible,1.0,59733.8373924557,90265.24179761628,48861.35291688213,35201.90763226263,0.6617590138005164,1.2225170574803508,1.38803139384698,56579.64888449998,97764.78920989904,2.5838694587850557,-0.83079486486061,1.7279143850728589,0.9948591256553693,2.5838694587850544,3.438018650144433,23.93129816272955,22.931298162728904,0.6772918716731066,9.0,23262.911555313192
SCA3-0,moderate,SAA,search_sampled,5,certified_feasible,1.0,60323.264723250104,91520.99241160435,49458.9245665028,39894.524785447,0.6591194340633204,1.21966389791066,1.239742165936133,57276.32640956368,98933.44256714296,2.589544344016571,-0.8320333442966952,1.727300767505641,0.9935601058355988,2.58954434401657,3.450670254695591,23.50703975740825,22.507039757407608,0.6793501209624497,9.0,24072.242836603007
SCA3-0,moderate,SAA,search_sampled,8,certified_feasible,1.0,78959.58920422266,94319.80694351715,54153.31639574187,37466.30041881546,0.8371474853792601,1.4580748596669757,1.4453873425022303,69424.86823879152,107060.26787040922,2.235132399849954,-0.6758762575087317,1.5421025719799455,0.9245703438695019,2.235132399849954,2.4840456653458673,14.839591046945083,13.839591046944543,0.8601845961753387,9.0,68276.58158310037
SCA3-0,moderate,SAA,search_sampled,16,certified_feasible,1.0,142192.99706291856,224976.826236275,124013.26551911279,72782.77938055224,0.6320339718615495,1.1465950555185076,1.7038819700838392,134567.7152482477,248099.60524980203,2.691182606754708,-0.890233704077099,1.8436785137661964,0.8006903552991408,2.691182606754708,4.268551182736851,1.1102069829410037,0.11020698294059554,0.8755683287401076,9.0,147417.14656846542
SCA3-0,moderate,SAA,search_sampled,22,certified_infeasible,-1.0,175251.06092955027,287320.5769871798,156527.97552779235,97967.11546231074,0.6099495649327265,1.1196149463929759,1.5977603789713575,175251.06092955032,312577.50875395775,2.7835983822067236,-0.9401852198804237,1.7835983822067227,0.7302202385609092,3.0601975942131014,5.782434772863341,3.2224719837196787,2.222471983719286,0.8714774286198266,9.0,203609.86988617445
SCA3-0,moderate,SAA,search_sampled,22,certified_infeasible,-1.0,186420.94500121078,299192.05638039846,170168.7183668994,106285.97603118312,0.6230811982661454,1.095506546621983,1.6010458267511587,183407.14218210624,340303.94769130397,2.8092931825338012,-0.9187992051948808,1.855456355965755,0.816705446237084,2.809293182533801,4.962892380922274,3.4685238740637345,2.4685238740633584,0.8660719978234684,9.0,5269.042671342497
SCA3-0,moderate,SAA,search_sampled,29,certified_infeasible,-1.0,240969.31933425125,383700.8678972251,217087.8166663558,144597.24152736203,0.6280134852308837,1.1100084888900015,1.5013275106308057,221062.3782394702,433107.7278682422,2.714744382874343,-0.9315727011674254,1.9592104785874946,0.6837523659734135,2.7147443828743416,5.406301968908046,7.516623566634339,6.516623566633976,0.9175356210119422,9.0,274078.6149112615
SCA3-0,moderate,SAA,search_sampled,29,certified_infeasible,-1.0,240969.3193342512,383700.86789722496,217087.8166663558,138899.4407598323,0.6280134852308839,1.110008488890001,1.5629135400315768,221062.3782394702,433107.7278682422,2.7147443828743434,-0.9315727011674254,1.9592104785874946,0.6837523659734135,2.7147443828743416,5.406301968908046,7.987929089742621,6.987929089742251,0.9175356210119422,9.0,7826.647603317571
SCA3-0,moderate,SAA,search_sampled,18,certified_infeasible,-1.0,162850.0599434151,260071.2719395332,146349.18531120394,85091.50294707651,0.6261747355981628,1.1127500272524435,1.7199036359979119,157324.23372476775,292614.5790018522,2.7629023463851254,-0.9107570386133459,1.859945998616903,0.7923590647529429,2.762902346385127,4.733997358011576,1.0506700929962292,0.050670092995842145,0.8805032967540782,9.0,164998.65312067716
SCA3-0,moderate,SAA,search_sampled,23,certified_infeasible,-1.0,209499.9307157746,304631.6612615861,182410.25955241825,110610.34099880385,0.6877155508004723,1.148509580710134,1.6491248277987938,182955.97859476757,361344.32501415006,2.598093000552643,-0.9087293923823395,1.9750342557238756,0.7583636054052693,2.5980930005526424,4.681117333158063,5.426304243783251,4.426304243782883,0.9148200988866101,9.0,201755.81981431635
SCA3-0,moderate,SAA,search_sampled,27,certified_infeasible,-1.0,185773.75539962432,307519.39329048,172595.14010659492,108773.4911816663,0.6041041945739797,1.0763556568562145,1.5867389952423052,163606.5951340816,344265.92057925835,2.733822733038033,-0.9833633042819596,2.1042300910737723,0.7066345560192002,2.733822733038031,10.964313912713743,5.432911470920639,4.432911470920234,0.9297632353615568,9.0,236126.3385724932
SCA3-0,moderate,SAA,search_sampled,23,certified_infeasible,-1.0,206625.57406918597,332325.9471672476,191942.5190588921,115000.6371673057,0.6217557666816753,1.0764971465534887,1.6690561355729663,205011.9536287224,383832.0030867698,2.849811594562468,-0.931900511485724,1.872242063415928,0.82739439888808,2.849811594562466,5.419298497715547,4.30856908157967,3.3085690815793116,0.8663033753953198,9.0,194961.21275018447
SCA3-0,moderate,SAA,search_sampled,14,certified_infeasible,-1.0,171895.92624705026,253218.48611334068,148206.18481736176,96324.71986406427,0.6788443011625525,1.159843136498534,1.538610078768086,147738.8035255406,294908.8656709237,2.575091096459653,-0.9094643574827209,1.9961503588320373,0.8074470970546337,2.5750910964596536,4.700079498749126,1.2607925317975377,0.2607925317971666,0.8894210150752043,9.0,127437.61597488442
SCA3-0,moderate,SAA,search_sampled,13,certified_feasible,1.0,129788.06078441348,189551.1248249288,112311.50289006674,70174.51224717812,0.6847126911237639,1.155607906978622,1.6004600430205775,129788.0607844135,224649.875475216,2.7308978508306265,-0.9322015176444866,1.730897850830626,0.8737230228212279,3.114339546714653,5.431315253928143,4.205876305523989,3.2058763055235864,0.8039976144435694,9.0,87398.35633462993
SCA3-0,moderate,SAA,search_sampled,14,certified_feasible,1.0,128473.7271624548,208788.34007196422,121118.56124109996,64621.72601218064,0.6153299897789937,1.0607269921801132,1.8742699818675557,128473.72716245487,242202.20473425963,2.885227509808254,-0.9695344430476839,1.8852275098082523,0.8355468721328884,3.043839913777341,8.102339500102657,2.513210183709721,1.513210183709289,0.8430852403930201,9.0,101509.04223960396
SCA3-0,moderate,SAA,search_sampled,14,certified_feasible,1.0,128473.7271624548,208788.34007196425,121118.56124109996,65111.4671893671,0.6153299897789936,1.0607269921801132,1.860172508305557,128473.72716245486,242202.20473425963,2.885227509808254,-0.9695344430476839,1.8852275098082525,0.8355468721328884,3.0438399137773415,8.102339500102657,2.513210183709721,1.513210183709289,0.8430852403930201,9.0,101795.39029276522
SCA3-0,moderate,SAA,search_sampled,14,certified_feasible,1.0,128473.7271624548,208788.34007196422,121118.56124109996,65543.23789742899,0.6153299897789937,1.0607269921801132,1.8479184905488317,128473.72716245487,242202.20473425963,2.885227509808254,-0.9695344430476838,1.8852275098082523,0.8355468721328885,3.04383991377734,8.102339500102643,2.4000647901020913,1.4000647901016579,0.8430852403930201,9.0,102410.12711344237
SCA3-0,moderate,SAA,search_sampled,16,ambiguous,-1.0,144188.5653375842,229547.91544966912,125389.05996336833,74483.1682836033,0.628141471270294,1.1499293908073642,1.6834549718123555,137426.41011517163,250838.82051837852,2.6927602041432124,-0.8850081884465114,1.8252592082421453,0.7496753757045668,2.69276020414321,4.1704367594295295,0.08072988030674524,-0.9192701196936741,0.8845324797949242,9.0,162946.95605102408
SCA3-0,moderate,SAA,search_sampled,14,certified_feasible,1.0,125258.44280478026,199231.47743478397,116948.07838186652,63597.93184578273,0.6287080958167471,1.0710602904972768,1.8388660603846587,125258.44280478032,233877.55158980345,2.867159980220335,-0.9578189985614413,1.8671599802203338,0.8768861670747649,3.0064531837090223,6.885834093871697,3.7005399952755527,2.700539995275126,0.8296838796700359,9.0,89625.71291059146
SCA3-0,moderate,SAA,search_sampled,14,certified_feasible,1.0,125258.44280478026,199231.47743478397,116948.07838186652,61328.65369329887,0.6287080958167471,1.0710602904972768,1.9069076416827484,125258.44280478032,233877.55158980345,2.867159980220335,-0.957818998561441,1.8671599802203338,0.8768861670747649,3.0064531837090205,6.885834093871678,3.7005399952755527,2.700539995275126,0.8296838796700359,9.0,95437.36343858401
SCA3-0,moderate,SAA,search_sampled,11,certified_feasible,1.0,101526.06572310466,126514.2707303065,75756.60966778077,47316.154234586065,0.80248706440027,1.3401611577964216,1.6010728448510712,91040.23003060895,149423.6180588885,2.368493710229276,-0.7464295471366152,1.6412921848796986,0.9049337212734909,2.3684937102292754,2.8084433932551356,8.956846447719753,7.956846447719292,0.8674982964886713,9.0,82279.46420144812
SCA3-0,moderate,SAA,search_sampled,16,certified_feasible,1.0,142252.2198862561,225249.31782919558,124249.39939200466,74434.13952952027,0.6315323005511813,1.14489261583835,1.669252847918365,134391.4379155014,248562.49049153223,2.6920769933378965,-0.8922206879079123,1.849541119188083,0.7981132745935966,2.6920769933378925,4.307718289679299,1.0505116507916679,0.05051165079125907,0.8770415215038196,9.0,147672.2892122958
SCA3-0,moderate,SAA,search_sampled,16,certified_feasible,1.0,142252.2198862561,225249.31782919556,124249.39939200466,79262.82087750154,0.6315323005511813,1.14489261583835,1.5675621686998575,134391.4379155014,248562.49049153223,2.6920769933378965,-0.8922206879079123,1.849541119188083,0.7981132745935966,2.6920769933378925,4.307718289679299,1.0272297756346849,0.027229775634275588,0.8770415215038195,9.0,152865.70467671688
SCA3-0,moderate,SAA,search_sampled,12,certified_feasible,1.0,101535.23544381646,126613.29631732075,75829.38666247252,49859.92351352361,0.801931853897452,1.3389958683928747,1.5208484353552039,90985.6251875923,149553.63306206267,2.3690225092623636,-0.7472229070805674,1.6437061651630798,0.9029625207366537,2.3690225092623627,2.8128471960988026,8.945513603651868,7.945513603651407,0.8682946323714644,9.0,82450.9214908739
SCA3-0,moderate,SAA,search_sampled,12,certified_feasible,1.0,101535.23544381646,126613.29631732075,75829.38666247252,49950.037536504045,0.801931853897452,1.3389958683928747,1.5181046982608484,90985.6251875923,149553.63306206267,2.3690225092623636,-0.7472229070805674,1.6437061651630798,0.9029625207366537,2.3690225092623627,2.8128471960988026,8.945513603651868,7.945513603651407,0.8682946323714644,9.0,82450.10236197493
SCA3-0,moderate,SAA,search_sampled,12,certified_feasible,1.0,101535.23544381645,126613.29631732075,75829.38666247248,54430.066545398135,0.8019318538974519,1.3389958683928753,1.3931525620904017,90985.6251875923,149553.63306206264,2.369022509262364,-0.7472229070805676,1.6437061651630795,0.9029625207366537,2.369022509262363,2.8128471960988035,8.940749556052094,7.940749556051633,0.8682946323714643,9.0,82493.00571409432
SCA3-0,moderate,SAA,search_sampled,16,certified_feasible,1.0,142192.99706291856,224976.826236275,124013.26551911279,78882.72263885601,0.6320339718615495,1.1465950555185076,1.5721220233088962,134567.7152482477,248099.60524980203,2.691182606754708,-0.890233704077099,1.8436785137661964,0.8006903552991408,2.691182606754708,4.268551182736851,1.1102069829410037,0.11020698294059554,0.8755683287401076,9.0,147373.80142557816
SCA3-0,moderate,SAA,search_sampled,16,certified_feasible,1.0,142192.99706291856,224976.826236275,124013.26551911279,73885.21407873073,0.6320339718615495,1.1465950555185076,1.678458498976081,134567.7152482477,248099.60524980203,2.691182606754708,-0.890233704077099,1.8436785137661964,0.8006903552991408,2.691182606754708,4.268551182736851,1.1102069829410037,0.11020698294059554,0.8755683287401076,9.0,151542.8036726335
SCA3-0,moderate,SAA,search_sampled,14,certified_feasible,1.0,144240.09566295246,233506.04898277437,133248.1648957893,77207.83641650586,0.6177146000769898,1.0824921737253173,1.7258373123806752,144240.09566295255,266176.03512499196,2.845367849359784,-0.950881779930368,1.845367849359782,0.8558820305220431,3.0060872518305954,6.381072625620442,1.2987995004135318,0.29879950041313197,0.8208467088227346,9.0,105241.677240043
SCA3-0,moderate,SAA,search_sampled,14,certified_feasible,1.0,144240.09566295252,233506.04898277437,133248.16489578938,75984.95929256878,0.6177146000769901,1.082492173725317,1.7536123745587222,144240.09566295255,266176.03512499196,2.845367849359783,-0.950881779930368,1.845367849359782,0.8558820305220431,3.0060872518305954,6.381072625620442,1.298799500413531,0.29879950041313147,0.8208467088227346,9.0,106902.74576506109
SCA3-0,moderate,SAA,search_sampled,14,certified_feasible,1.0,144240.09566295252,233506.04898277437,133248.16489578938,74459.57856620528,0.6177146000769901,1.082492173725317,1.7895369200527047,144240.09566295255,266176.03512499196,2.845367849359783,-0.950881779930368,1.845367849359782,0.8558820305220431,3.0060872518305954,6.381072625620442,1.298799500413531,0.29879950041313147,0.8208467088227346,9.0,101711.15491331124
SCA3-0,moderate,SAA,search_sampled,14,certified_feasible,1.0,144240.09566295246,233506.0489827744,133248.16489578935,72108.01978044715,0.6177146000769898,1.0824921737253168,1.8478966043097607,144240.09566295255,266176.03512499196,2.845367849359784,-0.950881779930368,1.845367849359782,0.8558820305220431,3.0060872518305954,6.381072625620442,1.2987995004135318,0.29879950041313197,0.8208467088227345,9.0,108985.85736892227
SCA3-0,moderate,SAA,search_sampled,13,ambiguous,1.0,131255.403886439,206820.72995723612,122673.4848779197,82353.0872408909,0.634633694183259,1.0699574078054415,1.4896039600687665,131255.403886439,245485.06746007493,2.8702854144768506,-0.9465946369426573,1.8702854144768504,0.7681126961592809,2.933810626105159,6.119593320494669,0.47221305427342913,-0.5277869457270223,0.8867569861987918,9.0,6215.8857656867185
SCA3-0,moderate,SAA,search_sampled,12,certified_feasible,1.0,119037.38834409181,158562.248806752,91414.37487491354,62130.533273368375,0.7507296928486983,1.3021736297707676,1.47132770408873,109658.09240282768,182060.30912495515,2.4506451761570567,-0.7764063781460881,1.660254205919968,0.8608521212782154,2.4506451761570562,2.9907856788641585,5.247602048744022,4.247602048743593,0.8563482017124603,9.0,3520.479273359728
SCA3-0,moderate,SAA,search_sampled,12,certified_feasible,1.0,119037.38834409186,158562.248806752,91414.3748749135,61610.83025664057,0.7507296928486986,1.3021736297707687,1.4837387273329372,109658.09240282768,182060.30912495515,2.450645176157056,-0.776406378146088,1.660254205919968,0.8608521212782154,2.450645176157056,2.9907856788641576,5.26184905014855,4.261849050148121,0.8563482017124603,9.0,93957.65655595339
SCA3-0,moderate,SAA,search_sampled,17,ambiguous,-1.0,145851.94003174573,247015.86791093333,133495.87544513767,77976.74673166162,0.5904557519532941,1.0925576505297048,1.7119959608539697,145851.94003174576,266930.74862487026,2.830148769819386,-0.9195006844394412,1.8301487698193852,0.7493328529881769,2.853357599702287,4.9844690526957764,0.8880952905562703,-0.111904709444156,0.8775766453964585,9.0,5231.182575368381
SCA3-0,moderate,SAA,search_sampled,17,ambiguous,-1.0,145851.94003174573,247015.86791093322,133495.87544513767,78329.14457594996,0.5904557519532945,1.0925576505297048,1.7042937998090433,145851.9400317458,266930.74862487026,2.830148769819386,-0.919500684439441,1.830148769819385,0.7493328529881769,2.853357599702286,4.984469052695769,0.5871150913299098,-0.41288490867051225,0.8775766453964585,9.0,158605.18668754527
SCA3-0,moderate,SAA,search_sampled,15,ambiguous,-1.0,151232.97822204782,255503.77573124334,145286.0523133384,84475.81869123771,0.5919011481893919,1.040932531471663,1.7198537352371142,151232.97822204782,290550.9758532685,2.9212144022361777,-0.9617315573793421,1.921214402236178,0.8322228701418677,2.927545123641488,7.229272637542724,0.3172736131179711,-0.6827263868824329,0.8401154835591712,9.0,119175.79214852487
SCA3-0,moderate,SAA,search_sampled,15,ambiguous,-1.0,151232.97822204782,255503.77573124334,145286.0523133384,83120.77641889534,0.5919011481893919,1.040932531471663,1.7478909434285723,151232.97822204782,290550.9758532685,2.9212144022361777,-0.9617315573793421,1.921214402236178,0.8322228701418677,2.927545123641488,7.229272637542724,0.36255268863900536,-0.6374473113613993,0.8401154835591712,9.0,122020.28249726348
SCA3-0,moderate,SAA,search_sampled,13,ambiguous,1.0,145287.9519520565,210211.0648371539,127774.34246040913,86331.07509984732,0.6911527329192115,1.1370667158555243,1.4800504026230423,133229.26712914463,253964.73291907448,2.665011068336823,-0.9034811148114649,1.906223297564911,0.8156681127109203,2.6650110683368227,4.5520691346179225,0.16629267687272303,-0.8337073231276899,0.8868112587457253,9.0,3450.092756974511
SCA3-0,moderate,SAA,search_sampled,13,ambiguous,1.0,145287.9519520565,210211.0648371539,127774.3424604091,85543.27323347822,0.6911527329192115,1.1370667158555248,1.4936807726735821,133229.26712914463,253964.73291907445,2.665011068336823,-0.9034811148114649,1.9062232975649107,0.8156681127109202,2.665011068336823,4.5520691346179225,0.16629267687272303,-0.8337073231276899,0.8868112587457253,9.0,4244.795945780032
SCA3-0,moderate,SAA,search_sampled,12,certified_feasible,1.0,119370.23997983037,151414.7774270212,89913.80720196108,61292.50723817013,0.7883658517898912,1.3276074464481893,1.466962460069947,100106.83265355713,177018.31935936544,2.3215598130635207,-0.7648553089087083,1.7682940781073189,0.8709333019345747,2.3215598130635207,2.916402143840361,5.567489079247148,4.567489079246724,0.8802516260590574,9.0,96531.76973740727
SCA3-0,moderate,SAA,search_sampled,17,ambiguous,-1.0,150820.82131976125,238931.3494398765,130924.01607531341,77757.32927446817,0.6312307768458532,1.1519721579041868,1.683751452074405,135052.3975042969,261925.9534745988,2.6321190105260466,-0.9060033912488195,1.9394394939657786,0.7526881536554202,2.6321190105260466,4.612739248057298,0.5980908977393985,-0.4019091022610106,0.894907429500171,9.0,167906.65451963435
SCA3-0,moderate,SAA,search_sampled,8,certified_feasible,1.0,76660.6055224344,112703.50915030763,65483.91726341848,47947.5393348298,0.6801971482555665,1.170678369989017,1.3657409362788717,64030.448346613244,130424.28329483616,2.5365666017931865,-0.912065316883711,2.036910355348694,0.8163730126985752,2.5365666017931856,4.769083170514069,14.21781599297393,13.217815992973359,0.8847788894405875,9.0,66183.48567910383
SCA3-0,moderate,SAA,search_sampled,15,certified_feasible,1.0,138335.76783490635,218624.7860411431,120936.10058950075,69983.05158572737,0.6327542742974847,1.1438748823601161,1.7280769822012871,131666.8235803083,241911.71025250043,2.7005201885216517,-0.8903851374302484,1.8373019388969298,0.8027201756529104,2.700520188521652,4.271498675012302,1.5124049578806713,0.5124049578802574,0.8749792908773805,9.0,143048.20842538588
SCA3-0,moderate,SAA,search_sampled,12,certified_feasible,1.0,101737.83401828603,138859.0630430321,89242.35165440985,49015.87030818111,0.732669742894331,1.1400174035335242,1.8206827930078524,101737.83401828603,180346.11496799515,2.772655342117666,-0.9610671727898004,1.772655342117666,0.8649004845190968,3.2340353257598906,7.1673238253298805,8.48536695580041,7.485366955799943,0.8554126279461198,9.0,62763.17052956422
SCA3-0,moderate,SAA,search_sampled,12,certified_feasible,1.0,101737.83401828603,138859.0630430321,89242.35165440985,48392.401889213266,0.732669742894331,1.1400174035335242,1.8441397444730285,101737.83401828603,180346.11496799515,2.772655342117666,-0.9610671727898006,1.772655342117666,0.8649004845190968,3.2340353257598924,7.167323825329901,8.088693303297035,7.088693303296562,0.8554126279461198,9.0,4654.363971257189
SCA3-0,moderate,SAA,search_sampled,15,ambiguous,1.0,141051.88355023868,217893.09173829708,122693.61016855206,72297.23519736675,0.6473444496333579,1.149626972068608,1.6970719534931933,130266.76820034874,244965.70124477163,2.6602443016046164,-0.8943967315727369,1.8804926584807669,0.7487297251867703,2.660244301604617,4.351874051952397,0.28504120918504655,-0.7149587908153767,0.8998067387842512,9.0,155504.15466877536
SCA3-0,moderate,SAA,search_sampled,15,ambiguous,1.0,141051.8835502386,217893.09173829702,122693.61016855198,70716.82833137597,0.6473444496333577,1.149626972068608,1.7349987699337288,130266.76820034871,244965.70124477163,2.660244301604618,-0.8943967315727369,1.8804926584807673,0.7487297251867702,2.6602443016046164,4.351874051952397,0.15065259273106682,-0.8493474072693583,0.8998067387842513,9.0,172348.8692853389
SCA3-0,moderate,SAA,search_sampled,9,certified_feasible,1.0,86015.69084312687,109635.34469227194,66591.90574211284,43439.97848038547,0.7845616856914028,1.2916838748576374,1.5329635987775914,80397.93589455406,131821.93525173867,2.4672227714049715,-0.7757040722676146,1.6396184029479286,0.9060467225027097,2.46722277140497,2.9860996973328433,12.466127140854132,11.466127140853617,0.8593264749986715,9.0,67149.82082296564
SCA3-0,moderate,SAA,search_sampled,15,ambiguous,-1.0,142262.31573072204,237168.28184228664,127895.41882918408,75673.84751382952,0.5998370213152041,1.1123331627751754,1.6900874348408277,131037.21164072589,256070.62720045875,2.7210848976612527,-0.9313777152285015,1.9541825104043418,0.7611842545752784,2.7210848976612505,5.398615670191931,0.4735110899740346,-0.526488910026396,0.8949903413847177,9.0,5402.571973016893
SCA3-0,moderate,SAA,search_sampled,15,ambiguous,1.0,140469.14077815838,222953.66163224005,122332.23306106021,70883.75417282313,0.6300373797397456,1.1482594346826436,1.7258148145314014,134413.79210402133,244690.32675364285,2.6988427262923165,-0.8849084542686884,1.8204257384858225,0.7521894004654707,2.698842726292315,4.168629392839891,0.4239046922477269,-0.576095307752696,0.8840223536696133,9.0,157799.97490387742
SCA3-0,moderate,SAA,search_sampled,15,ambiguous,1.0,140469.14077815838,222953.66163224005,122332.23306106021,71149.95328441587,0.6300373797397456,1.1482594346826436,1.7193578830902045,134413.79210402133,244690.32675364285,2.6988427262923165,-0.8849084542686884,1.8204257384858225,0.7521894004654707,2.698842726292315,4.168629392839891,0.34469838446085466,-0.6553016155395694,0.8840223536696133,9.0,157879.9359440505
SCA3-0,moderate,SAA,search_sampled,12,certified_feasible,1.0,95654.71594488005,133226.4206187949,82933.30437413589,47235.97223839316,0.7179860833954251,1.1533932798981967,1.7557234549038903,95654.71594488008,166819.3924208849,2.743974573266337,-0.9478921564941988,1.7439745732663368,0.903626633213838,3.200097813647616,6.195315782113512,10.490781914948725,9.49078191494825,0.8237136875052773,9.0,62185.326408492634
SCA3-0,moderate,SAA,search_sampled,12,certified_feasible,1.0,95654.71594488005,133226.42061879492,82933.30437413589,44079.40718715937,0.717986083395425,1.1533932798981967,1.8814523530682807,95654.71594488008,166819.3924208849,2.743974573266337,-0.9478921564941988,1.7439745732663368,0.903626633213838,3.200097813647616,6.195315782113512,10.49595864653668,9.495958646536208,0.8237136875052773,9.0,62316.47882504368
SCA3-0,moderate,SAA,search_sampled,12,certified_feasible,1.0,95654.71594488005,133226.42061879492,82933.30437413593,44595.923552526976,0.717986083395425,1.153393279898196,1.8596611028013257,95654.71594488008,166819.3924208849,2.743974573266337,-0.9478921564941989,1.7439745732663368,0.9036266332138377,3.2000978136476173,6.195315782113519,10.49595864653668,9.495958646536208,0.8237136875052773,9.0,61834.73719871351
SCA3-0,moderate,SAA,search_sampled,10,certified_feasible,1.0,85796.78085823568,110686.52632512743,66727.01557495905,43642.10648848622,0.7751330148912495,1.2857877745461919,1.5289595517705625,80066.8870391846,132206.9941850695,2.4741473875925473,-0.7807123136811657,1.6512068730781004,0.8890821493002408,2.4741473875925477,3.0200064822226365,12.158351634733524,11.158351634733004,0.864449185376843,9.0,69936.25726846824
SCA3-0,moderate,SAA,search_sampled,12,certified_feasible,1.0,104411.45893164809,143765.74718577543,91951.16891028702,49690.72558464092,0.7262610251433996,1.135509859950971,1.8504694352603401,104411.45893164809,185462.4428635528,2.776265218025197,-0.9576264489510007,1.7762652180251972,0.8815843218292628,3.199105540671331,6.8701713244495295,7.58276226266573,6.582762262665265,0.8454650746417779,9.0,3649.552734231038
SCA3-0,moderate,SAA,search_sampled,10,certified_feasible,1.0,96453.53705303068,124948.68609116043,78305.8666684391,51256.01460811948,0.7719451886245513,1.2317536495883765,1.5277400567939328,91693.44972426475,154841.9511529032,2.5560016605883664,-0.8128062289003029,1.68869152178847,0.8875316082517195,2.5560016605883638,3.268656633461355,8.66240144734428,7.662401447343785,0.8728619095247435,9.0,71765.20450583108
SCA3-0,moderate,SAA,search_sampled,11,certified_feasible,1.0,113269.0743023001,171391.9915579531,105233.94162077118,71252.46640638626,0.6608772864629454,1.0763549531432066,1.4769164764146214,108763.16537470273,209796.28826059605,2.8124133228555035,-0.942541440600118,1.928927753599498,0.7795184523668834,2.8124133228555004,5.899804641956245,2.90891338728032,1.9089133872798327,0.891842949651262,9.0,4670.019904933768
SCA3-0,moderate,SAA,search_sampled,10,certified_feasible,1.0,96233.02546986932,128474.47203759527,76721.34149134546,51049.719245133216,0.7490439458020018,1.2543188583417153,1.5028748958038516,93654.33445358227,152853.30395335122,2.561570076419507,-0.7989477250126903,1.632100690749232,0.8742462705143272,2.561570076419506,3.1539913795795815,9.065766066872856,8.065766066872365,0.8500076764114887,9.0,80635.3830018976
SCA3-0,moderate,SAA,search_sampled,10,certified_feasible,1.0,96233.02546986932,128474.47203759523,76721.34149134553,51607.16619921483,0.7490439458020021,1.2543188583417142,1.4866412388385084,93654.33445358227,152853.30395335122,2.561570076419507,-0.7989477250126902,1.632100690749232,0.8742462705143272,2.5615700764195055,3.1539913795795806,9.065766066872856,8.065766066872365,0.8500076764114888,9.0,86266.05993364206
SCA3-0,moderate,SAA,search_sampled,16,ambiguous,-1.0,140710.241795362,232711.35414043,127644.2159537095,75894.55691162855,0.6046556787704059,1.102362850866591,1.6818625886746812,139921.4570986273,255295.0816512858,2.80872617165057,-0.9091815499042067,1.8245599134329653,0.7675318760845092,2.808726171650568,4.692755796862951,0.05887955680821716,-0.941120443192212,0.8771959440713676,9.0,159602.20667167765
SCA3-0,moderate,SAA,search_sampled,16,ambiguous,1.0,140710.241795362,232711.35414042996,127644.21595370956,74590.27666787192,0.6046556787704059,1.1023628508665906,1.7112715176278388,139921.4570986273,255295.08165128573,2.808726171650569,-0.909181549904207,1.8245599134329649,0.7675318760845091,2.8087261716505694,4.692755796862956,0.08360938568044302,-0.916390614319984,0.8771959440713676,9.0,153139.29387390398
SCA3-0,moderate,SAA,search_sampled,10,certified_feasible,1.0,100619.93406373155,125213.99674092719,74791.5729753579,49691.39258251534,0.8035837580675446,1.3453378510555392,1.505121291401973,89843.96338372464,147510.03034882684,2.358916212191255,-0.7434899850445938,1.6418468731038696,0.9047690298673009,2.358916212191255,2.792304876845498,9.101624146409076,8.101624146408613,0.8676886165659995,9.0,81972.4344435407
SCA3-0,moderate,SAA,search_sampled,10,certified_feasible,1.0,100619.93406373159,125213.99674092722,74791.5729753579,50525.56776503573,0.8035837580675447,1.3453378510555398,1.480271796710309,89843.96338372464,147510.03034882684,2.358916212191254,-0.7434899850445938,1.6418468731038696,0.9047690298673009,2.358916212191255,2.792304876845498,9.175757239702902,8.175757239702438,0.8676886165659994,9.0,80390.03157589567
SCA3-0,moderate,SAA,search_sampled,16,ambiguous,1.0,140785.7803304165,225663.68357258308,123787.94445104324,70688.90268288461,0.6238743341488255,1.137314146016018,1.7511651723660877,128722.49004389509,247589.73142147006,2.672941973132379,-0.9107130627435347,1.9234380203260564,0.771754197960866,2.6729419731323776,4.732831413150114,0.24927068564484475,-0.7507293143555799,0.8970800495680861,9.0,162620.56422303265
SCA3-0,moderate,SAA,search_sampled,13,certified_feasible,1.0,111123.02398712123,155038.83947724695,96403.05317426412,56366.84379695083,0.7167431358606714,1.1526919566151954,1.710279424576883,111123.0239871213,194071.69014997385,2.7464579633152004,-0.9540182529153028,1.7464579633151989,0.8703152131840357,3.2416658364547395,6.595113342538302,7.023953696519607,6.023953696519168,0.831156854901122,9.0,2404.667420845508
SCA3-0,moderate,SAA,search_sampled,13,certified_feasible,1.0,111123.02398712123,155038.83947724695,96403.05317426412,54416.85019464647,0.7167431358606714,1.1526919566151954,1.7715662121095765,111123.0239871213,194071.69014997385,2.7464579633152004,-0.954018252915303,1.7464579633151989,0.8703152131840357,3.241665836454741,6.59511334253831,6.832983887131233,5.832983887130792,0.831156854901122,9.0,72507.04708351183
SCA3-0,moderate,SAA,search_sampled,11,certified_feasible,1.0,115469.66204606477,163584.00918347787,103295.58762733894,70283.64005944267,0.7058737747193404,1.1178566742138727,1.4696960422080627,108355.45744481274,205015.08944496265,2.713877752277141,-0.9101902425872259,1.8920605780228494,0.8134661992582197,2.713877752277142,4.719035410306332,3.59312037859344,2.5931203785929724,0.8905239790449889,9.0,4082.2017835169536
SCA3-0,moderate,SAA,search_sampled,16,ambiguous,1.0,140876.13827696908,220094.2477106975,122157.47370126343,74495.56614547048,0.6400718771266729,1.1532338874450059,1.6397952257013744,131737.36486334456,244227.79118201733,2.6687639272606747,-0.888232626573425,1.8538991685112478,0.7740754659341752,2.6687639272606742,4.230166633792409,0.9854603664517939,-0.01453963354861992,0.8871861148634957,9.0,149565.25380035408
SCA3-0,moderate,SAA,search_sampled,16,ambiguous,1.0,140876.13827696908,220094.2477106975,122157.47370126356,69953.3847432578,0.6400718771266729,1.1532338874450045,1.746269664428743,131737.36486334456,244227.79118201736,2.6687639272606747,-0.888232626573425,1.853899168511248,0.7740754659341752,2.668763927260674,4.230166633792409,0.9422471061717885,-0.057752893828625855,0.8871861148634957,9.0,154739.12806458405
SCA3-0,moderate,SAA,search_sampled,16,ambiguous,1.0,140876.13827696908,220094.2477106975,122157.47370126343,69312.47854269245,0.6400718771266729,1.1532338874450059,1.7624167576985657,131737.36486334456,244227.79118201733,2.6687639272606747,-0.888232626573425,1.8538991685112478,0.7740754659341752,2.6687639272606742,4.230166633792409,0.9422471061717885,-0.057752893828625855,0.8871861148634957,9.0,153516.06467900577
SCA3-0,moderate,SAA,search_sampled,13,certified_feasible,1.0,124403.63384091052,198256.0227148836,116178.21799623428,69897.08108362458,0.6274898090728782,1.0707999828758163,1.6621326126228237,124403.63384091057,232322.0538847269,2.867486075059707,-0.9575187445640289,1.867486075059706,0.877916900684043,3.0039648334534483,6.86145669039164,3.8160705507926744,2.816070550792246,0.8287340739775803,9.0,91794.04578667259
SCA3-0,moderate,SAA,search_sampled,12,certified_feasible,1.0,141447.19484277393,205958.24976485738,123590.39291974151,82767.7192451459,0.686776057789694,1.144483737782341,1.4932197485554097,122402.36070581921,245317.8789212494,2.599699768071111,-0.9184233394455221,2.0041923824561216,0.8019419590387891,2.59969976807111,4.951445878277938,1.230218623241491,0.23021862324108225,0.8937756859277616,9.0,108572.92045640346
SCA3-0,moderate,SAA,search_sampled,11,certified_feasible,1.0,116249.63825354766,159875.7405986433,90792.66675638659,60665.43097662092,0.7271249397704692,1.2803857668975271,1.4966129028470272,95890.39858132465,180468.2447264809,2.3772860497427977,-0.8162235438737141,1.8820262236518472,0.8319793314875363,2.3772860497427963,3.2989069173917356,4.872500743966219,3.8725007439657726,0.8914338951695829,9.0,109216.81376753327
SCA3-0,moderate,SAA,search_sampled,16,ambiguous,-1.0,167695.8784264932,266799.3099690277,143926.0481272791,78930.73979401863,0.6285468970889045,1.1651530811031063,1.8234473476731026,148391.49995378946,288586.0703731001,2.605774062112276,-0.9011366820053613,1.9447614618288014,0.8080301403553234,2.6057740621122756,4.497771693145234,0.9956242354121578,-0.004375764588218017,0.87742385264964,9.0,164383.387315912
SCA3-0,moderate,SAA,search_sampled,16,ambiguous,-1.0,167695.8784264931,266799.3099690277,143926.04812727915,83988.65913168844,0.6285468970889041,1.165153081103105,1.7136366935161211,148391.4999537895,288586.0703731001,2.6057740621122782,-0.9011366820053612,1.944761461828801,0.8080301403553234,2.605774062112276,4.497771693145232,0.9956242354121585,-0.004375764588217329,0.87742385264964,9.0,164889.78773206682
SCA3-0,moderate,SAA,search_sampled,13,certified_feasible,1.0,110187.9250318592,155373.3595054545,95274.96198188732,54355.82774669892,0.7091815828825596,1.1565255208688194,1.7528012345957413,110187.92503185925,191374.0841433807,2.7367972406055183,-0.9501456636264425,1.7367972406055168,0.880535829340469,3.2342440818228204,6.333788075025309,7.154639273701037,6.154639273700595,0.8180051803680523,9.0,71695.1991480664
SCA3-0,moderate,SAA,search_sampled,13,ambiguous,1.0,144034.12927562816,210379.2399938472,125831.29288051331,79441.65933465546,0.6846404107165737,1.1446606482252382,1.5839459288033897,124413.2434042591,249839.62492211343,2.598362417355894,-0.919345052670251,2.008143330130083,0.7995060890541724,2.5983624173558932,4.979657715374919,0.9740965395128002,-0.025903460487604738,0.8939819743030382,9.0,104669.6481570198
SCA3-0,moderate,SAA,search_sampled,11,certified_feasible,1.0,100945.82721786393,126912.26474990995,75317.89289895905,46994.33552148305,0.7953985173677672,1.3402635593282652,1.6027015184527533,89927.2659916336,148679.60737789454,2.3637121012893436,-0.7480162407174089,1.6533317869546593,0.876525635543103,2.363712101289343,2.8172716333205976,8.701224801994766,7.701224801994299,0.8731880823854032,9.0,85612.37343303548
SCA3-0,moderate,SAA,search_sampled,11,certified_feasible,1.0,100945.82721786395,126912.26474990994,75317.892898959,51231.36789548258,0.7953985173677675,1.3402635593282661,1.4701519009333401,89927.2659916336,148679.60737789454,2.363712101289343,-0.7480162407174089,1.6533317869546593,0.8765256355431029,2.363712101289343,2.8172716333205976,8.71800494345802,7.718004943457553,0.8731880823854032,9.0,2318.9057237869274
SCA3-0,moderate,SAA,search_sampled,16,certified_feasible,1.0,142192.99706291856,224976.826236275,124013.26551911279,70481.13341074424,0.6320339718615495,1.1465950555185076,1.7595242800140334,134567.7152482477,248099.60524980203,2.691182606754708,-0.890233704077099,1.8436785137661964,0.8006903552991409,2.691182606754708,4.268551182736851,1.0314131827717843,0.03141318277137494,0.8755683287401076,9.0,147438.2672360925
SCA3-0,moderate,SAA,search_sampled,16,certified_feasible,1.0,142192.99706291858,224976.826236275,124013.2655191129,71155.47314605505,0.6320339718615496,1.1465950555185067,1.7428492853186563,134567.71524824767,248099.60524980203,2.6911826067547078,-0.8902337040770992,1.8436785137661968,0.8006903552991408,2.6911826067547087,4.268551182736855,1.031413182771784,0.031413182771374726,0.8755683287401076,9.0,147334.0330929573
SCA3-0,moderate,SAA,search_sampled,13,certified_feasible,1.0,129788.06078441348,189551.1248249288,112311.50289006674,70174.51224717812,0.6847126911237639,1.155607906978622,1.6004600430205775,129788.0607844135,224649.875475216,2.7308978508306265,-0.9322015176444866,1.730897850830626,0.8737230228212279,3.114339546714653,5.431315253928143,4.205876305523989,3.2058763055235864,0.8039976144435694,9.0,87398.35633462993
SCA3-0,moderate,SAA,search_sampled,13,certified_feasible,1.0,129788.06078441348,189551.1248249288,112311.50289006677,63790.36622027008,0.6847126911237639,1.1556079069786216,1.7606342390675689,129788.0607844135,224649.875475216,2.7308978508306265,-0.9322015176444867,1.730897850830626,0.873723022821228,3.114339546714654,5.4313152539281475,4.205876305523989,3.2058763055235864,0.8039976144435692,9.0,73162.37065321629
SCA3-0,moderate,SAA,search_sampled,13,ambiguous,-1.0,147058.73016634778,231667.05613412015,135466.6265623405,88511.42070179437,0.6347848184387959,1.0855716562682152,1.5304988383221627,133967.0971202265,270224.8841782962,2.7485072177715297,-0.9577350761331241,2.0170988995588033,0.7670911413277031,2.7485072177715284,6.878994343410842,0.24641211461575804,-0.7535878853846559,0.8937985383445715,9.0,119435.9974601093
SCA3-0,moderate,SAA,search_sampled,13,ambiguous,-1.0,147058.73016634778,231667.05613412012,135466.6265623405,87143.88976363359,0.6347848184387959,1.0855716562682152,1.5545166382838318,133967.0971202265,270224.8841782962,2.7485072177715297,-0.9577350761331241,2.0170988995588033,0.7670911413277031,2.7485072177715284,6.878994343410842,0.24641211461575804,-0.7535878853846559,0.8937985383445715,9.0,119526.63246273695
SCA3-0,moderate,SAA,search_sampled,11,certified_feasible,1.0,118147.38117337505,157335.37837853478,90494.98080755032,60063.09318431012,0.7509269840704427,1.3055683322882985,1.5066653415576958,108490.21342645545,180246.04836106335,2.443865102382706,-0.7747395972625821,1.6614037586279664,0.8607593271722118,2.443865102382705,2.9797001972988384,5.382006802041232,4.382006802040801,0.8563349472016523,9.0,109335.05564120672
SCA3-0,moderate,SAA,search_sampled,17,ambiguous,-1.0,145851.94003174573,247015.86791093324,nan,79229.75818415356,0.5904557519532944,nan,nan,145851.9400317458,266930.7486248702,2.830148769819386,-0.9195006844394414,1.8301487698193846,0.7493328529881768,2.853357599702288,4.9844690526957836,0.8880952905562703,-0.111904709444156,0.8775766453964585,nan,nan
SCA3-0,moderate,SAA,search_sampled,14,certified_feasible,1.0,130674.3525544555,190498.36163857242,nan,70142.418145912,0.6859605060666115,nan,nan,130674.3525544555,226170.49150446308,2.730794812319516,-0.9324492723820551,1.730794812319516,0.8725615834833879,3.116294151458344,5.441266312562648,4.091570786267294,3.091570786266892,0.8051974920197386,nan,nan
SCA3-0,moderate,SAA,search_sampled,13,certified_feasible,1.0,142033.64696203978,206923.8096412303,nan,79597.83043484097,0.6864055287223896,nan,nan,122999.74773839883,246759.2054623544,2.603319432469236,-0.9199844769622951,2.006176516615079,0.8011929783431108,2.6033194324692346,4.999514975655436,1.1229022990053148,0.12290229900490635,0.8943287115762876,nan,nan
SCA3-0,moderate,SAA,search_sampled,11,certified_feasible,1.0,101526.06572310466,126514.2707303065,nan,51949.68073251058,0.80248706440027,nan,nan,91040.23003060895,149423.6180588885,2.368493710229276,-0.7464295471366152,1.6412921848796986,0.9049337212734909,2.3684937102292754,2.8084433932551356,8.983410933872584,7.983410933872124,0.8674982964886713,nan,nan
SCA3-0,moderate,SAA,search_sampled,17,certified_feasible,1.0,142456.5362226303,225537.420419974,nan,73951.18504690671,0.6316314869495337,nan,nan,134679.83318417537,248988.70239616357,2.6932322359764793,-0.8922377359501803,1.8487452539065017,0.798188934929359,2.6932322359764793,4.308059017761945,1.0294683275781884,0.02946832757777986,0.8770163205092742,nan,nan
SCA3-0,moderate,SAA,search_sampled,17,certified_feasible,1.0,142456.5362226303,225537.420419974,nan,72255.90508935532,0.6316314869495337,nan,nan,134679.83318417537,248988.70239616357,2.6932322359764793,-0.8922377359501803,1.8487452539065017,0.798188934929359,2.6932322359764793,4.308059017761945,1.0294683275781884,0.02946832757777986,0.8770163205092742,nan,nan
SCA3-0,moderate,SAA,search_sampled,17,certified_feasible,1.0,142456.53622263024,225537.42041997393,nan,74975.05746800624,0.6316314869495336,nan,nan,134679.83318417537,248988.70239616357,2.69323223597648,-0.8922377359501805,1.8487452539065017,0.798188934929359,2.69323223597648,4.308059017761949,1.0062198441318435,0.006219844131434497,0.8770163205092741,nan,nan
SCA3-0,moderate,SAA,search_sampled,14,certified_feasible,1.0,133708.2619981277,197023.30416644888,nan,72196.2746183885,0.6786418620061743,nan,nan,133708.26199812774,234509.96370153312,2.7538928424992686,-0.9491033359417697,1.7538928424992681,0.8485585728791525,3.1865372777311345,6.268596830632628,3.3744254284840993,2.374425428483697,0.8202366037048564,nan,nan
SCA3-0,moderate,SAA,search_sampled,14,certified_feasible,1.0,133708.26199812768,197023.30416644888,nan,72534.14319712947,0.6786418620061742,nan,nan,133708.26199812774,234509.96370153312,2.753892842499269,-0.9491033359417697,1.7538928424992681,0.8485585728791525,3.1865372777311345,6.268596830632628,3.3744254284840998,2.3744254284836974,0.8202366037048564,nan,nan
SCA3-0,moderate,SAA,search_sampled,13,ambiguous,1.0,149753.4962565346,217753.35186669332,nan,86941.16762086166,0.6877207398773469,nan,nan,132516.92534175486,260699.49529380928,2.625757865191784,-0.9132294870912149,1.967292061911923,0.801783332323009,2.6257578651917854,4.800969152536611,0.1727973330468741,-0.8272026669535267,0.8910625454605379,nan,nan
SCA3-0,moderate,SAA,search_sampled,12,certified_feasible,1.0,104231.09535852284,134492.56333398417,nan,54213.32493633965,0.7749952322619259,nan,nan,93408.72285701633,159803.5443396313,2.429335183763305,-0.7837532838379064,1.7107989430949357,0.8667741524440233,2.4293351837633046,3.0411667757994034,7.334920111865829,6.334920111865359,0.8822049142242946,nan,nan
SCA3-0,moderate,SAA,search_sampled,17,ambiguous,1.0,144423.1941457081,228775.50091368528,nan,78549.52849135193,0.6312878501802409,nan,nan,137845.00065056756,252664.70124381964,2.7039265002019217,-0.889824700457883,1.8329623856603705,0.7677400406448954,2.7039265002019217,4.2606207473936735,0.06736930164743177,-0.932630698352985,0.8836096759806775,nan,nan
SCA3-0,moderate,SAA,search_sampled,14,certified_infeasible,-1.0,171895.92624705032,253218.4861133407,nan,92587.25754192905,0.6788443011625527,nan,nan,147738.8035255406,294908.8656709237,2.5750910964596523,-0.9094643574827209,1.9961503588320373,0.8074470970546336,2.5750910964596536,4.700079498749126,1.2607925317975373,0.26079253179716616,0.8894210150752043,nan,nan
SCA3-0,moderate,SAA,search_sampled,14,certified_infeasible,-1.0,171895.92624705032,253218.48611334074,nan,93298.0811751441,0.6788443011625526,nan,nan,147738.8035255406,294908.8656709237,2.5750910964596523,-0.9094643574827209,1.9961503588320373,0.8074470970546336,2.5750910964596536,4.700079498749126,1.2607925317975373,0.26079253179716616,0.8894210150752042,nan,nan
SCA3-0,moderate,SAA,search_sampled,14,certified_infeasible,-1.0,171895.92624705026,253218.4861133407,nan,95449.98082757505,0.6788443011625525,nan,nan,147738.8035255406,294908.8656709237,2.575091096459653,-0.909464357482721,1.9961503588320373,0.8074470970546337,2.5750910964596545,4.700079498749129,1.2607925317975377,0.2607925317971666,0.8894210150752043,nan,nan
SCA3-0,moderate,SAA,search_sampled,13,certified_feasible,1.0,129788.06078441348,189551.1248249288,nan,70174.51224717812,0.6847126911237639,nan,nan,129788.0607844135,224649.875475216,2.7308978508306265,-0.9322015176444866,1.730897850830626,0.8737230228212279,3.114339546714653,5.431315253928143,4.205876305523989,3.2058763055235864,0.8039976144435694,nan,nan
SCA3-0,moderate,SAA,search_sampled,14,certified_infeasible,-1.0,171895.92624705017,253218.48611334065,nan,95064.04748083242,0.6788443011625522,nan,nan,147738.8035255406,294908.8656709237,2.5750910964596545,-0.909464357482721,1.9961503588320373,0.8074470970546337,2.5750910964596545,4.700079498749129,1.2607925317975384,0.2607925317971672,0.8894210150752043,nan,nan
SCA3-0,moderate,SAA,search_sampled,17,ambiguous,-1.0,155337.92187486312,252034.83288235115,nan,81094.41059150842,0.6163351315307048,nan,nan,145770.27844505123,272068.0145841578,2.6898666338913078,-0.8968876788112333,1.8664162371530015,0.7774622315149026,2.6898666338913073,4.404125803759347,0.7474961080509912,-0.2525038919494087,0.8808314028966594,nan,nan
SCA3-0,moderate,SAA,search_sampled,12,ambiguous,-1.0,162217.33143017368,236956.41985322637,nan,82318.41624987501,0.6845871976401949,nan,nan,133181.6293104931,269205.82276737376,2.4805453802639716,-0.8910576163651419,2.021343515326431,0.8030303792967036,2.4805453802639716,4.28466193427652,0.16517348709444685,-0.834826512905929,0.8882320762972442,nan,nan
SCA3-0,moderate,SAA,search_sampled,17,ambiguous,-1.0,155337.92187486307,252034.8328823511,nan,80078.36333332225,0.6163351315307048,nan,nan,145770.27844505123,272068.0145841578,2.6898666338913086,-0.8968876788112333,1.8664162371530015,0.7774622315149026,2.6898666338913073,4.404125803759347,0.7474961080509915,-0.2525038919494084,0.8808314028966594,nan,nan
SCA3-0,moderate,SAA,search_sampled,17,ambiguous,-1.0,148065.27534588784,235730.69382325883,nan,79913.49472001923,0.6281119906129029,nan,nan,147301.1289267464,267819.69316334114,2.8036338778308734,-0.9062284589292995,1.8181781437434144,0.8017051646843958,2.8036338778308743,4.618271610576343,0.01715234042760796,-0.9828476595728001,0.8778389996737851,nan,nan
SCA3-0,moderate,SAA,search_sampled,17,ambiguous,-1.0,170400.30566292515,271723.3714906318,nan,83070.32149028892,0.6271094927467439,nan,nan,150804.37191864004,293823.9801973671,2.609316634651713,-0.9031633120565575,1.9483783955274656,0.8077960850865691,2.6093166346517114,4.544593409138431,0.9200180748717458,-0.07998192512862344,0.877335059648241,nan,nan
SCA3-0,moderate,SAA,search_sampled,13,certified_feasible,1.0,143618.8595633933,232440.45888191054,nan,79429.52684259573,0.6178737568073622,nan,nan,143618.85956339334,265250.42277311307,2.8469052294349386,-0.9510979227931143,1.8469052294349375,0.8564989854402624,3.0044364454339987,6.395158966434611,1.384399344820303,0.3843993448199028,0.8207873974710151,nan,nan
SCA3-0,moderate,SAA,search_sampled,13,ambiguous,-1.0,150678.44775049516,220070.66436130597,nan,84434.44668737616,0.6846821142099859,nan,nan,129656.2318345262,256187.8791628794,2.5607120112911943,-0.8992403466605162,1.9759010079040338,0.8003418238996718,2.560712011291193,4.455245759448582,0.15680928492497062,-0.8431907150754325,0.8905234626898586,nan,nan
SCA3-0,moderate,SAA,search_sampled,9,certified_feasible,1.0,90413.76316045626,122066.82980560356,nan,47250.522664151475,0.7406906798877623,nan,nan,77161.27289801351,143812.74620288896,2.4440307689520946,-0.8318326800144216,1.8637943725082244,0.8712976150128368,2.444030768952093,3.448610898123194,10.496508012573496,9.496508012572987,0.8887209765705053,nan,nan
SCA3-0,moderate,SAA,search_sampled,13,certified_feasible,1.0,117746.9777591383,184662.50990159623,nan,69163.1106077347,0.6376333659814536,nan,nan,108601.61273905543,207347.81620745955,2.6832911974421716,-0.9086623601742914,1.9092517226762407,0.8262965852529035,2.6832911974421694,4.679399294329221,4.587842749973806,3.587842749973362,0.87398510117136,nan,nan
SCA3-0,moderate,SAA,search_sampled,9,certified_feasible,1.0,81719.13709675874,106245.5500531861,nan,41225.52188989269,0.7691535038959323,nan,nan,70549.53577753947,124950.99465661129,2.3923469750135795,-0.7890868037137796,1.7711100899460683,0.8665970481693419,2.3923469750135795,3.079378840117245,13.074993645909109,12.074993645908567,0.8909796275663383,nan,nan
SCA3-0,moderate,SAA,search_sampled,14,ambiguous,1.0,156052.1264909332,241301.54829599895,nan,82747.12587517101,0.646710009085842,nan,nan,156052.12649093327,283492.15563259355,2.8166503847614326,-0.9563628283825564,1.816650384761432,0.8490409389575058,3.100156793000475,6.769969326988422,0.6463554960301469,-0.35364450397023156,0.8302506793521942,nan,nan
SCA3-0,moderate,SAA,search_sampled,14,ambiguous,1.0,156052.1264909332,241301.54829599895,nan,82043.02195205704,0.646710009085842,nan,nan,156052.12649093327,283492.15563259355,2.8166503847614326,-0.9563628283825564,1.816650384761432,0.8490409389575058,3.100156793000475,6.769969326988422,0.6364952190073787,-0.3635047809929998,0.8302506793521942,nan,nan
SCA3-0,moderate,SAA,search_sampled,9,certified_feasible,1.0,84673.00487059384,109107.56467850214,nan,45331.563829272694,0.7760507268225855,nan,nan,77162.49131428673,134344.95355579577,2.4979324306882735,-0.8119073625288639,1.7410655263656791,0.8594464643056238,2.497932430688274,3.2608370713919275,11.830340164049659,10.830340164049124,0.8910116378280155,nan,nan
SCA3-0,moderate,SAA,search_sampled,14,certified_feasible,1.0,114854.41002215045,179322.45184490352,nan,67518.10559383382,0.6404909638503512,nan,nan,114854.41002215054,208512.00173855468,2.815446195738952,-0.9077399196669902,1.8154461957389496,0.8200360437106448,2.815532180781505,4.655947596619996,4.501722451321058,3.5017224513206004,0.8776059074906447,nan,nan
SCA3-0,moderate,SAA,search_sampled,15,certified_feasible,1.0,117603.11400082882,185694.90146021714,nan,70860.0882507744,0.6333136401487246,nan,nan,117603.11400082894,215771.3817319235,2.8347420777514696,-0.9274817730541789,1.8347420777514667,0.7912992250407903,2.888838229787101,5.251597213958118,3.2124954389189857,2.2124954389185216,0.886330224506534,nan,nan
SCA3-0,moderate,SAA,search_sampled,14,ambiguous,1.0,151012.49212384754,240084.64877732852,nan,80999.7279699705,0.6289968679501337,nan,nan,151012.4921238476,277606.60744169087,2.838302272463802,-0.9579742896237325,1.838302272463801,0.839616555627607,3.0655026922259117,6.898544438208558,0.6851404460302309,-0.31485955397015936,0.8308012455337093,nan,nan
SCA3-0,moderate,SAA,search_sampled,14,ambiguous,1.0,151012.49212384754,240084.64877732852,nan,80061.46374637546,0.6289968679501337,nan,nan,151012.4921238476,277606.60744169087,2.838302272463802,-0.9579742896237325,1.838302272463801,0.839616555627607,3.0655026922259117,6.898544438208558,0.5622707418345415,-0.4377292581658506,0.8308012455337093,nan,nan
SCA3-0,moderate,SAA,search_sampled,13,ambiguous,1.0,143753.9282710822,207028.97249072106,nan,82840.86791788074,0.6943662355157811,nan,nan,128313.6690377522,245718.29308885234,2.6018903735366337,-0.8908728042381191,1.9149814274000503,0.7975381055951496,2.6018903735366337,4.281032256878311,0.20560622471949178,-0.7943937752809248,0.8886417402916006,nan,nan
SCA3-0,moderate,SAA,search_sampled,10,certified_feasible,1.0,91659.65468021519,119295.67973598246,nan,48435.338323982636,0.7683401015281563,nan,nan,83910.5470028533,143882.64014967362,2.4852066915073845,-0.8010133159400102,1.7147146013096664,0.8391523980970462,2.485206691507383,3.170319196315239,9.780584021073663,8.780584021073151,0.8847115307592612,nan,nan
SCA3-0,moderate,SAA,search_sampled,10,certified_feasible,1.0,91659.65468021519,119295.67973598247,nan,50029.84753911195,0.7683401015281562,nan,nan,83910.5470028533,143882.6401496736,2.485206691507384,-0.8010133159400101,1.7147146013096661,0.839152398097046,2.4852066915073827,3.1703191963152375,9.56446524891141,8.564465248910897,0.8847115307592613,nan,nan
SCA3-0,moderate,SAA,search_sampled,15,certified_feasible,1.0,127038.85017802325,191694.55641388474,nan,71155.55579730062,0.6627149594364883,nan,nan,127038.85017802332,227747.82373385408,2.79274153862936,-0.9191137952869355,1.7927415386293586,0.8275260998709585,2.9140818138923628,4.972534084696256,3.0914602346348263,2.091460234634398,0.8747430730050663,nan,nan
SCA3-0,moderate,SAA,search_sampled,14,ambiguous,-1.0,165917.61469069857,282367.1119730545,nan,88764.60460202818,0.5875953949854176,nan,nan,165917.6146906986,313292.96877162554,2.8882441707932105,-0.9504068387343373,1.8882441707932103,0.8559012743345003,2.923141841530655,6.350444157444933,0.8995174115399712,-0.10048258846040702,0.8286305251687167,nan,nan
SCA3-0,moderate,SAA,search_sampled,16,ambiguous,1.0,146407.58688512686,233290.0235645356,nan,89298.78710968955,0.6275775733917133,nan,nan,146407.58688512686,265445.5736199825,2.8130588671491066,-0.9065511122581172,1.8130588671491068,0.8005898799923269,2.8131694401859533,4.626237551815258,0.09537821029855341,-0.9046217897018575,0.878003455598229,nan,nan
SCA3-0,moderate,SAA,search_sampled,16,ambiguous,1.0,146407.58688512686,233290.02356453563,nan,87375.24647640513,0.6275775733917132,nan,nan,146407.58688512686,265445.5736199825,2.8130588671491066,-0.9065511122581172,1.8130588671491068,0.8005898799923267,2.8131694401859533,4.626237551815258,0.3952161278700611,-0.6047838721303456,0.878003455598229,nan,nan
SCA3-0,moderate,SAA,search_sampled,14,ambiguous,1.0,145388.05980370528,239584.78917942292,nan,84350.09466797682,0.6068334317118331,nan,nan,145388.05980370528,271908.2737317526,2.8702242405522687,-0.958582599474886,1.870224240552269,0.8438872833160052,3.005165827335542,6.949020276550796,0.6335000503783309,-0.36649994962207505,0.8376693360188995,nan,nan
SCA3-0,moderate,SAA,search_sampled,14,ambiguous,1.0,145388.05980370523,239584.78917942292,nan,78835.38043177457,0.6068334317118329,nan,nan,145388.05980370526,271908.27373175265,2.8702242405522704,-0.958582599474886,1.8702242405522698,0.8438872833160053,3.005165827335541,6.949020276550796,0.6335000503783312,-0.36649994962207477,0.8376693360188997,nan,nan
SCA3-0,moderate,SAA,search_sampled,14,ambiguous,1.0,145388.05980370528,239584.78917942292,nan,80432.549767911,0.6068334317118331,nan,nan,145388.05980370528,271908.2737317526,2.8702242405522687,-0.958582599474886,1.870224240552269,0.8438872833160052,3.005165827335542,6.949020276550796,0.5648752955666551,-0.4351247044337519,0.8376693360188995,nan,nan
SCA3-0,moderate,SAA,search_sampled,13,ambiguous,1.0,143076.52427570903,204481.25755598673,nan,76694.68773963317,0.6997048335177362,nan,nan,122787.29687325728,237919.4116164185,2.5210754197145055,-0.8765041412156113,1.9376549339790594,0.7939374060401637,2.521075419714505,4.024285654888346,0.43308700410822165,-0.5669129958921936,0.8948794704892361,nan,nan
SCA3-0,moderate,SAA,search_sampled,13,ambiguous,1.0,143076.52427570903,204481.25755598673,nan,76522.71224425265,0.6997048335177362,nan,nan,122787.29687325728,237919.4116164185,2.5210754197145055,-0.8765041412156113,1.9376549339790594,0.7939374060401637,2.521075419714505,4.024285654888346,0.43308700410822165,-0.5669129958921936,0.8948794704892361,nan,nan
SCA3-0,moderate,SAA,search_sampled,13,certified_feasible,1.0,139312.56673104074,200282.34008906686,nan,76150.24199221133,0.6955808818145801,nan,nan,122065.30418615391,235461.04159470374,2.566361055360528,-0.8860642310466712,1.928975994977388,0.8162772836855262,2.566361055360527,4.189719556554001,1.2657454110848256,0.26574541108441124,0.8837448253812115,nan,nan
SCA3-0,moderate,SAA,search_sampled,13,certified_feasible,1.0,139312.56673104072,200282.34008906683,nan,77527.4186899205,0.69558088181458,nan,nan,122065.30418615391,235461.04159470377,2.5663610553605283,-0.886064231046671,1.9289759949773881,0.8162772836855263,2.5663610553605265,4.189719556553997,1.2657454110848259,0.26574541108441146,0.8837448253812116,nan,nan
SCA3-0,moderate,SAA,search_sampled,11,certified_feasible,1.0,100742.14986571176,125849.92509578392,nan,47193.1155931578,0.8004943172515778,nan,nan,90130.40249948387,148084.95692084267,2.364604683718435,-0.7456255198211018,1.6430078288143746,0.9010844018665957,2.364604683718435,2.804001413952943,9.062506256939184,8.06250625693872,0.868284489562099,nan,nan
SCA3-0,moderate,SAA,search_sampled,11,certified_feasible,1.0,100742.14986571173,125849.9250957839,nan,51069.15834093705,0.8004943172515778,nan,nan,90130.40249948388,148084.95692084267,2.3646046837184356,-0.7456255198211019,1.6430078288143743,0.9010844018665957,2.364604683718435,2.8040014139529434,9.07653284539699,8.076532845396526,0.8682844895620989,nan,nan
SCA3-0,moderate,SAA,search_sampled,17,ambiguous,1.0,146781.41373533348,233881.8927964352,nan,78844.41360464509,0.6275877622689169,nan,nan,146781.41373533357,265846.7424175874,2.8111744236020555,-0.906783514528475,1.811174423602054,0.7986570701745052,2.817285299455824,4.632000903724994,0.016876814655445552,-0.9831231853449655,0.8781921427711763,nan,nan
SCA3-0,moderate,SAA,search_sampled,13,certified_feasible,1.0,139944.74304674534,200898.0640115434,nan,76556.00428106148,0.6965957772430512,nan,nan,122051.06274498008,235791.0553596186,2.5570243677182622,-0.884501730589399,1.9319049753158877,0.8140479041600857,2.557024367718261,4.161283068204212,1.2356950985612016,0.23569509856078869,0.8841691973386165,nan,nan
SCA3-0,moderate,SAA,search_sampled,11,certified_feasible,1.0,100765.29925256327,126178.17913544814,nan,51094.84048268398,0.7985952875765866,nan,nan,89757.0923585674,148243.9898510657,2.3619349515659662,-0.7469955691288164,1.651613103272676,0.8955381662131915,2.3619349515659662,2.8115831656008186,9.029877334352914,8.02987733435245,0.8698132347878518,nan,nan
SCA3-0,moderate,SAA,search_sampled,17,ambiguous,-1.0,148065.27534588779,235730.6938232588,nan,80053.50822092782,0.6281119906129028,nan,nan,147301.1289267464,267819.6931633412,2.8036338778308747,-0.9062284589292994,1.8181781437434148,0.801705164684396,2.8036338778308725,4.618271610576341,0.01715234042760797,-0.9828476595728001,0.8778389996737851,nan,nan
SCA3-0,moderate,SAA,search_sampled,16,certified_feasible,1.0,145574.43969564096,236153.3581935777,nan,76417.03096923881,0.6164402691928347,nan,nan,145574.43969564102,269059.0082935949,2.848257213671086,-0.9515308487968384,1.848257213671085,0.8525824877277777,3.0044853538834166,6.423656223529352,1.0965251780054055,0.09652517800500664,0.8226867925066441,nan,nan
SCA3-0,moderate,SAA,search_sampled,16,certified_feasible,1.0,145574.439695641,236153.3581935777,nan,75742.25381438562,0.6164402691928349,nan,nan,145574.43969564102,269059.0082935949,2.8482572136710855,-0.9515308487968382,1.848257213671085,0.8525824877277777,3.0044853538834153,6.423656223529345,1.0965251780054053,0.09652517800500642,0.8226867925066441,nan,nan
SCA3-0,moderate,SAA,search_sampled,16,certified_feasible,1.0,145574.43969564096,236153.35819357773,nan,81597.01828649106,0.6164402691928347,nan,nan,145574.43969564102,269059.0082935949,2.848257213671086,-0.9515308487968382,1.848257213671085,0.8525824877277778,3.0044853538834153,6.423656223529345,1.0737746290002377,0.07377462899983847,0.822686792506644,nan,nan
SCA3-0,moderate,SAA,search_sampled,13,certified_feasible,1.0,139901.4113979684,200609.87294260506,nan,75931.3748028088,0.6973804895335062,nan,nan,122385.3101456259,236380.18625649126,2.564416561756911,-0.8863170521627718,1.93144247438866,0.8172531488068769,2.56441656175691,4.194375757543214,1.2154457945066168,0.21544579450620335,0.8840826703991144,nan,nan
SCA3-0,moderate,SAA,search_sampled,13,certified_feasible,1.0,139901.4113979684,200609.87294260506,nan,75730.73004887746,0.6973804895335062,nan,nan,122385.3101456259,236380.18625649126,2.564416561756911,-0.8863170521627718,1.93144247438866,0.8172531488068769,2.56441656175691,4.194375757543214,1.2154457945066168,0.21544579450620335,0.8840826703991144,nan,nan
SCA3-0,moderate,SAA,search_sampled,11,certified_feasible,1.0,101526.06572310462,126514.27073030648,nan,48758.07090999718,0.8024870644002697,nan,nan,91040.23003060895,149423.61805888847,2.3684937102292762,-0.7464295471366155,1.6412921848796982,0.9049337212734908,2.368493710229276,2.808443393255137,8.983410933872587,7.983410933872127,0.8674982964886713,nan,nan
SCA3-0,moderate,SAA,search_sampled,17,ambiguous,-1.0,146682.524956492,233884.4593867907,nan,83893.26580021376,0.6271580648884119,nan,nan,146566.89807388218,266365.8804818238,2.8151463760130078,-0.9082493632912868,1.8173672499199154,0.7983453579301052,2.8151463760130055,4.668855732578678,0.0037971188455910186,-0.9962028811548205,0.8792329374492376,nan,nan
SCA3-0,moderate,SAA,search_sampled,17,ambiguous,1.0,148065.27534588784,235730.6938232589,nan,80778.78629399306,0.6281119906129028,nan,nan,147301.1289267464,267819.6931633412,2.8036338778308734,-0.9062284589292994,1.8181781437434148,0.801705164684396,2.8036338778308725,4.618271610576341,0.01573279040475093,-0.9842672095956565,0.8778389996737851,nan,nan
SCA3-0,moderate,SAA,search_sampled,17,certified_infeasible,-1.0,175393.92732447397,280839.01931428415,nan,90436.71500474776,0.6245354643123588,nan,nan,163621.26554762226,312351.49497222103,2.713735690742056,-0.9154490584885561,1.9089908266313378,0.8103749513848284,2.713735690742053,4.863576751612425,1.3582471790609174,0.35824717906055165,0.8781636062136958,nan,nan
SCA3-0,moderate,SAA,search_sampled,10,certified_feasible,1.0,95102.6308919224,152666.47526677,nan,49686.235345555375,0.6229437781001997,nan,nan,95102.6308919224,177305.35153702553,2.864358008544694,-0.9525386369634955,1.864358008544694,0.8682717163254556,2.979692211627243,6.491497506031629,7.983053398081415,6.9830533980809015,0.8431035864523194,nan,nan
SCA3-0,moderate,SAA,search_sampled,10,certified_feasible,1.0,95102.63089192235,152666.47526676996,nan,51260.0075933759,0.6229437781001995,nan,nan,95102.63089192241,177305.35153702553,2.8643580085446954,-0.9525386369634955,1.8643580085446938,0.8682717163254556,2.9796922116272424,6.491497506031629,7.921022184241867,6.9210221842413535,0.8431035864523193,nan,nan
SCA3-0,moderate,SAA,search_sampled,8,certified_feasible,1.0,67326.85203214863,90556.8282100126,nan,40058.795500342865,0.743476260851465,nan,nan,55688.77458577872,101174.91620129587,2.329883041496906,-0.7813470333745948,1.816791928963238,0.8497835276950657,2.329883041496905,3.0243866389147733,17.103084647949142,16.103084647948506,0.9040487595782021,nan,nan
SCA3-0,moderate,SAA,search_sampled,12,certified_feasible,1.0,107862.49914565824,161036.76451339526,nan,54884.79977558321,0.6698004612275111,nan,nan,94158.12787234368,173478.48111423402,2.481275801195367,-0.8364617819671342,1.842416422610166,0.8247806132896712,2.4812758011953657,3.497078387743829,6.49879407692935,5.498794076928889,0.8694688757724385,nan,nan
SCA3-0,moderate,SAA,search_sampled,12,certified_feasible,1.0,107862.49914565824,161036.76451339526,nan,56262.822423445075,0.6698004612275111,nan,nan,94158.12787234368,173478.48111423402,2.481275801195367,-0.8364617819671342,1.842416422610166,0.8247806132896712,2.4812758011953657,3.497078387743829,6.49879407692935,5.498794076928889,0.8694688757724385,nan,nan
SCA3-0,moderate,SAA,search_sampled,10,certified_feasible,1.0,96659.84732940198,156110.5828890114,nan,51078.803438438175,0.6191754943232991,nan,nan,88279.08473948814,179906.1505205039,2.7745257484843506,-0.9701671745664083,2.0379249632164576,0.843413571669915,2.7745257484843497,8.187810908710256,7.712386169239542,6.712386169239036,0.858562863426752,nan,nan
SCA3-0,moderate,SAA,search_sampled,10,certified_feasible,1.0,96659.84732940198,156110.5828890114,nan,50095.18225257758,0.6191754943232991,nan,nan,88279.08473948814,179906.1505205039,2.7745257484843506,-0.9701671745664083,2.0379249632164576,0.843413571669915,2.7745257484843497,8.187810908710256,7.641543004974538,6.6415430049740305,0.858562863426752,nan,nan
SCA3-0,moderate,SAA,search_sampled,13,ambiguous,1.0,145287.9519520565,210211.0648371539,nan,85331.14342594006,0.6911527329192115,nan,nan,133229.26712914463,253964.73291907445,2.665011068336823,-0.903481114811465,1.9062232975649107,0.8156681127109202,2.665011068336823,4.552069134617925,0.16629267687272303,-0.8337073231276899,0.8868112587457253,nan,nan
SCA3-0,moderate,SAA,search_sampled,13,ambiguous,1.0,145287.9519520565,210211.0648371539,nan,86331.07509984732,0.6911527329192115,nan,nan,133229.26712914463,253964.73291907448,2.665011068336823,-0.9034811148114649,1.906223297564911,0.8156681127109203,2.6650110683368227,4.5520691346179225,0.16629267687272303,-0.8337073231276899,0.8868112587457253,nan,nan
SCA3-0,moderate,SAA,search_sampled,8,certified_feasible,1.0,82412.7556594111,99888.68925467627,nan,44580.205666192014,0.825045921358438,nan,nan,60914.015659177625,109808.43629830498,2.071553736936438,-0.671006008638974,1.8026793195296535,0.8567948555322072,2.071553736936437,2.465590878673176,13.722606893199973,12.72260689319945,0.8861915974324571,nan,nan
SCA3-0,moderate,SAA,search_sampled,13,certified_feasible,1.0,116015.80209347089,174064.13026078194,nan,58103.64860827511,0.6665118305515136,nan,nan,94364.88699731928,186513.45751155063,2.4210352334811565,-0.8588574835891125,1.9765133350591424,0.7506686142345798,2.4210352334811556,3.7643159662423002,4.013720239469546,3.013720239469086,0.8980678775315284,nan,nan
SCA3-0,moderate,SAA,search_sampled,13,certified_feasible,1.0,116015.80209347085,174064.13026078194,nan,57619.117184955554,0.6665118305515134,nan,nan,94364.88699731925,186513.45751155066,2.4210352334811573,-0.8588574835891127,1.9765133350591433,0.75066861423458,2.4210352334811556,3.7643159662423034,3.903847094210612,2.903847094210151,0.8980678775315284,nan,nan
SCA3-0,moderate,SAA,search_sampled,10,certified_feasible,1.0,82367.53814133235,136699.72897833335,nan,42587.75506302064,0.6025435365302549,nan,nan,82013.97106460705,157755.68643925645,2.910972731665828,-0.9595149906422968,1.9235221071661481,0.8679120168561113,2.910972731665826,7.028584587398306,11.36233442682487,10.36233442682431,0.8364658133851947,nan,nan
SCA3-0,moderate,SAA,search_sampled,10,certified_feasible,1.0,82367.53814133235,136699.72897833333,nan,42190.03587062608,0.602543536530255,nan,nan,82013.97106460706,157755.68643925645,2.910972731665828,-0.959514990642297,1.923522107166148,0.8679120168561113,2.910972731665827,7.028584587398316,11.36233442682487,10.36233442682431,0.8364658133851947,nan,nan
SCA3-0,moderate,SAA,search_sampled,13,certified_feasible,1.0,109508.28556443498,164832.86104344926,nan,53682.864405076114,0.6643595510701537,nan,nan,95859.90396112126,177338.34560198121,2.494772410644233,-0.8425458077446295,1.8499741630651525,0.8175266846186434,2.4947724106442326,3.5640015453245213,5.991002545527143,4.9910025455266815,0.8710854136727796,nan,nan
SCA3-0,moderate,SAA,search_sampled,13,certified_feasible,1.0,109508.28556443498,164832.86104344926,nan,53801.30365240619,0.6643595510701537,nan,nan,95859.90396112126,177338.34560198121,2.494772410644233,-0.8425458077446295,1.8499741630651525,0.8175266846186434,2.4947724106442326,3.5640015453245213,5.991002545527143,4.9910025455266815,0.8710854136727796,nan,nan
SCA3-0,moderate,SAA,search_sampled,10,certified_feasible,1.0,97289.14157480503,164496.89139080135,nan,52740.76231688569,0.5914345295661037,nan,nan,93640.3046220745,185359.2657140086,2.867735965390978,-0.9696720834856667,1.979481660830827,0.8395222491375091,2.8677359653909775,8.120704545081907,7.089320400766645,6.089320400766133,0.8484518407736894,nan,nan
SCA3-0,moderate,SAA,search_sampled,14,certified_infeasible,-1.0,163887.14443962235,241362.91388373825,nan,94709.19589412441,0.6790071506949279,nan,nan,147566.88868037635,285301.75515281624,2.6412605168837127,-0.906319501093498,1.9333724367582745,0.7992264400297316,2.64126051688371,4.620515168962485,1.2268475966546413,0.22684759665425408,0.8879452110985881,nan,nan
SCA3-0,moderate,SAA,search_sampled,8,certified_feasible,1.0,70768.08940420086,92264.70091357426,nan,40245.89116786438,0.7670115299077424,nan,nan,56044.2911945609,98425.48421115839,2.182760290778033,-0.7088607358072794,1.7562089217877481,0.7256050339762242,2.1827602907780332,2.6209854365295455,15.640879464587305,14.640879464586689,0.9044009601724053,nan,nan
SCA3-0,moderate,SAA,search_sampled,8,certified_feasible,1.0,70768.08940420086,92264.70091357428,nan,38096.067996442995,0.767011529907742,nan,nan,56044.2911945609,98425.4842111584,2.182760290778033,-0.7088607358072793,1.7562089217877483,0.7256050339762243,2.182760290778033,2.620985436529545,15.66973131272782,14.669731312727205,0.9044009601724053,nan,nan
SCA3-0,moderate,SAA,search_sampled,14,certified_feasible,1.0,123775.8185015016,194554.49664180927,nan,65025.345436924734,0.6362012733603531,nan,nan,109178.06524446883,207667.66047738623,2.5598354311671243,-0.8760571161959319,1.9021005731543412,0.791009428230093,2.5598354311671248,4.017021900304871,3.4305965975052124,2.430596597504776,0.876966389938868,nan,nan
SCA3-0,moderate,SAA,search_sampled,10,certified_feasible,1.0,82496.2251002713,135254.84799850153,nan,42592.09051258893,0.6099317423445352,nan,nan,82496.22510027135,158695.97935192444,2.9236756489043594,-0.9627002361402645,1.9236756489043576,0.8691653806428378,2.9285381315111465,7.3225434383376315,11.382518284419826,10.382518284419268,0.8471303859373057,nan,nan
SCA3-0,moderate,SAA,search_sampled,15,certified_feasible,1.0,124300.35927002932,195117.80291871124,nan,66646.8508820051,0.6370528850297406,nan,nan,108001.42174884117,209655.43147315938,2.5555586089009186,-0.8870065255078846,1.9412284401284647,0.7766672746481328,2.555558608900919,4.207153097909072,3.09138638036955,2.091386380369111,0.8891667024414017,nan,nan
SCA3-0,moderate,SAA,search_sampled,15,certified_feasible,1.0,124300.35927002922,195117.80291871124,nan,61505.422819521016,0.63705288502974,nan,nan,108001.42174884117,209655.43147315935,2.555558608900921,-0.8870065255078845,1.9412284401284643,0.7766672746481329,2.5555586089009186,4.20715309790907,3.0913863803695523,2.0913863803691135,0.8891667024414017,nan,nan
SCA3-0,moderate,SAA,search_sampled,15,certified_feasible,1.0,124300.35927002925,195117.80291871124,nan,61849.57879078214,0.6370528850297401,nan,nan,108001.42174884117,209655.43147315938,2.55555860890092,-0.8870065255078845,1.9412284401284647,0.7766672746481328,2.5555586089009186,4.20715309790907,3.0177470336908114,2.0177470336903713,0.8891667024414017,nan,nan
SCA3-0,moderate,SAA,search_sampled,15,certified_feasible,1.0,124300.35927002925,195117.80291871124,nan,61862.348001730614,0.6370528850297401,nan,nan,108001.42174884117,209655.43147315935,2.55555860890092,-0.8870065255078845,1.9412284401284643,0.7766672746481329,2.5555586089009186,4.20715309790907,2.978574613111553,1.9785746131111124,0.8891667024414018,nan,nan
SCA3-0,moderate,SAA,search_sampled,15,certified_feasible,1.0,124300.35927002925,195757.97629721698,nan,65764.431481897,0.6349695763165507,nan,nan,108001.42174884117,209655.43147315938,2.55555860890092,-0.8870065255078845,1.9412284401284647,0.776667274648133,2.5555586089009186,4.20715309790907,2.8384417064917002,1.8384417064912575,0.8891667024414018,nan,nan
SCA3-0,moderate,SAA,search_sampled,9,certified_feasible,1.0,72372.3911747572,89406.35785929121,nan,38348.20932085277,0.8094770093269846,nan,nan,65242.19247688477,102990.69384541402,2.3245450867592283,-0.7162805868730877,1.5785903253006635,0.9068495597840595,2.3245450867592274,2.6550363502738934,16.89328414363294,15.89328414363236,0.8635645577134679,nan,nan
SCA3-0,moderate,SAA,search_sampled,15,certified_feasible,1.0,125561.69628727697,201294.40663564275,nan,63878.53015591265,0.623771412161256,nan,nan,115277.01405440074,216903.54608398807,2.64555648705463,-0.8912616170180395,1.8815853955206405,0.7783646595652151,2.6455564870546273,4.288679210589584,2.764447779287645,1.7644477792872062,0.877358415543409,nan,nan
SCA3-0,moderate,SAA,search_sampled,15,certified_feasible,1.0,125561.69628727697,201294.40663564272,nan,66481.68516862579,0.623771412161256,nan,nan,115277.01405440074,216903.54608398807,2.64555648705463,-0.8912616170180395,1.8815853955206405,0.7783646595652151,2.6455564870546273,4.288679210589584,2.708244555981264,1.708244555980824,0.877358415543409,nan,nan
SCA3-0,moderate,SAA,search_sampled,11,certified_feasible,1.0,103884.90360284247,157947.777330452,nan,52903.83271222118,0.657716780562848,nan,nan,103884.90360284247,191405.2574978264,2.8424742273389296,-0.9701543491252815,1.8424742273389298,0.8448542747958037,3.1394806261352604,8.186051463569484,7.015751431422622,6.015751431422147,0.8447759396333295,nan,nan
SCA3-0,moderate,SAA,search_sampled,9,certified_feasible,1.0,71019.28953216634,89366.53302263483,nan,39116.481071281916,0.7946967072581691,nan,nan,60225.429482068255,102979.07166257506,2.298030608581688,-0.7407379136137013,1.7098935208629178,0.7761135401294835,2.2980306085816875,2.7774451558490725,15.625304565847076,14.625304565846463,0.9095043521856436,nan,nan
SCA3-0,moderate,SAA,search_sampled,15,certified_feasible,1.0,136111.62419649638,216377.42337058648,nan,71713.60947896284,0.6290472549133741,nan,nan,128596.68445932167,239366.19925589542,2.7033905875960356,-0.8983732393716555,1.8613714674083446,0.8038315988209911,2.7033905875960347,4.436198355942185,2.034328175232717,1.034328175232304,0.8735662028480051,nan,nan
SCA3-0,moderate,SAA,search_sampled,11,certified_feasible,1.0,104195.18949393913,169588.64949188972,nan,55107.202852347764,0.6143995474114681,nan,nan,104195.18949393912,198605.5301521352,2.9060911652134167,-0.9588857808930348,1.9060911652134171,0.8856305408025925,2.9389920348460983,6.974594690284133,6.671053576891999,5.671053576891521,0.8326295337381123,nan,nan
SCA3-0,moderate,SAA,search_sampled,11,certified_feasible,1.0,104195.18949393913,169588.64949188972,nan,53344.006604534574,0.6143995474114681,nan,nan,104195.18949393912,198605.5301521352,2.9060911652134167,-0.9588857808930348,1.9060911652134171,0.8856305408025925,2.9389920348460983,6.974594690284133,6.671053576891999,5.671053576891521,0.8326295337381123,nan,nan
SCA3-0,moderate,SAA,search_sampled,14,ambiguous,-1.0,157093.85795787658,231309.9712110537,nan,90381.63683852936,0.6791486641729757,nan,nan,142168.21442010356,276277.0193988443,2.663663871130789,-0.9147952935207669,1.943310750055934,0.8024228322138879,2.6636638711307867,4.8448820164337345,0.9145767222730743,-0.08542327772732387,0.8915704587345618,nan,nan
SCA3-0,moderate,SAA,search_sampled,16,ambiguous,1.0,152265.57191250284,242534.83312891977,nan,77212.06774772992,0.6278090860110219,nan,nan,141541.62623870178,268344.81149350613,2.6919180257487434,-0.9064587976786628,1.8958720386676786,0.8113782732208515,2.6919180257487416,4.623954201897196,0.23885626242755637,-0.7611437375728372,0.8743651326116418,nan,nan
SCA3-0,moderate,SAA,search_sampled,16,ambiguous,1.0,152265.5719125029,242534.83312891974,nan,78581.35240922676,0.6278090860110223,nan,nan,141541.62623870178,268344.8114935062,2.691918025748742,-0.9064587976786628,1.895872038667679,0.8113782732208518,2.691918025748741,4.623954201897196,0.23885626242755628,-0.7611437375728373,0.8743651326116418,nan,nan
SCA3-0,moderate,SAA,search_sampled,16,ambiguous,1.0,152265.5719125029,242534.83312891977,nan,78297.46204943437,0.6278090860110221,nan,nan,141541.62623870178,268344.8114935062,2.691918025748742,-0.9064587976786626,1.895872038667679,0.8113782732208518,2.6919180257487403,4.623954201897191,0.5038979111136171,-0.4961020888867726,0.8743651326116418,nan,nan
SCA3-0,moderate,SAA,search_sampled,12,certified_feasible,1.0,113415.27070362556,182489.37064405018,nan,57106.75575669836,0.6214897355575011,nan,nan,113415.27070362566,214186.5995151332,2.8885164068852887,-0.9564649520982976,1.888516406885286,0.8847945052496232,2.957499082555615,6.777905110660777,5.299906143787259,4.2999061437868065,0.8337304377304449,nan,nan
SCA3-0,moderate,SAA,search_sampled,14,ambiguous,-1.0,147290.1894682612,216984.61645505778,nan,84585.82388322196,0.678804755261386,nan,nan,135967.88333581958,260908.42651884054,2.6945196505445526,-0.9142462011696434,1.9188974640021217,0.7926019571248232,2.6945196505445512,4.829345912368941,0.5142257676941953,-0.4857742323062219,0.8933173694041958,nan,nan
SCA3-0,moderate,SAA,search_sampled,14,ambiguous,-1.0,147793.3202176046,218271.96209952695,nan,85521.0501383763,0.6771062980146496,nan,nan,137269.5593309963,263452.7563958783,2.711369601392459,-0.9181415342229826,1.9192365567417473,0.7989080390000209,2.711369601392459,4.942915628748924,0.58501665601058,-0.41498334398983683,0.8917490682388595,nan,nan
SCA3-0,moderate,SAA,search_sampled,16,ambiguous,1.0,136896.55295760994,223459.4777269188,nan,73382.02104254435,0.6126236145817271,nan,nan,131534.7175543943,247708.04545427716,2.7702871607446835,-0.9195201238452856,1.883214181471451,0.7834160271039753,2.770287160744681,4.985070999859894,0.8843547164034508,-0.11564528359697647,0.8815768523887801,nan,nan
SCA3-0,moderate,SAA,search_sampled,16,ambiguous,1.0,136896.55295760994,223459.4777269188,nan,73538.55788793418,0.6126236145817271,nan,nan,131534.7175543943,247708.04545427713,2.7702871607446835,-0.9195201238452856,1.8832141814714507,0.7834160271039752,2.7702871607446813,4.985070999859894,0.8843547164034508,-0.11564528359697647,0.8815768523887801,nan,nan
SCA3-0,moderate,SAA,search_sampled,13,certified_feasible,1.0,124403.6338409105,198256.0227148836,nan,61841.387434477096,0.6274898090728781,nan,nan,124403.63384091055,232322.05388472686,2.8674860750597073,-0.9575187445640292,1.867486075059706,0.8779169006840429,3.0039648334534492,6.861456690391667,3.8160705507926753,2.8160705507922468,0.8287340739775803,nan,nan
SCA3-0,moderate,SAA,search_sampled,14,ambiguous,-1.0,147239.21754683438,220912.82477795327,nan,88714.59247325383,0.6665037111124235,nan,nan,138861.88380183143,266148.6919590224,2.750697691204632,-0.9258960282092339,1.9166432477528599,0.7970630590497917,2.750697691204629,5.195104106658401,0.6716420793953389,-0.3283579206050806,0.8883350553408167,nan,nan
SCA3-0,moderate,SAA,search_sampled,14,ambiguous,-1.0,147239.21754683438,220912.82477795327,nan,86828.20429518844,0.6665037111124235,nan,nan,138861.88380183143,266148.69195902237,2.750697691204632,-0.9258960282092341,1.9166432477528594,0.7970630590497916,2.750697691204632,5.195104106658409,0.6716420793953389,-0.3283579206050806,0.8883350553408167,nan,nan
SCA3-0,moderate,SAA,search_sampled,10,certified_feasible,1.0,85432.19899266733,109588.99033448166,nan,48799.46186669837,0.7795691769028599,nan,nan,79170.20226877123,125577.28129374831,2.3966079063479695,-0.7412464980517005,1.586168503996388,0.9073439388129052,2.396607906347969,2.780173373919495,12.424822719348754,11.424822719348233,0.8504846197606837,nan,nan
SCA3-0,moderate,SAA,search_sampled,10,certified_feasible,1.0,85432.19899266733,109588.99033448167,nan,47931.20508723021,0.7795691769028598,nan,nan,79170.20226877122,125577.28129374831,2.3966079063479695,-0.7412464980517006,1.5861685039963884,0.9073439388129054,2.39660790634797,2.7801733739194954,12.516204276334502,11.516204276333983,0.8504846197606836,nan,nan
SCA3-0,moderate,SAA,search_sampled,16,ambiguous,1.0,138128.1455988591,226623.83703274291,nan,74178.6082723979,0.6095040460324663,nan,nan,134872.40003154002,250088.8288232175,2.786986151053759,-0.9139557474228626,1.8542624641122576,0.780709525304847,2.786986151053759,4.821187974296075,0.8049685719970427,-0.19503142800338188,0.8750155833378206,nan,nan
SCA3-0,moderate,SAA,search_sampled,16,ambiguous,1.0,138128.14559885903,226623.8370327429,nan,73816.80821296723,0.6095040460324662,nan,nan,134872.40003154002,250088.82882321754,2.7869861510537604,-0.9139557474228625,1.8542624641122578,0.780709525304847,2.786986151053758,4.821187974296072,0.8049685719970431,-0.19503142800338152,0.8750155833378206,nan,nan
SCA3-0,moderate,SAA,search_sampled,16,ambiguous,1.0,138128.14559885903,226623.8370327429,nan,75111.68554440998,0.6095040460324662,nan,nan,134872.40003154002,250088.8288232175,2.78698615105376,-0.9139557474228626,1.8542624641122576,0.780709525304847,2.786986151053759,4.821187974296075,0.8796804920030874,-0.1203195079973362,0.8750155833378206,nan,nan
SCA3-0,moderate,SAA,search_sampled,14,certified_infeasible,-1.0,149646.57150147835,235089.71479786353,nan,92044.3891074968,0.6365509083634242,nan,nan,144102.66370307602,278111.43752706435,2.8214084492137483,-0.944659164997558,1.9299534816380204,0.7774440357015231,2.8214084492137466,6.011628628972141,1.2435146469396043,0.24351464693918318,0.8883133787656137,nan,nan
SCA3-0,moderate,SAA,search_sampled,14,certified_infeasible,-1.0,149646.57150147835,235089.71479786353,nan,92291.3816992012,0.6365509083634242,nan,nan,144102.66370307602,278111.43752706435,2.8214084492137483,-0.944659164997558,1.9299534816380204,0.7774440357015231,2.8214084492137466,6.011628628972141,1.2435146469396043,0.24351464693918318,0.8883133787656137,nan,nan
SCA3-0,moderate,SAA,search_sampled,14,certified_infeasible,-1.0,149646.57150147835,235089.71479786353,nan,92020.96388891387,0.6365509083634242,nan,nan,144102.66370307602,278111.43752706435,2.8214084492137483,-0.944659164997558,1.9299534816380204,0.7774440357015231,2.8214084492137466,6.011628628972141,1.2435146469396043,0.24351464693918318,0.8883133787656137,nan,nan
SCA3-0,moderate,SAA,search_sampled,16,ambiguous,-1.0,139978.0210073034,238753.97256505195,nan,76202.94203753771,0.586285620731041,nan,nan,139978.02100730353,258459.35446854102,2.846428122133945,-0.9273327287320958,1.8464281221339425,0.7510101612396385,2.8683248061253503,5.246208801160826,0.3059985221106725,-0.6940014778897623,0.8757241051690474,nan,nan
SCA3-0,moderate,SAA,search_sampled,16,ambiguous,-1.0,139978.02100730344,238753.97256505195,nan,77945.70713866879,0.5862856207310411,nan,nan,139978.02100730353,258459.354468541,2.846428122133944,-0.9273327287320957,1.8464281221339425,0.7510101612396384,2.8683248061253503,5.246208801160822,0.30599852211067247,-0.6940014778897623,0.8757241051690474,nan,nan
SCA3-0,moderate,SAA,search_sampled,16,ambiguous,1.0,139978.02100730344,238753.97256505195,nan,77870.54952823608,0.5862856207310411,nan,nan,139978.02100730353,258459.354468541,2.846428122133944,-0.9273327287320956,1.8464281221339425,0.7510101612396384,2.86832480612535,5.246208801160818,0.0076117550771696305,-0.9923882449232607,0.8757241051690474,nan,nan
SCA3-0,moderate,SAA,search_sampled,15,certified_feasible,1.0,144403.62402620164,234593.45784563644,nan,76112.8517194576,0.6155483846494129,nan,nan,144403.62402620167,267514.05827063107,2.852543937692945,-0.953525359176312,1.8525439376929442,0.8526316874093036,3.0084773733333665,6.560047391019114,1.1447050507320573,0.14470505073165588,0.826521242703176,nan,nan
SCA3-0,moderate,SAA,search_sampled,10,certified_feasible,1.0,80027.17568300485,95885.0001386957,nan,41703.52551153515,0.8346162128304445,nan,nan,70820.35466176014,109340.88225583524,2.2512507205206256,-0.6822832286893844,1.5439188744260057,0.9219141046796918,2.251250720520625,2.5089668752957146,14.440202238394816,13.44020223839428,0.8607708160368794,nan,nan
SCA3-0,moderate,SAA,search_sampled,10,certified_feasible,1.0,80027.17568300484,95885.00013869569,nan,42017.083465302036,0.8346162128304445,nan,nan,70820.35466176014,109340.88225583524,2.251250720520626,-0.6822832286893844,1.5439188744260057,0.9219141046796918,2.251250720520625,2.5089668752957146,14.440202238394818,13.440202238394281,0.8607708160368794,nan,nan
SCA3-0,moderate,SAA,search_sampled,15,ambiguous,-1.0,160901.29193055525,258352.65367347508,nan,85211.7794925412,0.6227971326894672,nan,nan,160901.2919305553,300405.82312835543,2.8670193354196942,-0.9518622969085603,1.8670193354196933,0.840260266024582,2.970612829100455,6.445733059383867,0.689683369270317,-0.31031663073006915,0.8371901417731827,nan,nan
SCA3-0,moderate,SAA,search_sampled,14,certified_infeasible,-1.0,161685.49406939387,235823.63950463865,nan,95833.077984486,0.6856203831347176,nan,nan,146521.8494507225,288234.80941885937,2.688903301881791,-0.9282589516008268,1.9671797107352036,0.8054019665266807,2.6889033018817896,5.279966150652716,1.3531674816076542,0.3531674816072604,0.8954088503481171,nan,nan
SCA3-0,moderate,SAA,search_sampled,11,certified_feasible,1.0,101526.06572310462,126514.27073030651,nan,58701.08577486325,0.8024870644002696,nan,nan,91040.23003060896,149423.6180588885,2.368493710229277,-0.7464295471366152,1.6412921848796984,0.9049337212734909,2.3684937102292754,2.8084433932551356,8.44416888791769,7.444168887917222,0.8674982964886713,nan,nan
SCA3-0,moderate,SAA,search_sampled,16,ambiguous,-1.0,145783.7294932785,233385.62288185788,nan,80247.55688159683,0.624647429833652,nan,nan,132541.63692363584,261680.43209814117,2.704156838297603,-0.9340311618385703,1.974326243223546,0.7600348717517033,2.704156838297602,5.506118833540509,0.36868927515462924,-0.63131072484579,0.8975523023594686,nan,nan
SCA3-0,moderate,SAA,search_sampled,14,ambiguous,-1.0,145588.43762912636,213751.70421588732,nan,83054.33262682092,0.681110067230544,nan,nan,132870.71427159986,255427.76626035362,2.6670969676940244,-0.9090163840898974,1.922378212991585,0.7897380784899276,2.6670969676940244,4.688494398240068,0.4073315490766652,-0.5926684509237551,0.8964196756754359,nan,nan
SCA3-0,moderate,SAA,search_sampled,12,certified_feasible,1.0,101257.55159517986,130299.29468023742,nan,51477.26131242919,0.777115116729313,nan,nan,89686.94495422978,152357.13271327788,2.3903805084600687,-0.7685402165065991,1.6987659997899447,0.8598194610978862,2.390380508460069,2.9395254632314938,8.162597940342657,7.162597940342183,0.8865269825365839,nan,nan
SCA3-0,moderate,SAA,search_sampled,16,certified_feasible,1.0,142192.99706291856,224976.826236275,nan,73464.86977099333,0.6320339718615495,nan,nan,134567.7152482477,248099.60524980203,2.691182606754708,-0.890233704077099,1.8436785137661964,0.8006903552991408,2.691182606754708,4.268551182736851,1.1102069829410037,0.11020698294059554,0.8755683287401076,nan,nan
SCA3-0,moderate,SAA,search_sampled,16,certified_feasible,1.0,142192.99706291858,224976.82623627502,nan,73832.52727014659,0.6320339718615496,nan,nan,134567.7152482477,248099.60524980203,2.6911826067547078,-0.890233704077099,1.8436785137661964,0.8006903552991408,2.691182606754708,4.268551182736851,1.1102069829410035,0.1102069829405953,0.8755683287401076,nan,nan
SCA3-0,moderate,SAA,search_sampled,16,certified_feasible,1.0,142192.99706291856,224976.826236275,nan,77231.53795957222,0.6320339718615495,nan,nan,134567.7152482477,248099.60524980203,2.691182606754708,-0.890233704077099,1.8436785137661964,0.8006903552991408,2.691182606754708,4.268551182736851,1.1329525983840765,0.13295259838366857,0.8755683287401076,nan,nan
SCA3-0,moderate,SAA,search_sampled,12,certified_feasible,1.0,112962.45211889745,171259.3443396407,nan,62715.410136155966,0.6595987655708343,nan,nan,112962.45211889746,198938.30873460977,2.761101188961615,-0.9280008821123589,1.7611011889616146,0.8676692132395409,3.0254751295550224,5.270495052940796,5.9961905126689805,4.9961905126685355,0.8061921430582708,nan,nan
SCA3-0,moderate,SAA,search_sampled,12,certified_feasible,1.0,112962.45211889745,171259.3443396407,nan,62626.619343956205,0.6595987655708343,nan,nan,112962.45211889746,198938.30873460977,2.761101188961615,-0.9280008821123589,1.7611011889616146,0.8676692132395409,3.0254751295550224,5.270495052940796,5.9961905126689805,4.9961905126685355,0.8061921430582708,nan,nan
SCA3-0,moderate,SAA,search_sampled,12,certified_feasible,1.0,112962.45211889745,171259.3443396407,nan,62556.06686759335,0.6595987655708343,nan,nan,112962.45211889746,198938.30873460977,2.761101188961615,-0.9280008821123589,1.7611011889616146,0.8676692132395412,3.0254751295550224,5.270495052940796,5.9961905126689805,4.9961905126685355,0.8061921430582708,nan,nan
SCA3-0,moderate,SAA,search_sampled,12,certified_feasible,1.0,120534.20608449572,176902.110364361,nan,77910.7289914422,0.6813610410652214,nan,nan,116392.89561878519,217501.39997221858,2.770120668957163,-0.9149622729457618,1.8686827818476837,0.8094338841163172,2.7701206689571616,4.849636370156036,2.245109286808363,1.2451092868078977,0.8908852824512086,nan,nan
SCA3-0,moderate,SAA,search_sampled,12,certified_feasible,1.0,101535.23544381646,126613.29631732075,nan,50567.03418895206,0.801931853897452,nan,nan,90985.6251875923,149553.63306206267,2.3690225092623636,-0.7472229070805674,1.6437061651630798,0.9029625207366537,2.3690225092623627,2.8128471960988026,8.945513603651868,7.945513603651407,0.8682946323714644,nan,nan
SCA3-0,moderate,SAA,search_sampled,15,certified_feasible,1.0,140687.81979523963,222598.74312458065,nan,73077.68205035754,0.6320243224217201,nan,nan,133365.91767403853,246383.1883304928,2.699232290025015,-0.8931779187981732,1.8474224346634147,0.8038173544006038,2.6992322900250123,4.326975939945263,1.3491572532484348,0.34915725324802555,0.8748157936317105,nan,nan
SCA3-0,moderate,SAA,search_sampled,12,certified_feasible,1.0,115382.89142758273,187378.24822183684,nan,66336.60716038915,0.6157752701956157,nan,nan,115382.89142758277,212965.59314840773,2.8457293842568543,-0.9396864260900639,1.8457293842568536,0.8428136636175443,2.9384247610222944,5.7584747392064575,4.585086604136013,3.5850866041355585,0.8196031398199538,nan,nan
SCA3-0,moderate,SAA,search_sampled,12,certified_feasible,1.0,115382.89142758273,187378.24822183684,nan,66752.6378503758,0.6157752701956157,nan,nan,115382.89142758277,212965.59314840773,2.8457293842568543,-0.9396864260900639,1.8457293842568536,0.8428136636175443,2.9384247610222944,5.7584747392064575,4.585086604136013,3.5850866041355585,0.8196031398199538,nan,nan
SCA3-0,moderate,SAA,search_sampled,12,certified_feasible,1.0,136336.58396794996,197823.74263395375,nan,80213.57618729319,0.689182108035548,nan,nan,122576.33487079445,237788.40454368282,2.64319912474257,-0.9088448039742297,1.9399209871492027,0.8140284130417873,2.6431991247425697,4.684079777048728,1.2637421737164825,0.2637421737160589,0.8901238108038944,nan,nan
SCA3-0,moderate,SAA,search_sampled,12,certified_feasible,1.0,136336.58396794996,197823.74263395375,nan,80187.41364962516,0.689182108035548,nan,nan,122576.33487079447,237788.40454368282,2.64319912474257,-0.9088448039742298,1.9399209871492025,0.8140284130417873,2.64319912474257,4.684079777048731,1.2637421737164825,0.2637421737160589,0.8901238108038941,nan,nan
SCA3-0,moderate,SAA,search_sampled,12,certified_feasible,1.0,136336.58396794993,197823.74263395372,nan,80407.0451399477,0.689182108035548,nan,nan,122576.33487079447,237788.40454368282,2.6431991247425706,-0.9088448039742298,1.9399209871492025,0.8140284130417873,2.64319912474257,4.684079777048731,1.263742173716483,0.2637421737160592,0.8901238108038941,nan,nan
SCA3-0,moderate,SAA,search_sampled,12,certified_feasible,1.0,113376.96686554144,142909.908502728,nan,55513.80186324153,0.79334573825843,nan,nan,94127.68205790168,164151.3539072631,2.2780556148716595,-0.7427051306993588,1.7439221950274637,0.8683850076237818,2.27805561487166,2.7880427894239013,6.711798999673349,5.711798999672917,0.8753299059173519,nan,nan
SCA3-0,moderate,SAA,search_sampled,12,certified_feasible,1.0,113376.96686554143,142909.908502728,nan,55788.361137337684,0.7933457382584299,nan,nan,94127.68205790168,164151.3539072631,2.27805561487166,-0.7427051306993588,1.7439221950274637,0.8683850076237818,2.27805561487166,2.7880427894239013,6.726797453704909,5.726797453704476,0.8753299059173519,nan,nan
SCA3-0,moderate,SAA,search_sampled,12,certified_feasible,1.0,116928.45887211189,178698.43421169554,nan,69339.0227206292,0.6543339866850333,nan,nan,116928.45887211189,208877.08414642114,2.7863665198467737,-0.9479005502755476,1.7863665198467737,0.842180766363998,3.10650883386595,6.195814827995768,4.549735304178923,3.5497353041784745,0.8234048877615354,nan,nan
SCA3-0,moderate,SAA,search_sampled,12,certified_feasible,1.0,104231.09535852284,134492.56333398417,nan,55094.415314466176,0.7749952322619259,nan,nan,93408.72285701633,159803.5443396313,2.429335183763305,-0.7837532838379064,1.7107989430949357,0.8667741524440233,2.4293351837633046,3.0411667757994034,7.351335980485021,6.351335980484552,0.8822049142242946,nan,nan
SCA3-0,moderate,SAA,search_sampled,12,certified_feasible,1.0,104231.09535852284,134492.56333398417,nan,54258.712974679234,0.7749952322619259,nan,nan,93408.72285701631,159803.5443396313,2.4293351837633046,-0.7837532838379064,1.710798943094936,0.8667741524440233,2.429335183763304,3.0411667757994034,7.334920111865829,6.334920111865359,0.8822049142242946,nan,nan
SCA3-0,moderate,SAA,search_sampled,16,ambiguous,1.0,142973.8933682179,226476.72140876218,nan,74003.17548853681,0.6312961989155957,nan,nan,136686.3080460493,251003.6558510636,2.711613671306049,-0.892548178282287,1.8363482007759042,0.7705143730750045,2.7116136713060484,4.314277801567999,0.5092841071503522,-0.49071589285006234,0.8829476992203751,nan,nan
SCA3-0,moderate,SAA,search_sampled,16,ambiguous,1.0,142973.8933682179,226476.72140876218,nan,73876.77506830369,0.6312961989155957,nan,nan,136686.3080460493,251003.65585106358,2.711613671306049,-0.8925481782822869,1.836348200775904,0.7705143730750046,2.7116136713060484,4.314277801567997,0.5092841071503522,-0.49071589285006234,0.8829476992203751,nan,nan
SCA3-0,moderate,SAA,search_sampled,14,certified_infeasible,-1.0,171895.92624705026,253218.48611334065,nan,97262.27337018288,0.6788443011625526,nan,nan,147738.8035255406,294908.8656709237,2.575091096459653,-0.9094643574827209,1.9961503588320373,0.8074470970546337,2.5750910964596536,4.700079498749126,1.2607925317975377,0.2607925317971666,0.8894210150752043,nan,nan
SCA3-0,moderate,SAA,search_sampled,14,certified_infeasible,-1.0,171895.92624705026,253218.48611334068,nan,97833.8329784192,0.6788443011625525,nan,nan,147738.8035255406,294908.8656709237,2.575091096459653,-0.9094643574827209,1.9961503588320373,0.8074470970546337,2.5750910964596536,4.700079498749126,1.2607925317975377,0.2607925317971666,0.8894210150752043,nan,nan
SCA3-0,moderate,SAA,search_sampled,14,certified_infeasible,-1.0,171895.92624705026,253218.48611334068,nan,91977.10284392639,0.6788443011625525,nan,nan,147738.8035255406,294908.8656709237,2.575091096459653,-0.9094643574827209,1.9961503588320373,0.8074470970546337,2.5750910964596536,4.700079498749126,1.2607925317975377,0.2607925317971666,0.8894210150752043,nan,nan
SCA3-0,moderate,SAA,search_sampled,12,certified_feasible,1.0,117186.1289329149,161196.9999143028,nan,61899.75366316058,0.7269746272896802,nan,nan,97120.06511479545,182389.01640075626,2.3851720682365163,-0.8176039125769266,1.877974609934346,0.8328292909149259,2.3851720682365154,3.311366408137617,4.723437508438288,3.723437508437843,0.8909804787167094,nan,nan
SCA3-0,moderate,SAA,search_sampled,12,certified_feasible,1.0,117186.12893291486,161196.99991430278,nan,62361.22086489396,0.7269746272896801,nan,nan,97120.06511479543,182389.01640075623,2.3851720682365167,-0.8176039125769262,1.877974609934346,0.832829290914926,2.385172068236515,3.311366408137614,4.737909578250418,3.7379095782499747,0.8909804787167094,nan,nan
SCA3-0,moderate,SAA,search_sampled,16,ambiguous,-1.0,169092.02392969542,269496.4965682889,nan,85143.98926627016,0.6274368167411352,nan,nan,149693.31089244346,292278.8593796813,2.6137966771033896,-0.9055878815644496,1.9525178355476909,0.8109967737288707,2.6137966771033883,4.602577675026588,0.9978210028175203,-0.002178997182852721,0.8765689168109723,nan,nan
SCA3-0,moderate,SAA,search_sampled,13,certified_feasible,1.0,128129.3981993668,217142.49842746803,nan,76078.7631946874,0.5900705717548229,nan,nan,128129.39819936678,241510.560112956,2.8848957655851186,-0.9504597598406622,1.8848957655851188,0.8444617814473184,2.929474566689671,6.353835166706852,2.260586643932761,1.2605866439323241,0.8267614616415303,nan,nan
SCA3-0,moderate,SAA,search_sampled,13,certified_feasible,1.0,128129.3981993668,217142.49842746806,nan,69548.48858505928,0.5900705717548228,nan,nan,128129.39819936678,241510.560112956,2.8848957655851186,-0.950459759840662,1.8848957655851188,0.8444617814473184,2.92947456668967,6.353835166706837,2.260586643932761,1.2605866439323241,0.8267614616415303,nan,nan
SCA3-0,moderate,SAA,search_sampled,13,certified_feasible,1.0,128129.3981993668,217142.49842746803,nan,69749.4856496394,0.5900705717548229,nan,nan,128129.39819936678,241510.560112956,2.8848957655851186,-0.9504597598406622,1.8848957655851188,0.8444617814473184,2.929474566689671,6.353835166706852,2.260586643932761,1.2605866439323241,0.8267614616415303,nan,nan
SCA3-0,moderate,SAA,search_sampled,13,certified_feasible,1.0,128129.39819936677,217142.49842746803,nan,74980.69774658373,0.5900705717548228,nan,nan,128129.39819936678,241510.560112956,2.884895765585119,-0.9504597598406622,1.8848957655851188,0.8444617814473184,2.929474566689671,6.353835166706852,2.2605866439327618,1.2605866439323248,0.8267614616415303,nan,nan
SCA3-0,moderate,SAA,search_sampled,14,ambiguous,-1.0,145084.7980079702,211328.07528732478,nan,85366.35986174092,0.6865382075273755,nan,nan,133020.9193577497,254029.34141063577,2.667752004914553,-0.9052037620778568,1.9096946753723982,0.8072145604311536,2.6677520049145524,4.593243262622891,0.023126833112011132,-0.9768731668884051,0.889341070022542,nan,nan
SCA3-0,moderate,SAA,search_sampled,14,ambiguous,-1.0,145084.7980079702,211328.07528732478,nan,87194.31511381987,0.6865382075273755,nan,nan,133020.9193577497,254029.34141063577,2.667752004914553,-0.9052037620778568,1.9096946753723982,0.8072145604311536,2.6677520049145524,4.593243262622891,0.023126833112011132,-0.9768731668884051,0.889341070022542,nan,nan
SCA3-0,moderate,SAA,search_sampled,12,certified_feasible,1.0,101239.91306717238,127605.59724903607,nan,53384.42129403485,0.7933814444643191,nan,nan,90662.36461486317,149907.0712932006,2.3762311584409073,-0.7520557846793651,1.6534652711741082,0.889857962090835,2.376231158440906,2.840128615942496,8.693296560191637,7.693296560191172,0.8724221334660741,nan,nan
SCA3-0,moderate,SAA,search_sampled,12,certified_feasible,1.0,101239.9130671724,127605.59724903607,nan,49959.46955599902,0.7933814444643192,nan,nan,90662.36461486317,149907.0712932006,2.376231158440907,-0.7520557846793653,1.6534652711741082,0.889857962090835,2.3762311584409064,2.8401286159424974,8.707268270890124,7.707268270889657,0.872422133466074,nan,nan
SCA3-0,moderate,SAA,search_sampled,16,certified_feasible,1.0,142192.99706291856,224976.826236275,nan,75311.43163282229,0.6320339718615495,nan,nan,134567.7152482477,248099.60524980203,2.691182606754708,-0.890233704077099,1.8436785137661964,0.8006903552991408,2.691182606754708,4.268551182736851,1.1413664632904539,0.14136646329004615,0.8755683287401076,nan,nan
SCA3-0,moderate,SAA,search_sampled,14,ambiguous,-1.0,146388.18666421995,216347.7953752816,nan,87519.65636964444,0.6766335955043674,nan,nan,137882.59652393076,262815.5411950232,2.737230010493,-0.9196794738454077,1.9060820424092408,0.8025180289018231,2.7372300104929996,4.990013556261043,0.41268903129453427,-0.5873109687058838,0.8886570162420816,nan,nan
SCA3-0,moderate,SAA,search_sampled,12,certified_feasible,1.0,105193.10512768816,135287.97252465607,nan,55551.32511416411,0.777549571958563,nan,nan,98774.17936846454,162205.40401938948,2.4809571223424305,-0.7802334766899606,1.6421842738303378,0.8949175785800643,2.480957122342431,3.0167146264920777,7.866268863255744,6.866268863255288,0.8650378717019243,nan,nan
SCA3-0,moderate,SAA,search_sampled,17,ambiguous,1.0,143830.95630788672,231346.8647926422,nan,74785.6451724325,0.6217112837764341,nan,nan,140359.39977244393,256897.62161327538,2.7619716338070153,-0.9014617056364314,1.830284412941119,0.7880589235857529,2.761971633807014,4.505183423755512,0.5586245894996829,-0.4413754105007285,0.8764008051868363,nan,nan
SCA3-0,moderate,SAA,search_sampled,17,ambiguous,1.0,143830.9563078867,231346.8647926422,nan,76166.00516094445,0.621711283776434,nan,nan,140359.39977244393,256897.62161327535,2.7619716338070157,-0.9014617056364314,1.8302844129411189,0.7880589235857528,2.761971633807015,4.505183423755512,0.5095602417659768,-0.4904397582344353,0.8764008051868363,nan,nan
SCA3-0,moderate,SAA,search_sampled,14,certified_feasible,1.0,144240.09566295246,233506.04898277437,nan,77424.19008235991,0.6177146000769898,nan,nan,144240.09566295255,266176.03512499196,2.845367849359784,-0.950881779930368,1.845367849359782,0.8558820305220431,3.0060872518305954,6.381072625620442,1.2987995004135318,0.29879950041313197,0.8208467088227346,nan,nan
SCA3-0,moderate,SAA,search_sampled,14,ambiguous,-1.0,147046.69696852402,214950.18560475938,nan,83743.16932479334,0.6840966271083235,nan,nan,135476.11480748747,259472.25380003895,2.685870385052354,-0.9111339816180589,1.9152619941068645,0.8019029586283658,2.6858703850523535,4.744026832444124,0.3574095746219352,-0.6425904253784804,0.8912092808135004,nan,nan
SCA3-0,moderate,SAA,search_sampled,17,ambiguous,1.0,146664.04136129914,232261.50925883497,nan,74816.46745225322,0.6314608125526947,nan,nan,140130.95953011635,257231.98298623995,2.709341286576671,-0.8918374337327476,1.83565418982917,0.7986838841827695,2.709341286576671,4.300079713163914,0.6894998278499991,-0.31050017215040265,0.8759188887665526,nan,nan
SCA3-0,moderate,SAA,search_sampled,17,ambiguous,1.0,146664.0413612992,232261.50925883497,nan,76273.23091026314,0.6314608125526949,nan,nan,140130.95953011635,257231.98298623998,2.70934128657667,-0.8918374337327474,1.8356541898291703,0.7986838841827694,2.70934128657667,4.3000797131639095,0.553287892866088,-0.44671210713431564,0.8759188887665527,nan,nan
SCA8-0,moderate,SAA,search_sampled,2,certified_feasible,1.0,503.2995489774587,395.7386031543333,321.56318871087547,276.2784230151337,1.2717979620026554,1.565165313216204,1.1639098891673536,503.29954897745836,728.9915563659317,2.448424815494084,-0.9452673378466202,1.4484248154940857,1.0,4.082766330838183,6.044936061953226,1517.6765851822727,1516.676585182251,0.8162179470663415,9.0,12.33979747357023
SCA8-0,moderate,SAA,search_sampled,2,certified_feasible,1.0,3752.346124667375,5929.445652448042,3259.117256795125,3213.0900453895106,0.6328325352165383,1.1513381781044816,1.0143249055443246,3256.77279456546,6572.093371108151,2.61939219867274,-0.927845785218608,2.017977238717705,1.0,2.61939219867274,5.264827489646763,192.89440960579884,191.89440960579574,0.793855709763025,9.0,1526.3298485597193
SCA8-0,moderate,SAA,search_sampled,2,certified_feasible,1.0,4946.382453985402,7053.473292360768,4056.7210926845614,4055.9549113768408,0.7012690413590364,1.2193055280298064,1.0001889028168365,4410.06169513861,8114.53995396145,2.532073038349214,-0.849890267889561,1.8400059942259848,1.0,2.532073038349215,3.650148832339975,146.4066299337231,145.40662993372075,0.8268822795821549,9.0,2970.242749917968
SCA8-0,moderate,SAA,search_sampled,2,certified_feasible,1.0,17975.139119091502,26029.944799988483,14758.727225706085,14598.993292216406,0.6905561750979762,1.2179328775575726,1.0109414348162515,17975.139119091502,29340.545423811905,2.6322847478075504,-0.830920758720838,1.6322847478075504,1.0,2.6981761462235627,3.4392983604662963,31.654496066928026,30.654496066927248,0.6604805720204708,9.0,12884.30350158029
SCA8-0,moderate,SAA,search_sampled,2,certified_feasible,1.0,31425.852973896173,37658.84589689196,16449.119099357347,15794.09388517309,0.8344879463363958,1.9104885060455277,1.0414727947640714,17256.818411433953,36351.84217843008,1.7058776617581062,-0.5034694069762586,2.1065205249157763,1.0,1.7058776617581068,2.0069751343850473,15.300355006648239,14.300355006647747,0.8296564872215322,9.0,497.60397276083313
SCA8-0,moderate,SAA,search_sampled,2,certified_feasible,1.0,26848.48274393264,40691.250153961286,19258.42007671439,18625.369375367623,0.6598097291763582,1.3941165805389975,1.0339886253307806,19833.884134602056,39880.86951850315,2.2241388544237144,-0.7983802726096927,2.010744302419679,1.0,2.2241388544237153,3.1495498473010337,16.78582518160422,15.785825181603633,0.8076765193770018,9.0,336.782126098904
SCA8-0,moderate,SAA,search_sampled,4,certified_feasible,1.0,50573.07593623377,69938.79852903595,36696.760661241526,25606.425384014583,0.7231047287041646,1.3781346098389595,1.4331075154344013,36881.4106778472,74982.86157024707,2.211933329685956,-0.8000495457616801,2.0330800853907003,0.9992369190468254,2.2119333296859565,3.162669426597047,5.7642585147920355,4.764258514791671,0.8141277318177647,9.0,23003.45407783542
SCA8-0,moderate,SAA,search_sampled,10,ambiguous,1.0,72668.23450635404,101943.72415112324,54797.682960354854,40566.71171787684,0.7128269553761771,1.3261187440886546,1.3508041603531484,59243.181417059386,110339.41528840798,2.3336551088307953,-0.7957851316715454,1.8624829499219833,0.9510606746311591,2.333655108830794,3.1294737891684905,0.0013906452838830913,-0.9986093547164316,0.841650045595646,9.0,54082.25152295956
SCA8-0,moderate,SAA,search_sampled,4,certified_feasible,1.0,30628.06009381375,29939.678751068768,16542.164587507767,11867.406178938327,1.022992275517332,1.8515146510477416,1.3939157671089042,23541.509479999942,32006.008335883864,1.8136152810769524,-0.42503974063039235,1.3595563344430004,0.9763119170863078,1.8136152810769526,1.8650740690892795,14.973485658494605,13.973485658494091,0.8768551193475879,9.0,28909.10351359872
SCA8-0,moderate,SAA,search_sampled,3,certified_feasible,1.0,36126.088085903735,34891.138313419855,26066.561395310462,19690.448976920976,1.0353943675150574,1.3859169047284865,1.3238175231993379,36126.088085903735,56425.00039692943,2.561890683064194,-0.9839662393595047,1.561890683064194,0.9987863053333664,4.235791042247768,11.168563039080325,11.528358264189793,10.528358264189336,0.8119631369288897,9.0,10006.079830325478
SCA8-0,moderate,SAA,search_sampled,5,certified_infeasible,-1.0,80534.8620629369,125904.33533563996,65463.23300945906,51068.65979861631,0.6396512228768325,1.2302304417397179,1.2818670642152383,69281.38467522728,132227.00959894003,2.5021262731746066,-0.8622558652577071,1.9085503302046445,0.980142697396135,2.5021262731746066,3.810469064906774,1.5303830518544266,0.5303830518541194,0.8085821893566212,9.0,44776.14518377218
SCA8-0,moderate,SAA,search_sampled,4,certified_feasible,1.0,36965.92316401702,37318.351890608516,27458.256600143086,23281.01610459689,0.9905561551157304,1.3462589305041452,1.1794268977255418,36965.92316401702,58687.679628595666,2.5876156904887693,-0.9833109736071788,1.5876156904887693,0.9949928239287738,4.1001854341423165,10.947110379634204,10.95179076054885,9.951790760548398,0.8132829909378992,9.0,11983.121043635667
SCA8-0,moderate,SAA,search_sampled,6,certified_infeasible,-1.0,82713.3299461567,119815.43164103765,65173.64458906632,45286.4527448614,0.6903395398512823,1.269122364840601,1.4391421857712514,79122.39297289906,130468.56140970039,2.5339440996878664,-0.7963250927602827,1.6489461011927227,0.8654497700896704,2.5339440996878664,3.1336193062307216,3.0894555367896843,2.089455536789362,0.8187825954964976,9.0,78389.3491653348
SCA8-0,moderate,SAA,search_sampled,5,certified_feasible,1.0,61062.506154394556,91520.99241160435,49458.9245665028,39894.524785447,0.6671967222533326,1.234610471003863,1.239742165936133,57947.14827042952,98898.46310399183,2.568607501595862,-0.8210032252272016,1.7067011243150305,0.9934128226577674,2.5686075015958614,3.342661466545748,2.2432772052866934,1.2432772052863534,0.6699472054388906,9.0,23767.117322587612
SCA8-0,moderate,SAA,search_sampled,10,certified_infeasible,-1.0,80180.71370369934,114921.06370487165,62543.92885714561,40321.35677327911,0.6977025022115279,1.28199035731889,1.5511365157879151,71048.74195920803,125284.88150716264,2.448639010521957,-0.8041086693576978,1.763365234237276,0.8786149735918656,2.4486390105219584,3.195268733017787,2.628795240007207,1.6287952400068832,0.858588137382666,9.0,71182.08527870338
SCA8-0,moderate,SAA,search_sampled,8,certified_infeasible,-1.0,79760.81484515792,94319.80694351715,54153.31639574187,37466.30041881546,0.8456422614702997,1.4728703642502972,1.4453873425022303,70996.12259574489,107114.82633768144,2.2330633065772774,-0.6674949707659064,1.5087419202820143,0.9235734625681373,2.2330633065772774,2.452538810052406,1.3698995583216027,0.369899558321295,0.8532360255604562,9.0,68276.58158310037
SCA8-0,moderate,SAA,search_sampled,4,certified_feasible,1.0,60201.40010494411,91427.72734399405,52554.16606711268,40540.583623429746,0.6584588926555963,1.145511471499058,1.2963347186926013,60201.40010494407,105102.30947386364,2.7458449353444845,-0.8879631233090468,1.7458449353444865,0.9790404748475883,2.8209173668848297,4.225075764757524,1.9094469892284238,0.9094469892280738,0.8247446414142766,9.0,42870.60144181515
SCA8-0,moderate,SAA,search_sampled,8,certified_infeasible,-1.0,88900.9451142939,118731.02014151891,74709.25004195106,51480.816281455875,0.7487592122794053,1.189959008615049,1.4512056225662917,80555.15726474115,147858.0661129716,2.5693002822867337,-0.8583757432026518,1.8354885166078474,0.8729348251099782,2.5693002822867337,3.7579082794346905,3.995731572632783,2.9957315726324665,0.8580521449658226,9.0,65250.58850053071
SCA8-0,moderate,SAA,search_sampled,12,certified_infeasible,-1.0,112688.66302493658,170743.03119108168,90100.35587357843,52519.23969581951,0.6599898235309213,1.2507016418786652,1.7155685496481083,100931.21451882269,180820.36446750734,2.500265522930039,-0.8269503155954417,1.7915207434047682,0.8349206790203493,2.5002655229300395,3.3996138668296663,5.175184286496422,4.1751842864961395,0.8630396873939363,9.0,107497.45025931648
SCA8-0,moderate,SAA,search_sampled,9,certified_infeasible,-1.0,100393.24825703632,155139.18156640974,88541.09309321476,60574.3147386732,0.6471172997265132,1.1338605019405372,1.461693681145127,100393.2482570363,177166.4433901613,2.7647246848370015,-0.9374456146658643,1.764724684837002,0.8275485932655889,3.080319979491673,5.654394655298132,4.568025810353905,3.568025810353608,0.856221007554155,9.0,98929.06640995096
SCA8-0,moderate,SAA,search_sampled,8,certified_infeasible,-1.0,79760.8148451579,94319.80694351715,54153.316395741895,32286.561609636377,0.8456422614702995,1.4728703642502963,1.6772710903839039,70996.12259574489,107114.82633768144,2.233063306577278,-0.6674949707659064,1.5087419202820143,0.9235734625681374,2.2330633065772774,2.452538810052406,2.1136880980332426,1.1136880980329242,0.8532360255604562,9.0,697.8814937601419
SCA8-0,moderate,SAA,search_sampled,13,certified_infeasible,-1.0,117407.58358872042,178763.18303708656,95235.47466648275,65921.11916861578,0.6567772043103686,1.2328135497815809,1.4446883770720804,107227.4278235164,190914.78893509414,2.539377846349388,-0.8343787230336184,1.7804659946643242,0.8343558223958806,2.539377846349388,3.475016999245139,5.620157376208847,4.620157376208567,0.8626413839847819,9.0,113331.12446025292
SCA8-0,moderate,SAA,search_sampled,7,certified_infeasible,-1.0,91574.41675716624,130602.8848866611,75306.2227197515,51386.86527242038,0.7011668757289375,1.2160272212557526,1.4654760962850322,91574.41675716625,150700.04644003676,2.645656633988265,-0.8460329687316638,1.6456566339882648,0.8598778742596954,2.7528677728580018,3.6041356629308074,3.6037900020868996,2.6037900020865954,0.8343923278186177,9.0,72182.89351468341
SCA8-0,moderate,SAA,search_sampled,7,ambiguous,-1.0,74463.41752508932,109310.07552054916,67977.07698549205,42714.51022203692,0.6812127534491637,1.0954195271000193,1.5914282203433032,74463.41752508927,136356.9262146475,2.831193500737514,-0.9667651867300354,1.8311935007375157,0.9471869514473047,3.1407312366448434,7.757439126589785,0.9015891240525248,-0.09841087594779567,0.8252589187623101,9.0,51471.22031397956
SCA8-0,moderate,SAA,search_sampled,9,certified_infeasible,-1.0,97021.59781346998,123646.8311233486,74711.1082907745,55901.12113847654,0.7846670790671731,1.298623458185942,1.3364867603585702,97021.59781346998,149489.1621646581,2.540782315830958,-0.8569930128954372,1.5407823158309581,0.948535015921014,2.9674043521881974,3.73969659873314,2.3500650746760905,1.3500650746758174,0.7299843920905951,9.0,60887.40710503909
SCA8-0,moderate,SAA,search_sampled,6,certified_infeasible,-1.0,103181.06682689823,166279.9293488789,90629.95554681015,63007.45164444001,0.6205262849878274,1.138487448265441,1.438400588842219,92854.90927185566,181946.4386227036,2.663292368895351,-0.9198256030220741,1.9594703182576,0.938663578890932,2.6632923688953523,4.994558988724793,4.382676102267922,3.382676102267634,0.8390250435409309,9.0,64600.27909739988
SCA8-0,moderate,SAA,search_sampled,5,certified_feasible,1.0,45073.33910161512,44908.689129410064,31277.746870696647,22867.02166507202,1.0036663277284847,1.4410673277698025,1.3678102609432297,45073.33910161512,65873.04188925993,2.46146354368717,-0.9210467274656551,1.4614635436871701,0.9666802778794217,3.695194559666249,5.033034761518573,7.735131244372644,6.735131244372255,0.7872564280078052,9.0,1898.7415098478305
SCA8-0,moderate,SAA,search_sampled,8,certified_infeasible,-1.0,99648.03813245885,149252.43652085916,89092.04130690923,60136.100442234856,0.6676476475379501,1.1184841728924555,1.4815067929535717,89844.07770523656,177384.30322563343,2.681722449725022,-0.9288934398202604,1.9743572170399672,0.8494292106445993,2.6817224497250214,5.303470565969972,5.548428331692634,4.548428331692322,0.8858731104873935,9.0,3290.741889289522
SCA8-0,moderate,SAA,search_sampled,10,certified_infeasible,-1.0,91246.65120555078,135324.8962427368,83820.32302823185,57876.49212881314,0.6742783755169381,1.0885981813123964,1.448261979003093,85454.19682655831,166773.74223157807,2.764243243184279,-0.9398982231781592,1.9516155838439342,0.7847548589705482,2.764243243184277,5.768612173161767,5.6358525417577985,4.6358525417574645,0.8919969143321853,9.0,3341.576277579632
SCA8-0,moderate,SAA,search_sampled,14,certified_infeasible,-1.0,93220.51364893475,148282.30617475355,87961.59009601355,51351.32716056517,0.628669165281747,1.0597865903422263,1.7129370351222963,93067.65769480236,175846.1443726773,2.8847062898644804,-0.9438521175754853,1.8894441820952583,0.76995465206695,2.8847062898644817,5.968267868045652,7.123142118429116,6.123142118428766,0.8952294025319053,9.0,5161.638399756746
SCA8-0,moderate,SAA,search_sampled,8,certified_infeasible,-1.0,99648.03813245885,149252.43652085916,89092.04130690923,57175.09404041088,0.6676476475379501,1.1184841728924555,1.5582316531729659,89844.07770523654,177384.30322563343,2.681722449725022,-0.9288934398202604,1.9743572170399677,0.8494292106445993,2.681722449725021,5.303470565969972,5.548428331692634,4.548428331692322,0.8858731104873935,9.0,78966.07728044665
SCA8-0,moderate,SAA,search_sampled,13,certified_infeasible,-1.0,110736.42948266848,145110.7132174155,87879.04228770956,47995.706248674855,0.7631168438732366,1.2601005495727355,1.8309771676739492,106192.38940682319,174578.50764399985,2.535488080684116,-0.7954060915360102,1.643983232877352,0.8985905011908414,2.5354880806841167,3.126573541335867,5.237439257034094,4.237439257033808,0.8585536397437986,9.0,3170.5372226888867
SCA8-0,moderate,SAA,search_sampled,4,ambiguous,-1.0,74463.21805618051,114538.12422499584,64243.667707339206,49491.15662735254,0.6501173173563313,1.1590748273494638,1.2980837807260563,62428.290375449724,129256.78655591536,2.574224992354531,-0.9331586638303675,2.070484163166293,0.965563840964034,2.57422499235453,5.470064361979235,0.9501315517878041,-0.049868448212517076,0.829426063052906,9.0,43829.78367091069
SCA8-0,moderate,SAA,search_sampled,8,certified_infeasible,-1.0,87022.75749471618,133271.74453386333,75612.70657814562,52127.40399269998,0.6529722995604996,1.1509012364843505,1.4505365851085652,76211.52815128569,151123.1014456942,2.6123583777586354,-0.9148579668357325,1.9829428055254754,0.7982642927520843,2.612358377758635,4.846664854753351,6.183372942507791,5.183372942507439,0.8765417179691114,9.0,4143.271263468661
SCA8-0,moderate,SAA,search_sampled,16,certified_infeasible,-1.0,93494.02595566244,134267.79577087922,70076.29981695168,47292.112518989125,0.696325022831275,1.3341746952947127,1.4817756298962974,61501.44561417156,140694.35087430748,2.162660067546627,-0.8572955343070513,2.287659248807768,0.7291719529407531,2.1626600675466294,3.7436584205929497,7.158879897494866,6.158879897494516,0.9420357958254161,9.0,112557.9459462096
SCA8-0,moderate,SAA,search_sampled,8,certified_infeasible,-1.0,91886.71673536336,144714.38160593418,87746.72510955122,62181.47919592403,0.634952212182866,1.047181152580263,1.4111392370238593,91886.71673536333,175513.298883322,2.910105237395801,-0.9593223057426868,1.910105237395802,0.8717235223443518,2.9341330942534953,7.011918085793704,5.624762669650076,4.624762669649744,0.8549432761506564,9.0,3587.050905574739
SCA8-0,moderate,SAA,search_sampled,12,certified_infeasible,-1.0,96388.69755240205,153765.09212514843,82655.11875207243,53367.58951070467,0.6268568256958602,1.166155212256413,1.5487886844784917,79055.93811674332,165656.86666119556,2.53881223620539,-0.9316188742374095,2.095438630006099,0.8507775786879453,2.53881223620539,5.408126912793227,5.924072481928543,4.924072481928218,0.9101793567711494,9.0,102247.36059302436
SCA8-0,moderate,SAA,search_sampled,9,certified_infeasible,-1.0,77910.03029168719,102164.25885744356,57539.93909181117,37362.03456729602,0.7625957567058762,1.35401655826179,1.5400643931253521,60000.07685344497,114144.9618787155,2.235206918546678,-0.7708834323347308,1.9024135945279501,0.9001509496422038,2.2352069185466794,2.9545187504776855,2.43251807373577,1.4325180737354408,0.8930216025394462,9.0,67468.542139942
SCA8-0,moderate,SAA,search_sampled,14,certified_infeasible,-1.0,89424.49900351843,130767.10918190505,73111.55207267114,50693.77386950181,0.6838454987876461,1.2231240681996822,1.442219556604292,77639.75199078082,145603.67981637732,2.496445988457532,-0.8506079162278863,1.8753753854554656,0.6729721990997809,2.4964459884575323,3.658905604456468,8.085754689252408,7.085754689252035,0.9134901407548685,9.0,2384.83703347297
SCA8-0,moderate,SAA,search_sampled,13,certified_infeasible,-1.0,83240.33445388205,123938.31878262093,69551.23163131093,47286.776037661955,0.6716271067052292,1.1968204228954082,1.4708389418622294,72687.35875645965,138516.16996965389,2.537273908277332,-0.8711052670964786,1.9056431866475556,0.7272534009595722,2.537273908277331,3.939103684383183,5.841338143866108,4.841338143865748,0.916585109111077,9.0,108063.6003366398
SCA8-0,moderate,SAA,search_sampled,9,certified_infeasible,-1.0,99287.15932180909,148024.4752477366,84427.25667098802,58298.11142476361,0.6707482607564741,1.1760083560304455,1.4481988285322978,85398.60004747835,168203.06722893368,2.554224222030962,-0.8955271447217537,1.9696232389690138,0.7759714464026758,2.5542242220309617,4.3753546964235905,5.806162171004488,4.806162171004171,0.8994010589383341,9.0,95535.33061309249
SCA8-0,moderate,SAA,search_sampled,6,certified_infeasible,-1.0,77665.51608108902,104495.01256272772,67502.33075838907,46609.34302797605,0.7432461528675054,1.150560509667096,1.4482575031764027,69485.56647712034,133320.78634546118,2.611279278835094,-0.8943747582841983,1.9186831611908925,0.895619928745972,2.611279278835093,4.351421366796731,2.5105257060021313,1.5105257060018003,0.8672941774118663,9.0,55475.69944733754
SCA8-0,moderate,SAA,search_sampled,11,certified_infeasible,-1.0,100811.33178795404,132440.20776862092,88327.91640409509,50763.682828891404,0.7611837332970365,1.1413303504947185,1.7399824339345322,100811.33178795401,179488.5856194503,2.7804405758371047,-0.96981655243693,1.7804405758371054,0.8245196835420315,3.2846202553133272,8.140115667490129,6.286271304213948,5.286271304213628,0.8718505488683698,9.0,4806.769560046247
SCA8-0,moderate,SAA,search_sampled,16,certified_infeasible,-1.0,93494.02595566244,134267.7957708792,70076.29981695159,51379.54033079634,0.6963250228312751,1.3341746952947144,1.3638950322595358,61501.44561417154,140694.35087430748,2.1626600675466268,-0.8572955343070514,2.2876592488077683,0.7291719529407532,2.1626600675466285,3.7436584205929515,6.533257964234374,5.533257964234033,0.9420357958254163,9.0,4207.8502434553375
SCA8-0,moderate,SAA,search_sampled,2,certified_feasible,1.0,34942.10423738486,53528.90242616443,25162.631376651752,23672.953620840508,0.6527707958440314,1.3886506428658896,1.062927414114469,21674.14923589176,53565.08059088661,2.1532541176006013,-0.9121778255966229,2.471380998991388,1.0,2.1532541176006017,4.7721370215231715,11.731491881793943,10.73149188179347,0.8233403214169337,9.0,11562.11108477772
SCA8-0,moderate,SAA,search_sampled,2,certified_feasible,1.0,18983.663724105932,28989.09278386626,16389.451540661983,16326.958353108093,0.6548553921863742,1.158285478742699,1.0038276074576986,16317.89721068566,32918.177317804424,2.593602333250819,-0.9210561939682665,2.0173051032732445,1.0,2.5936023332508182,5.033336519255222,29.520640898280362,28.520640898279616,0.8263757427822903,9.0,9096.382772128927
SCA8-0,moderate,SAA,search_sampled,7,certified_infeasible,-1.0,83963.41272971856,134599.8078262902,78923.20099381104,48364.218078414306,0.6238003908451252,1.0638622315420627,1.6318510694383723,80808.92609065569,157915.92572315293,2.8432009139775327,-0.9567289449034222,1.954189139278928,0.9593524407370687,2.843200913977531,6.798549365293161,2.591870766619528,1.5918707666192164,0.8212377743848696,9.0,53567.49373934491
SCA8-0,moderate,SAA,search_sampled,8,certified_infeasible,-1.0,89872.94568645966,127459.35191611297,74614.2428279159,51356.430218893314,0.7051106437886904,1.204501208887627,1.4528705073520933,89872.94568645966,148848.83783843913,2.656214077568227,-0.8862569247076552,1.6562140775682268,0.8988410465383636,2.956128847622081,4.193266984645574,2.590605861764522,1.5906058617642282,0.7563359727905037,9.0,50630.58924399194
SCA8-0,moderate,SAA,search_sampled,6,certified_infeasible,-1.0,77665.51608108902,104495.01256272772,67502.33075838907,46609.34302797605,0.7432461528675054,1.150560509667096,1.4482575031764027,69485.56647712034,133320.78634546118,2.611279278835094,-0.8943747582841983,1.9186831611908925,0.895619928745972,2.611279278835093,4.351421366796731,2.5105257060021313,1.5105257060018003,0.8672941774118663,9.0,55475.69944733754
SCA8-0,moderate,SAA,search_sampled,5,certified_feasible,1.0,43733.11173021604,57062.31295573485,35176.653201698355,27076.103127023995,0.7664097276277827,1.2432425415646016,1.2991771022835779,43733.11173021603,70404.09279740392,2.6098578402496884,-0.8267986542905728,1.6098578402496893,0.9553629948161205,2.7068995555420123,3.3981251289977896,6.190431221480051,5.190431221479626,0.7809011851749823,9.0,22788.16874656741
SCA8-0,moderate,SAA,search_sampled,5,certified_feasible,1.0,45073.33910161512,44908.689129410064,31277.746870696647,22867.02166507202,1.0036663277284847,1.4410673277698025,1.3678102609432297,45073.33910161512,65873.04188925993,2.46146354368717,-0.9210467274656551,1.4614635436871701,0.9666802778794217,3.695194559666249,5.033034761518573,7.735131244372644,6.735131244372255,0.7872564280078052,9.0,2001.8899026133367
SCA8-0,moderate,SAA,search_sampled,5,certified_feasible,1.0,45073.33910161512,44908.689129410064,31277.746870696647,22867.02166507202,1.0036663277284847,1.4410673277698025,1.3678102609432297,45073.33910161512,65873.04188925993,2.46146354368717,-0.9210467274656551,1.4614635436871701,0.9666802778794217,3.695194559666249,5.033034761518573,7.735131244372644,6.735131244372255,0.7872564280078052,9.0,18495.817905045078
SCA8-0,moderate,SAA,search_sampled,10,ambiguous,1.0,72668.23450635404,101943.72415112324,54797.68296035487,40750.72461984224,0.7128269553761771,1.3261187440886542,1.3447045045592372,59243.181417059386,110339.41528840798,2.3336551088307953,-0.7957851316715455,1.8624829499219833,0.951060674631159,2.333655108830795,3.1294737891684914,0.0013906452838830913,-0.9986093547164316,0.841650045595646,9.0,50124.7321231736
SCA8-0,moderate,SAA,search_sampled,5,certified_infeasible,-1.0,70072.48331676003,116191.4487320721,63812.5133421476,47146.72370501528,0.6030778003150765,1.098099411020656,1.353487757524909,68668.51741599423,127660.95239787415,2.8018055093947276,-0.9184349476795886,1.8590899760439483,0.8550563318739829,2.8018055093947263,4.95179820746918,1.9966615462340684,0.9966615462337142,0.8613971360438184,9.0,66998.81894455009
SCA8-0,moderate,SAA,search_sampled,6,certified_feasible,1.0,52187.67846930848,72096.10614943723,44037.21252547846,33583.29475781877,0.7238626502398958,1.1850813318194113,1.3112832687515226,52187.67846930846,88811.97970369899,2.701780617735836,-0.9393092948226309,1.701780617735837,0.8067038467105185,3.2314145739822124,5.7405553137857845,2.164379694593627,1.164379694593225,0.8554417671900361,9.0,1942.8434572585975
SCA8-0,moderate,SAA,search_sampled,8,certified_infeasible,-1.0,85718.5045752288,102336.23090229472,57990.10940174978,43068.20035340699,0.8376163927423548,1.4781573178519016,1.3464716177109166,65728.87950944835,114282.83764762167,2.1000333364318906,-0.6678390671622478,1.7387005301253282,0.9112895216692927,2.1000333364318906,2.453808813893474,2.4569875962749617,1.4569875962746575,0.8763089973008332,9.0,71034.0276305224
SCA8-0,moderate,SAA,search_sampled,8,certified_infeasible,-1.0,85718.50457522881,102336.23090229474,57990.10940174975,36277.74514457507,0.8376163927423548,1.4781573178519025,1.5985036878848442,65728.87950944836,114282.83764762168,2.1000333364318906,-0.6678390671622476,1.738700530125328,0.9112895216692928,2.10003333643189,2.453808813893473,1.8162372495392733,0.8162372495389784,0.8763089973008332,9.0,72428.36663394835
SCA8-0,moderate,SAA,search_sampled,4,certified_infeasible,-1.0,70654.31372394788,106685.15902557915,59728.97814529649,45934.21380064646,0.6622693762588627,1.1829151597416327,1.3003156732913514,54752.41721216579,120090.07203450923,2.4746187462778106,-0.945019123298807,2.1933291377650015,0.9015974936445315,2.4746187462778098,6.031275508929163,1.3692357572712428,0.36923575727089997,0.8638679283323786,9.0,48034.76090431073
SCA8-0,moderate,SAA,search_sampled,7,certified_infeasible,-1.0,68050.14399702278,96452.02853555164,63743.069637542656,47908.25723890177,0.7055335696951144,1.0675692963010899,1.330523657324419,68050.14399702277,127547.55186084274,2.874317148637084,-0.9491046919806942,1.8743171486370847,0.8529036183633888,2.9409209573796367,6.2686803393588315,3.1392853598378903,2.13928535983751,0.8731750949387482,9.0,37675.506164280574
SCA8-0,moderate,SAA,search_sampled,6,certified_feasible,1.0,67884.8109849195,75039.59293193874,51955.52190434826,37103.12085595883,0.9046532414760211,1.3065947275036052,1.400300586736334,67884.8109849195,107028.28464907577,2.576616080920545,-0.9151944795205443,1.5766160809205452,0.931837037754864,3.326680947393824,4.856271242745487,1.14385698370009,0.1438569836997703,0.81664554977464,9.0,1613.7379337228995
SCA8-0,moderate,SAA,search_sampled,5,certified_feasible,1.0,60686.76048640232,93160.59563514854,53310.82520528041,37464.211553528636,0.6514209153843777,1.1383571770408711,1.422980038672647,60686.76048640232,106608.54070292573,2.756701788799763,-0.8913598327812354,1.756701788799763,0.9705642612273282,2.8219454345257677,4.290617355365447,1.6220450428188706,0.6220450428185196,0.8268340677795192,9.0,44391.51424869763
SCA8-0,moderate,SAA,search_sampled,10,ambiguous,1.0,72668.23450635404,101943.72415112324,54797.68296035487,36080.91806101249,0.7128269553761771,1.3261187440886542,1.5187441424769876,59243.181417059386,110339.41528840797,2.333655108830795,-0.7957851316715456,1.862482949921983,0.9510606746311587,2.3336551088307953,3.1294737891684923,0.0013906452838830913,-0.9986093547164316,0.841650045595646,9.0,49939.001790842914
SCA8-0,moderate,SAA,search_sampled,5,certified_feasible,1.0,60319.986761859676,91564.81954986948,52695.89095464559,37798.182226069956,0.6587681498024167,1.1446810305148083,1.3941382323486569,60319.98676185964,105390.12168194953,2.747184098332523,-0.8889469217471309,1.7471840983325242,0.9750999244257716,2.823989975614049,4.24374907786405,1.8582098317539366,0.8582098317535867,0.8263478977251039,9.0,40380.74654982059
SCA8-0,moderate,SAA,search_sampled,5,certified_feasible,1.0,60319.986761859676,91564.8195498695,52695.89095464559,42454.7321367591,0.6587681498024166,1.1446810305148083,1.2412253782428004,60319.98676185965,105390.12168194953,2.747184098332523,-0.8889469217471309,1.747184098332524,0.9750999244257715,2.8239899756140496,4.24374907786405,1.8244461571499262,0.8244461571495757,0.8263478977251036,9.0,43164.65843752077
SCA8-0,moderate,SAA,search_sampled,7,certified_feasible,1.0,45152.04692393681,57566.579565922526,35201.749368301214,26746.09587560672,0.7843447928364551,1.282664859962776,1.3161453369501421,45152.04692393681,70272.66154861644,2.5563560532925083,-0.876343071339016,1.5563560532925085,0.9682550805035022,3.067636026979367,4.02166387536296,7.172641748507289,6.1726417485068925,0.7023305471153378,9.0,19975.29001200902
SCA8-0,moderate,SAA,search_sampled,7,certified_feasible,1.0,45152.04692393681,57566.579565922526,35201.749368301214,26576.31929927777,0.7843447928364551,1.282664859962776,1.3245532224342988,45152.04692393681,70272.66154861644,2.5563560532925083,-0.876343071339016,1.5563560532925085,0.9682550805035023,3.067636026979367,4.02166387536296,7.172641748507289,6.1726417485068925,0.7023305471153378,9.0,21621.22535757839
SCA8-0,moderate,SAA,search_sampled,10,ambiguous,1.0,71118.54365928796,99683.58274609214,53839.549191782164,40552.8059616665,0.7134428930031208,1.3209349767390546,1.327640539662663,58335.102053318085,108300.75521920626,2.343071844536597,-0.7972944014454709,1.8565280835579876,0.9478717542724154,2.343071844536597,3.1411026267035473,0.19336151263072549,-0.8066384873695932,0.8435552286803343,9.0,49325.043957949485
SCA8-0,moderate,SAA,search_sampled,7,ambiguous,1.0,52617.143209226386,70161.38641615458,45518.08365876135,34966.38056699524,0.7499444622877541,1.1559613010882677,1.3017670951544198,52617.14320922638,91167.73751232278,2.7326622456450003,-0.8926387940889955,1.732662245645001,0.8803343565026145,2.8664432195368605,4.316098102036098,0.45927236422602047,-0.5407276357744024,0.8477807725094719,9.0,2701.3326304810835
SCA8-0,moderate,SAA,search_sampled,9,certified_infeasible,-1.0,82179.2951142774,105011.50933797417,53878.74041618894,34357.5617791284,0.782574173367869,1.5252638513721637,1.5681770657229612,63616.78762244498,109075.31005265904,2.101406411857887,-0.6622751685182381,1.714568027232101,0.8671019880507886,2.1014064118578872,2.43351204960773,1.7754181265060258,0.7754181265057206,0.854232489932581,9.0,1874.1474021205722
SCA8-0,moderate,SAA,search_sampled,7,ambiguous,1.0,70352.84442747165,102303.00428341303,58011.823228624206,47147.674319210586,0.6876908935398524,1.2127328622341615,1.2304280978072966,70352.84442747165,115380.99074914152,2.640033060327652,-0.8423244947747288,1.640033060327652,0.9760063045439867,2.742266755091248,3.561499454922621,0.5616070013245837,-0.438392998675733,0.6874902124607101,9.0,31051.737981398423
SCA8-0,moderate,SAA,search_sampled,6,certified_infeasible,-1.0,75838.74079421465,107080.4355727004,63828.67977874573,43463.05347256869,0.7082408694791427,1.1881608871920948,1.4685732979858541,67934.77291513773,127229.17624690048,2.5734070360108916,-0.8706690634433644,1.8728137415846182,0.8605570466252811,2.573407036010891,3.9324552260616707,2.218098988014282,1.2180989880139481,0.8431374504862689,9.0,53687.18279526259
SCA8-0,moderate,SAA,search_sampled,7,ambiguous,-1.0,74463.41752508932,109310.07552054916,67977.07698549205,42714.51022203692,0.6812127534491637,1.0954195271000193,1.5914282203433032,74463.41752508927,136356.9262146475,2.831193500737514,-0.9667651867300354,1.8311935007375157,0.9471869514473047,3.1407312366448434,7.757439126589785,0.9015891240525248,-0.09841087594779567,0.8252589187623101,9.0,42863.69988838775
SCA8-0,moderate,SAA,search_sampled,7,ambiguous,-1.0,74463.41752508932,109310.07552054914,67977.07698549205,46449.239375494064,0.6812127534491638,1.0954195271000193,1.463470185937119,74463.41752508927,136356.9262146475,2.831193500737514,-0.9667651867300353,1.8311935007375157,0.9471869514473047,3.140731236644843,7.757439126589771,0.35573276189707836,-0.6442672381032343,0.8252589187623103,9.0,37841.20000494656
SCA8-0,moderate,SAA,search_sampled,2,certified_feasible,1.0,18983.663724105932,28989.09278386626,16389.451540661983,16326.958353108093,0.6548553921863742,1.158285478742699,1.0038276074576986,16317.89721068566,32918.177317804424,2.593602333250819,-0.9210561939682665,2.0173051032732445,1.0,2.5936023332508182,5.033336519255222,29.520640898280362,28.520640898279616,0.8263757427822903,9.0,12312.233065571458
SCA8-0,moderate,SAA,search_sampled,4,ambiguous,-1.0,74463.21805618051,114538.12422499584,64243.667707339206,49491.15662735254,0.6501173173563313,1.1590748273494638,1.2980837807260563,62428.290375449724,129256.78655591536,2.574224992354531,-0.9331586638303675,2.070484163166293,0.965563840964034,2.57422499235453,5.470064361979235,0.9501315517878041,-0.049868448212517076,0.829426063052906,9.0,45498.10663045925
SCA8-0,moderate,SAA,search_sampled,6,certified_infeasible,-1.0,82444.71819697216,106272.94338162862,70149.99973639712,44658.7778309768,0.7757827681586954,1.1752632716575186,1.5707998101044935,72640.70826984705,137813.7951989981,2.5526741806071724,-0.8726586813148044,1.8971978451400124,0.9299865824575172,2.5526741806071716,3.963057069524939,2.0054708534446832,1.0054708534443755,0.85972094445973,9.0,3733.6800630788202
SCA8-0,moderate,SAA,search_sampled,4,certified_feasible,1.0,51618.702607815314,79914.48588181626,42700.164270862864,35571.16458111089,0.6459242281074429,1.2088642629189639,1.2004151332604285,46173.95346525776,85870.65856586483,2.5580769248379056,-0.8627155845110994,1.8597207326090388,0.9959092069903659,2.5580769248379065,3.816843721257462,4.975166687171345,3.975166687170979,0.8104544220721324,9.0,35950.17949884631
SCA8-0,moderate,SAA,search_sampled,6,certified_feasible,1.0,63943.795781827685,69997.79468181063,36588.81163319523,22848.964731786178,0.913511576650341,1.7476324845657085,1.6013334548280413,44483.81033616776,73373.48656275975,1.843138891864496,-0.5014915495596877,1.6494424827430556,0.9579272684195616,1.8431388918644964,2.0029897899144675,1.5471123080363698,0.5471123080360359,0.8717027342040812,9.0,342.18984597820963
SCA8-0,moderate,SAA,search_sampled,4,certified_feasible,1.0,52789.60815890866,79634.2587127054,41677.953344830574,34996.77232712561,0.6629007290613009,1.266607496825568,1.1909084916532846,45160.86920399081,83941.9901600687,2.445611245596495,-0.8308093493655911,1.8587328286553626,0.929498823916065,2.445611245596494,3.4381658123319223,3.270045049657792,2.2700450496574107,0.8489902396050442,9.0,38848.99261653602
SCA8-0,moderate,SAA,search_sampled,4,certified_feasible,1.0,52789.60815890864,79634.25871270538,41677.953344830574,29532.23510595468,0.6629007290613007,1.2666074968255674,1.4112698614005992,45160.86920399081,83941.9901600687,2.4456112455964965,-0.8308093493655911,1.8587328286553626,0.9294988239160652,2.445611245596494,3.4381658123319223,3.2700450496577935,2.270045049657412,0.8489902396050442,9.0,38833.20168654228
SCA8-0,moderate,SAA,search_sampled,5,certified_feasible,1.0,39658.65707260226,51895.657457923466,34759.75530738864,27269.908481892726,0.7641999160480267,1.1409360256391765,1.274656104198853,39658.65707260225,69826.3363823797,2.760683329608214,-0.9177445345270733,1.7606833296082147,0.8609063638800678,2.9626748966637138,4.930972899548544,3.400415867161732,2.400415867161215,0.8784606702661736,9.0,1843.5943804422423
SCA8-0,moderate,SAA,search_sampled,7,certified_feasible,1.0,61075.230909284925,84852.05916254054,54473.18369613299,33494.385651146295,0.7197848998842881,1.1211981155715085,1.626337746973088,61075.2309092849,109869.22697191482,2.7989162764706306,-0.9705413144911859,1.7989162764706315,0.9271399005372831,3.24436071361708,8.239641490279952,1.1369730375632763,0.13697303756292042,0.8422247754443609,9.0,32335.897858575925
SCA8-0,moderate,SAA,search_sampled,7,certified_feasible,1.0,61075.230909284925,84852.05916254055,54473.18369613299,34506.341595807855,0.719784899884288,1.1211981155715085,1.578642683545186,61075.2309092849,109869.22697191485,2.798916276470631,-0.9705413144911856,1.798916276470632,0.9271399005372833,3.244360713617076,8.239641490279922,1.1369730375632763,0.13697303756292042,0.8422247754443609,9.0,36530.73023860057
SCA8-0,moderate,SAA,search_sampled,5,certified_feasible,1.0,60447.05070592876,74649.16049308125,47373.72165836077,31540.959679068514,0.8097485665834274,1.275961621547222,1.5019746431431298,49997.290500701885,92657.47739365051,2.359995503971884,-0.8020608986730169,1.853249975463165,0.9583547872204852,2.3599955039718843,3.178697502906582,2.173630150152432,1.1736301501520872,0.8497889941000596,9.0,37498.61585103298
SCA8-0,moderate,SAA,search_sampled,5,certified_feasible,1.0,55992.419562341944,82025.86684443917,46157.054123502545,38566.64832420362,0.6826190531888037,1.2130847738359316,1.1968126899566573,55992.41956234194,91845.26331326722,2.6403160290475878,-0.8350356901601703,1.6403160290475882,0.9732090560051817,2.7072094589782365,3.481929717144539,3.29172229560648,2.2917222956061227,0.6866803917677118,9.0,27790.427801055732
SCA8-0,moderate,SAA,search_sampled,5,ambiguous,1.0,46390.0547091093,64646.56136119224,40635.66347248109,30460.28149676335,0.7175950852191431,1.1416093831106056,1.3340541017915069,46390.054709109274,82010.853549314,2.7678542106398947,-0.9597786849272459,1.7678542106398967,0.7963239909307056,3.235517587654146,7.051586940053218,0.5804646738801066,-0.41953532612037037,0.8599876848188102,9.0,30902.376092117032
SCA8-0,moderate,SAA,search_sampled,5,certified_feasible,1.0,48095.3780883796,65010.154988168455,38382.0539560223,28300.13356391847,0.73981331219919,1.2530694199817112,1.3562499226137177,48095.3780883796,77092.27426421295,2.602904007169856,-0.9285738455040563,1.602904007169856,0.8712048870578356,3.3816162143864705,5.291592148838538,3.8499509449939273,2.8499509449935134,0.8195586849879286,9.0,32464.839555858576
SCA8-0,moderate,SAA,search_sampled,7,ambiguous,-1.0,68704.32466404802,96913.08002141168,59661.34661075569,38951.22557667101,0.7089272639861276,1.1515718059850508,1.531693694549333,68704.32466404804,120093.03140468133,2.747969025121999,-0.9858722580034662,1.7479690251219986,0.8554715948259771,3.5217426322420993,11.89812754825082,0.5601866866952958,-0.43981331330504436,0.8259934973112546,9.0,38921.32167313056
SCA8-0,moderate,SAA,search_sampled,5,ambiguous,-1.0,63612.03712341443,86756.1288910839,52405.56450833073,38003.25937554952,0.7332281642404167,1.2138412727774786,1.3789755239269648,54787.460361585654,104175.38259502871,2.4989428124775936,-0.859192019582418,1.901445730601368,0.8786518191592227,2.4989428124775923,3.7687850030603394,0.12490916919978548,-0.875090830800574,0.8430158576335085,9.0,41947.11179451796
SCA8-0,moderate,SAA,search_sampled,7,certified_feasible,1.0,42576.81481812754,60433.15127732054,33555.843755884285,26331.405265611385,0.7045274641189503,1.2688345770075102,1.274365853907082,39803.45896469838,67002.03792145537,2.5085365671994833,-0.7988268615588117,1.6833219942236517,0.7351770400132247,2.508536567199483,3.153043788942641,4.690076582421024,3.6900765824205632,0.8856009260007758,9.0,47595.35223062693
SCA8-0,moderate,SAA,search_sampled,5,certified_feasible,1.0,50998.1822541677,66151.1101380696,43260.30227451371,31807.529795697676,0.7709346396111125,1.1788679129089827,1.3600648196316443,50998.18225416766,86727.59404205022,2.7006016726206465,-0.8839080740117278,1.700601672620649,0.8937032283730904,2.869580734160446,4.150629703135667,1.148460136459223,0.14846013645879683,0.8418838805520786,9.0,26579.377867369694
SCA8-0,moderate,SAA,search_sampled,5,certified_feasible,1.0,41150.35699457026,55205.10884831598,33200.385751089605,26029.292315274808,0.7454084930370634,1.2394541829448396,1.2755008991007633,41150.35699457028,67112.86248367775,2.630918110686943,-0.9264451806738493,1.630918110686942,0.8130417069818016,3.293846145448234,5.21446109213833,5.268640505903629,4.268640505903159,0.8626198675539811,9.0,1117.9326149934714
SCA8-0,moderate,SAA,search_sampled,7,ambiguous,-1.0,66892.07788303278,91390.05786689582,56871.56375546698,36764.38457729156,0.7319404259537411,1.1761955090711311,1.5469200534529042,66892.07788303275,114633.2947539068,2.7137050960556808,-0.9393499436582249,1.713705096055682,0.8526826240396372,3.2042626149119333,5.742478706919631,0.10233882455215423,-0.897661175448188,0.8363622512557384,9.0,40036.934622064655
SCA8-0,moderate,SAA,search_sampled,7,certified_infeasible,-1.0,69382.0826076103,87791.54988967735,44714.89417286504,31382.773465365008,0.7903047923723732,1.5516548544067537,1.4248228959818918,43278.84975560184,90461.78333519577,1.9275961179655918,-0.6695287337108983,2.09020766138746,0.7631011257492787,1.9275961179655925,2.460073855554665,2.2474704668448586,1.2474704668444974,0.927987310738867,9.0,205.22127956817712
SCA8-0,moderate,SAA,search_sampled,4,ambiguous,-1.0,63625.24166799172,103403.80182381817,51726.35300180062,41381.61608218526,0.6153085335914236,1.2300353296853712,1.2499838792924465,53658.02024784483,104591.32062737226,2.4872100557352916,-0.8704625794055368,1.9492206410946213,0.838098075205041,2.4872100557352925,3.9293197881782995,0.6583016412356955,-0.3416983587646715,0.8605871138480052,9.0,51287.29302355959
SCA8-0,moderate,SAA,search_sampled,6,ambiguous,-1.0,64380.892746948506,102525.17161621813,54125.386613037124,43163.96427621027,0.6279520602798415,1.1894768199483152,1.25394846188556,64380.89274694848,107656.54493297865,2.672181610716811,-0.8613226603597401,1.6721816107168124,0.789719698466464,2.7926042850488937,3.797626480455874,0.9872258205421359,-0.012774179458231644,0.7848687409073811,9.0,47031.33865592989
SCA8-0,moderate,SAA,search_sampled,7,ambiguous,1.0,69018.81317220109,96353.82422895513,52307.67287939082,32874.38142210858,0.7163059040417449,1.3194778007299661,1.5911378592271557,56581.32521025592,105202.71060455385,2.3440570531278277,-0.7984415023957072,1.8593186040380127,0.9590960794190707,2.3440570531278264,3.1500281988017553,0.7440075079644559,-0.25599249203586427,0.8393277845412878,9.0,44299.89962986584
SCA8-0,moderate,SAA,search_sampled,7,certified_infeasible,-1.0,72470.55940957458,100011.2092366897,63206.29456642162,43903.89589163987,0.724624369235087,1.1465718708350703,1.439651158120965,72470.55940957455,127522.94513463679,2.759651728558188,-0.9476825042676269,1.759651728558189,0.8132521760774296,3.163058324838228,6.182890057431937,2.8224262775830833,1.8224262775827276,0.8646160266623182,9.0,52695.306555511816
SCA8-0,moderate,SAA,search_sampled,5,certified_feasible,1.0,50208.44219989216,76839.56251566605,42958.05848651127,32043.759590660116,0.6534191574770569,1.1687781982897922,1.3406060660570045,49937.71907979519,85916.19181496486,2.7057981674454705,-0.8570738856294586,1.7204668815105446,0.8498344118684164,2.7057981674454705,3.740754476500957,2.190689498913671,1.190689498913253,0.8530496301446102,9.0,1078.415485152771
SCA8-0,moderate,SAA,search_sampled,5,certified_feasible,1.0,50208.4421998922,76839.56251566605,42958.05848651127,31681.51421079703,0.6534191574770575,1.1687781982897931,1.355934511232143,49937.71907979519,85916.19181496486,2.7057981674454687,-0.8570738856294586,1.7204668815105446,0.8498344118684165,2.7057981674454705,3.740754476500957,2.5724614129467125,1.5724614129462995,0.8530496301446104,9.0,42659.066700662595
SCA8-0,moderate,SAA,search_sampled,7,certified_infeasible,-1.0,75614.08700583852,108816.34613876983,nan,39889.85841140141,0.6948780186885747,nan,nan,51914.87913230495,111851.9136021542,2.165823846048871,-0.8170205712941124,2.15452516641905,0.8426606560307197,2.16582384604887,3.3060838505873757,2.9659638683728833,1.9659638683725378,0.9154594058961679,nan,nan
SCA8-0,moderate,SAA,search_sampled,6,certified_infeasible,-1.0,73953.49222490138,124969.12905638428,nan,52890.890322123094,0.5917740867949446,nan,nan,73953.49222490135,131012.58948352265,2.771553790659375,-0.913731162838139,1.7715537906593757,0.8704338104656291,2.919925403089439,4.814908359625334,2.2167114998740858,1.2167114998737443,0.7789492254015553,nan,nan
SCA8-0,moderate,SAA,search_sampled,7,certified_infeasible,-1.0,82989.45630105896,121002.85108912119,nan,46670.2609973186,0.6858471147918279,nan,nan,82989.45630105899,149409.04290169766,2.8003376520469048,-0.9556867404873391,1.8003376520469037,0.8737482899731507,3.130680894436547,6.718126074857215,2.9344529910120434,1.9344529910117243,0.8519548638220285,nan,nan
SCA8-0,moderate,SAA,search_sampled,5,certified_feasible,1.0,66763.80109985088,103609.34341186682,nan,39546.335330331465,0.6443801196041953,nan,nan,64882.497690459866,114605.96112567958,2.688409824774646,-0.8665274739230048,1.7663617339831679,0.9940734959784742,2.688409824774646,3.8709633357377125,1.6801974495840666,0.6801974495837491,0.8170719977347717,nan,nan
SCA8-0,moderate,SAA,search_sampled,7,certified_feasible,1.0,64000.554474564466,70502.35964278277,nan,27137.31435993752,0.9077788998671636,nan,nan,44667.28382107701,73835.50721996566,1.851590068460092,-0.507996563912516,1.6530109042610988,0.9478254068036449,1.851590068460092,2.016187555932143,1.366319452150386,0.36631945215004985,0.8732816753430666,nan,nan
SCA8-0,moderate,SAA,search_sampled,4,certified_feasible,1.0,51990.52783827457,80125.09165270688,nan,34802.02713674296,0.6488669999108596,nan,nan,45260.19067260196,82679.94260655512,2.4608354367383374,-0.8259301354673731,1.8267696485115568,0.9825189002399849,2.4608354367383374,3.389637082346135,3.8756056435612605,2.8756056435608808,0.8118953514150349,nan,nan
SCA8-0,moderate,SAA,search_sampled,6,certified_feasible,1.0,56712.91956768779,83285.53937963725,nan,39090.68256024272,0.6809455757880787,nan,nan,56712.91956768779,93028.11526700693,2.6403337365831847,-0.8360135457603648,1.6403337365831847,0.9723099172822546,2.7117636449219424,3.49229570682846,3.0474266926501286,2.0474266926497724,0.6883706232610239,nan,nan
SCA8-0,moderate,SAA,search_sampled,8,ambiguous,1.0,69031.94257058058,96787.54856041876,nan,42289.81675171717,0.7132316459847933,nan,nan,56865.978910425845,105384.06065187861,2.350361782104198,-0.7988070845112621,1.8532005017952382,0.9494637047149811,2.3503617821041978,3.1528888147247565,0.5536487794577081,-0.44635122054261483,0.8407079950997977,nan,nan
SCA8-0,moderate,SAA,search_sampled,8,ambiguous,1.0,69031.94257058058,96787.54856041874,nan,37003.98151081528,0.7132316459847934,nan,nan,56865.978910425845,105384.06065187861,2.350361782104198,-0.7988070845112623,1.8532005017952382,0.9494637047149811,2.350361782104198,3.1528888147247573,0.5536487794577081,-0.44635122054261483,0.8407079950997977,nan,nan
SCA8-0,moderate,SAA,search_sampled,6,certified_feasible,1.0,67041.09328159298,104483.68081401422,nan,44441.12836266633,0.6416417641423757,nan,nan,65394.7822880868,115324.96070935506,2.6956562632170087,-0.8673045496690671,1.7635193003825356,0.9891239471448579,2.6956562632170105,3.882281134276888,1.2052137608343216,0.20521376083399864,0.8176711368704509,nan,nan
SCA8-0,moderate,SAA,search_sampled,7,certified_feasible,1.0,61531.21451882275,84307.90829740335,nan,34238.80181985324,0.7298391783338537,nan,nan,61531.21451882276,108940.22888166721,2.7704872191063576,-0.9660604709467874,1.770487219106357,0.96968913349376,3.2791319063812328,7.676479455646807,2.1611216663224795,1.1611216663221409,0.8126181443157459,nan,nan
SCA8-0,moderate,SAA,search_sampled,7,ambiguous,1.0,65131.92149985303,87526.11533182279,nan,42205.44858309254,0.744142719609222,nan,nan,65131.92149985301,104345.7982670627,2.602068476780593,-0.8820159711228313,1.6020684767805935,0.8682270922235257,3.023773921445355,4.117213486723605,0.19315093533585914,-0.8068490646644878,0.7739641235274988,nan,nan
SCA8-0,moderate,SAA,search_sampled,7,certified_infeasible,-1.0,77101.05452554522,83011.11513415347,nan,39802.046842755226,0.9288039848753138,nan,nan,77101.05452554517,121939.27459011847,2.5815513204130998,-0.9372948278314502,1.581551320413101,0.8749792403685305,3.524339636936983,5.647592015068569,1.4257725810696467,0.42577258106932886,0.8450258699161148,nan,nan
SCA8-0,moderate,SAA,search_sampled,7,certified_infeasible,-1.0,77101.05452554522,83011.11513415349,nan,39943.25195969307,0.9288039848753137,nan,nan,77101.05452554517,121939.27459011847,2.5815513204130998,-0.9372948278314502,1.581551320413101,0.8749792403685305,3.524339636936983,5.647592015068569,1.4257725810696467,0.42577258106932886,0.8450258699161148,nan,nan
SCA8-0,moderate,SAA,search_sampled,8,ambiguous,1.0,70030.12978014874,98919.9996096238,nan,38372.986267661734,0.7079471295644404,nan,nan,57038.94472157631,107627.4646675359,2.351365189612854,-0.8090049560729685,1.8869119194420036,0.9320182171503782,2.351365189612854,3.23596599219009,0.2556904693777847,-0.7443095306225379,0.8478336964208871,nan,nan
SCA8-0,moderate,SAA,search_sampled,6,ambiguous,1.0,52404.331674466666,69884.38251601953,nan,33517.18326134147,0.7498718567407257,nan,nan,52404.33167446664,90671.85520385427,2.7302358852146744,-0.8908816061887925,1.730235885214676,0.8817529315450134,2.8607360937308757,4.281204916471186,0.4794432084360529,-0.5205567915643714,0.8467200656683125,nan,nan
SCA8-0,moderate,SAA,search_sampled,6,ambiguous,1.0,52404.331674466644,69884.38251601951,nan,31907.021702592025,0.7498718567407255,nan,nan,52404.33167446664,90671.85520385427,2.7302358852146758,-0.8908816061887924,1.730235885214676,0.8817529315450134,2.860736093730875,4.281204916471183,0.5546567041784196,-0.44534329582200366,0.8467200656683124,nan,nan
SCA8-0,moderate,SAA,search_sampled,6,ambiguous,1.0,68898.10101974617,107317.18136116007,nan,46697.80516132929,0.6420043850003834,nan,nan,66344.99938978736,118430.5702502112,2.6818673795819414,-0.8705631822313175,1.7850715402740887,0.978137421783685,2.6818673795819423,3.9308464940273558,0.9111849633768765,-0.0888150366234419,0.82208463747103,nan,nan
SCA8-0,moderate,SAA,search_sampled,8,certified_infeasible,-1.0,70420.13773718357,104077.5335407075,nan,40856.28011957758,0.6766122845295942,nan,nan,61900.94043102807,112453.55395501446,2.475918110764771,-0.8273641924183167,1.8166695557770025,0.8504424333402336,2.475918110764772,3.4036865418949316,1.163975282611948,0.16397528261160707,0.8506107880905055,nan,nan
SCA8-0,moderate,SAA,search_sampled,7,certified_infeasible,-1.0,58514.91201149178,81273.81770862755,nan,38096.29478997641,0.7199724789756022,nan,nan,58514.91201149178,103687.18436483867,2.7719788136137926,-0.9391441006822508,1.7719788136137926,0.8270402016138054,3.0768972716991514,5.732758612617141,1.6044974129007388,0.6044974129003285,0.8543193156794914,nan,nan
SCA8-0,moderate,SAA,search_sampled,7,certified_infeasible,-1.0,58514.91201149177,81273.81770862755,nan,36935.75050313158,0.7199724789756021,nan,nan,58514.91201149179,103687.18436483867,2.7719788136137935,-0.939144100682251,1.7719788136137924,0.8270402016138054,3.076897271699153,5.732758612617145,1.6044974129007392,0.6044974129003289,0.8543193156794916,nan,nan
SCA8-0,moderate,SAA,search_sampled,7,ambiguous,-1.0,79777.1490385132,91482.95947088231,nan,40300.78212203724,0.8720438155906522,nan,nan,79777.14903851319,125978.25241576551,2.5791270299086304,-0.9105350566341812,1.5791270299086309,0.916890094417439,3.2809467291875327,4.728120671973264,0.9104591461149593,-0.08954085388534175,0.8065385352796911,nan,nan
SCA8-0,moderate,SAA,search_sampled,7,ambiguous,1.0,66767.5031105105,93340.65599146497,nan,37530.56296447405,0.7153099836433086,nan,nan,66767.5031105105,117422.00348029594,2.7586699818015425,-0.9827603045833214,1.7586699818015425,0.8790273362758052,3.458571587597749,10.770855599402209,0.27330644629866213,-0.7266935537016754,0.8254791497137869,nan,nan
SCA8-0,moderate,SAA,search_sampled,5,ambiguous,1.0,61988.36918756932,82841.83565941591,nan,34778.992278419,0.7482737278109027,nan,nan,52537.3060234663,100749.8355694826,2.4728371402886973,-0.856596063231051,1.9176817997573326,0.901465742395772,2.4728371402886973,3.7345171732542726,0.6198765140724889,-0.380123485927869,0.8444789025895968,nan,nan
SCA8-0,moderate,SAA,search_sampled,8,ambiguous,1.0,71197.4369084061,103003.01966243534,nan,44018.029200050485,0.6912169870527731,nan,nan,71197.4369084061,116525.74268411561,2.6366564267478245,-0.843155998722476,1.6366564267478245,0.9685017833991183,2.7508023236555172,3.5709275690262023,0.3975101488159288,-0.6024898511843867,0.6934519258636896,nan,nan
SCA8-0,moderate,SAA,search_sampled,8,ambiguous,1.0,69159.59357334029,96798.19279400677,nan,38870.26405983012,0.714471950117051,nan,nan,56569.6908835045,105921.64890953392,2.3495126474496195,-0.8041178841436718,1.8724098939776999,0.9475272848686791,2.3495126474496195,3.195343888861155,0.5088936665148887,-0.4911063334854342,0.8447077716921926,nan,nan
SCA8-0,moderate,SAA,search_sampled,8,ambiguous,-1.0,67985.41239889886,76451.6637867246,nan,30039.827899065738,0.889260076648641,nan,nan,49247.0160523356,82635.20283278855,1.9398605411307352,-0.5690854826569421,1.6779738034274154,0.9086066949586694,1.9398605411307361,2.1543657449998337,0.09809319896053421,-0.9019068010398028,0.8873160583994023,nan,nan
SCA8-0,moderate,SAA,search_sampled,8,ambiguous,-1.0,69690.34269430864,95336.00751777177,nan,37575.54463047755,0.7309970755941037,nan,nan,55507.54552122799,104838.36029370269,2.3008339407696092,-0.7917957291178764,1.8887226828217236,0.8597359593843256,2.3008339407696092,3.099346848018658,0.04369766288607982,-0.9563023371142486,0.8764972992977389,nan,nan
SCA8-0,moderate,SAA,search_sampled,8,ambiguous,-1.0,69690.34269430862,95336.00751777175,nan,38300.419137373945,0.7309970755941035,nan,nan,55507.54552122799,104838.36029370269,2.3008339407696097,-0.7917957291178764,1.8887226828217236,0.8597359593843257,2.3008339407696092,3.099346848018658,0.6412037935770667,-0.3587962064232702,0.8764972992977389,nan,nan
SCA8-0,moderate,SAA,search_sampled,7,ambiguous,1.0,62473.01779854398,85964.27058481475,nan,34733.16521723311,0.7267323665232099,nan,nan,62473.017798543944,112046.5536376611,2.7935191477219217,-0.9701234699544495,1.7935191477219237,0.9087696459845607,3.254353993814607,8.181819984372066,0.7493352438234525,-0.2506647561769008,0.8446405683975411,nan,nan
SCA8-0,moderate,SAA,search_sampled,5,certified_feasible,1.0,60319.986761859676,91564.81954986948,nan,37798.182226069956,0.6587681498024167,nan,nan,60319.98676185964,105390.12168194953,2.747184098332523,-0.8889469217471309,1.7471840983325242,0.9750999244257716,2.823989975614049,4.24374907786405,1.8582098317539366,0.8582098317535867,0.8263478977251039,nan,nan
SCA8-0,moderate,SAA,search_sampled,6,certified_feasible,1.0,63470.692591157516,78497.24503093169,nan,32363.364724032515,0.8085722316260527,nan,nan,55914.130632841014,99939.17740562344,2.455516107920608,-0.8129635376533312,1.7873688864425343,0.9778375516298626,2.455516107920609,3.2700309115629853,1.1415338043883305,0.1415338043879883,0.8338646369188445,nan,nan
SCA8-0,moderate,SAA,search_sampled,9,ambiguous,1.0,64526.552298021175,71924.02769006266,nan,28066.04177920519,0.8971487605794418,nan,nan,45128.87500316023,75459.0642478383,1.8688111321065664,-0.5237311224190707,1.6720794445364333,0.9118285257615261,1.8688111321065668,2.049221465232122,0.8571178735799998,-0.1428821264203409,0.8828352255381352,nan,nan
SCA8-0,moderate,SAA,search_sampled,5,certified_feasible,1.0,60482.45754379024,92578.09092702686,nan,37788.25273305662,0.6533128620189903,nan,nan,60482.457543790224,105084.44800615293,2.7374368085170837,-0.8890080022495866,1.7374368085170842,0.9494006405610735,2.839358894189321,4.244916615520981,1.3723124289463362,0.3723124289459802,0.8324415992508276,nan,nan
SCA8-0,moderate,SAA,search_sampled,8,ambiguous,1.0,71041.52799081689,104264.0745532123,nan,47001.11869464887,0.6813615168526728,nan,nan,71041.52799081687,116201.47316563914,2.635683753601975,-0.8469344769048514,1.6356837536019753,0.9559962046543286,2.770833467835298,3.6147336983254563,0.10641798185120475,-0.8935820181491155,0.7001654413610408,nan,nan
SCA8-0,moderate,SAA,search_sampled,7,ambiguous,-1.0,52177.09391793442,71063.9139429916,nan,35964.618737432545,0.7342276976158613,nan,nan,52177.09391793443,90588.89162898516,2.736181240209849,-0.8954550798823331,1.7361812402098489,0.8532916886410875,2.876240570655049,4.3738464280678535,0.055275981266080514,-0.9447240187343532,0.8561831348102706,nan,nan
SCA8-0,moderate,SAA,search_sampled,7,ambiguous,1.0,68069.39217508797,77123.65164373092,nan,39632.8463934058,0.8826007421112698,nan,nan,68069.39217508792,108070.2646061113,2.5876484445186922,-0.9199000869204084,1.587648444518694,0.9143775953037622,3.3415540980928458,4.996880637818998,0.2698577039190737,-0.7301422960812577,0.824334842555189,nan,nan
SCA8-0,moderate,SAA,search_sampled,7,ambiguous,1.0,68069.39217508797,77123.65164373092,nan,35008.809460868884,0.8826007421112698,nan,nan,68069.39217508792,108070.2646061113,2.5876484445186922,-0.9199000869204084,1.587648444518694,0.9143775953037622,3.3415540980928458,4.996880637818998,0.2698577039190737,-0.7301422960812577,0.824334842555189,nan,nan
SCA8-0,moderate,SAA,search_sampled,9,certified_infeasible,-1.0,77910.03029168719,102164.25885744358,nan,43194.35865292394,0.7625957567058761,nan,nan,60000.07685344498,114144.96187871552,2.2352069185466785,-0.7708834323347309,1.90241359452795,0.9001509496422038,2.23520691854668,2.9545187504776864,2.111016863180815,1.1110168631804902,0.8930216025394461,nan,nan
SCA8-0,moderate,SAA,search_sampled,7,certified_infeasible,-1.0,68582.73341935953,96519.80652792564,nan,46756.12253121983,0.7105560598022624,nan,nan,68582.73341935953,125564.69145885619,2.83084991219396,-0.9538616160397102,1.8308499121939605,0.8359012452188394,3.0539043738918648,6.5839088298811195,3.059840632592386,2.0598406325920093,0.8694522147422925,nan,nan
SCA8-0,moderate,SAA,search_sampled,7,certified_infeasible,-1.0,90755.00179221937,107780.94710603949,nan,52566.53122705814,0.8420319567514166,nan,nan,90755.00179221937,151060.71865782136,2.664489181584393,-0.9383449963749364,1.6644891815843934,0.9310902714227074,3.313072614920888,5.695486594824961,2.145294889985711,1.1452948899854258,0.8267236153763522,nan,nan
SCA8-0,moderate,SAA,search_sampled,6,certified_infeasible,-1.0,88109.76249918534,135258.89139633856,nan,55484.4285177657,0.6514156784044917,nan,nan,88109.76249918534,156381.74778518098,2.774851541412643,-0.8967054085321003,1.774851541412643,0.9613281109663446,2.8217142629491834,4.400238399473542,2.043521009271179,1.043521009270888,0.826284195044598,nan,nan
SCA8-0,moderate,SAA,search_sampled,7,certified_infeasible,-1.0,77853.55561734324,108740.52331097223,nan,47683.89812311124,0.7159571542128821,nan,nan,77853.55561734321,139595.130395184,2.7930475915744393,-0.9773522568196706,1.7930475915744406,0.8811428138595443,3.314407522714507,9.397287893782243,1.2551413958429216,0.2551413958426089,0.843317007603347,nan,nan
SCA8-0,moderate,SAA,search_sampled,6,certified_infeasible,-1.0,77665.51608108902,104495.01256272772,nan,46609.34302797605,0.7432461528675054,nan,nan,69485.56647712034,133320.78634546118,2.611279278835094,-0.8943747582841983,1.9186831611908925,0.895619928745972,2.611279278835093,4.351421366796731,2.5105257060021313,1.5105257060018003,0.8672941774118663,nan,nan
SCA8-0,moderate,SAA,search_sampled,9,certified_feasible,1.0,64950.63797697989,71640.66244407634,nan,29816.578651472653,0.9066169373807957,nan,nan,45662.74784869012,75566.09154806426,1.8664764992719682,-0.5182840095295521,1.6548739422879903,0.9454182874960462,1.8664764992719685,2.0376025074511275,1.2322325577672641,0.23223255776693114,0.8743223675451071,nan,nan
SCA8-0,moderate,SAA,search_sampled,9,certified_feasible,1.0,64950.63797697988,71640.66244407634,nan,26785.98869978944,0.9066169373807956,nan,nan,45662.74784869012,75566.09154806426,1.8664764992719682,-0.5182840095295523,1.6548739422879903,0.9454182874960462,1.866476499271969,2.037602507451128,1.2096816375228565,0.20968163752252306,0.8743223675451071,nan,nan
SCA8-0,moderate,SAA,search_sampled,6,certified_feasible,1.0,63307.45507149975,78283.34697535388,nan,31492.225480710924,0.8086963258153868,nan,nan,55625.69076859149,99476.96778908766,2.4499904218627244,-0.8116103033896037,1.788327774713341,0.9754467017673885,2.449990421862724,3.2582651589495613,1.1547751562894981,0.1547751562891552,0.8345310602948518,nan,nan
SCA8-0,moderate,SAA,search_sampled,6,certified_feasible,1.0,63307.45507149975,78283.34697535388,nan,32217.443332801686,0.8086963258153868,nan,nan,55625.69076859149,99476.96778908766,2.4499904218627244,-0.8116103033896037,1.788327774713341,0.9754467017673886,2.449990421862724,3.2582651589495613,1.1547751562894981,0.1547751562891552,0.8345310602948518,nan,nan
SCA8-0,moderate,SAA,search_sampled,7,ambiguous,-1.0,74463.41752508932,109310.07552054914,nan,46449.239375494064,0.6812127534491638,nan,nan,74463.41752508927,136356.9262146475,2.831193500737514,-0.9667651867300353,1.8311935007375157,0.9471869514473047,3.140731236644843,7.757439126589771,0.35573276189707836,-0.6442672381032343,0.8252589187623103,nan,nan
SCA8-0,moderate,SAA,search_sampled,2,certified_feasible,1.0,18983.663724105932,28989.09278386626,nan,16326.958353108093,0.6548553921863742,nan,nan,16317.89721068566,32918.177317804424,2.593602333250819,-0.9210561939682665,2.0173051032732445,1.0,2.5936023332508182,5.033336519255222,29.520640898280362,28.520640898279616,0.8263757427822903,nan,nan
SCA8-0,moderate,SAA,search_sampled,6,ambiguous,1.0,69006.79621995945,101589.53990911956,nan,44453.26634986443,0.6792706835929355,nan,nan,69006.79621995943,113906.80109934599,2.650660620966485,-0.8387248892204817,1.6506606209664858,0.9844400873651004,2.7112846360848715,3.5215294395445156,0.760665542030307,-0.239334457970013,0.6780859243357077,nan,nan
SCA8-0,moderate,SAA,search_sampled,10,ambiguous,1.0,72668.23450635404,101943.72415112324,nan,40750.72461984224,0.7128269553761771,nan,nan,59243.181417059386,110339.41528840798,2.3336551088307953,-0.7957851316715455,1.8624829499219833,0.951060674631159,2.333655108830795,3.1294737891684914,0.0013906452838830913,-0.9986093547164316,0.841650045595646,nan,nan
SCA8-0,moderate,SAA,search_sampled,7,certified_infeasible,-1.0,90755.00179221937,107780.9471060395,nan,51830.37948827878,0.8420319567514165,nan,nan,90755.00179221937,151060.71865782136,2.664489181584393,-0.9383449963749364,1.6644891815843934,0.9310902714227074,3.313072614920888,5.695486594824961,2.446327163042305,1.446327163042015,0.8267236153763522,nan,nan
SCA8-0,moderate,SAA,search_sampled,7,certified_infeasible,-1.0,77853.55561734324,108740.52331097226,nan,44022.30383077454,0.7159571542128819,nan,nan,77853.55561734321,139595.130395184,2.7930475915744393,-0.9773522568196708,1.7930475915744406,0.8811428138595443,3.3144075227145082,9.397287893782266,1.684375248246054,0.6843752482457351,0.843317007603347,nan,nan
SCA8-0,moderate,SAA,search_sampled,4,certified_infeasible,-1.0,66989.63230957152,107162.3273769258,nan,40396.339267715324,0.6251229695109789,nan,nan,43519.2965374149,106457.06477064236,2.238799589390022,-0.9431841814787678,2.446203712854547,0.8666664877965451,2.238799589390022,5.933082181347818,1.2887646655555458,0.2887646655551871,0.8809912277796641,nan,nan
SCA8-0,moderate,SAA,search_sampled,8,certified_infeasible,-1.0,88801.7211850067,134536.88085921344,nan,56623.11100467922,0.6600548534935453,nan,nan,82925.63399869818,142435.0712232637,2.5377965901410007,-0.8160959348524607,1.7176241453336338,0.9214964742947032,2.5377965901410016,3.2977621810461475,2.7973489111563516,1.7973489111560517,0.7436880643573598,nan,nan
SCA8-0,moderate,SAA,search_sampled,8,certified_infeasible,-1.0,70541.50540507508,108757.78754681585,nan,41413.370432396725,0.6486110741698363,nan,nan,49542.939140822135,110230.6509621793,2.2649586110407363,-0.8816086798206528,2.2249517867492044,0.8178214819903844,2.2649586110407363,4.110125340592847,2.2232521248068213,1.2232521248064658,0.8951840945558998,nan,nan
SCA8-0,moderate,SAA,search_sampled,8,certified_infeasible,-1.0,70541.50540507508,108757.78754681585,nan,38448.908104612434,0.6486110741698363,nan,nan,49542.939140822135,110230.6509621793,2.2649586110407363,-0.8816086798206528,2.2249517867492044,0.8178214819903844,2.2649586110407363,4.110125340592847,2.2232521248068213,1.2232521248064658,0.8951840945558998,nan,nan
SCA8-0,moderate,SAA,search_sampled,8,certified_infeasible,-1.0,70541.50540507508,108757.78754681585,nan,37526.37409498202,0.6486110741698363,nan,nan,49542.939140822135,110230.6509621793,2.2649586110407363,-0.8816086798206528,2.2249517867492044,0.8178214819903843,2.2649586110407363,4.110125340592847,2.2232521248068213,1.2232521248064658,0.8951840945558998,nan,nan
SCA8-0,moderate,SAA,search_sampled,5,certified_infeasible,-1.0,67584.22012075738,114502.74748198161,nan,46477.81483807782,0.5902410344467287,nan,nan,58204.11612542134,118558.96194302796,2.615448957650388,-0.9329828732200834,2.036951505071407,0.886069185797755,2.61544895765039,5.462885470523419,1.6070706262376864,0.607070626237326,0.8708470538547725,nan,nan
SCA8-0,moderate,SAA,search_sampled,5,ambiguous,1.0,64577.24704195399,97977.18168053153,nan,39649.24021457338,0.6591049664249095,nan,nan,64577.24704195399,112053.65671616283,2.735187885035805,-0.9094844812863924,1.735187885035805,0.8950676696020822,2.958690921485984,4.700601940767627,0.4324406732227097,-0.5675593267776367,0.8455683597035065,nan,nan
SCA8-0,moderate,SAA,search_sampled,8,ambiguous,1.0,67793.9369924114,97140.17966107633,nan,36012.41235331401,0.6978979988398781,nan,nan,54498.598467057236,103695.16877680487,2.333450073294456,-0.8075011115500381,1.90271257781951,0.8918353054189005,2.3334500732944563,3.2233011622462016,0.5093394455857402,-0.49066055441458906,0.851085139550315,nan,nan
SCA8-0,moderate,SAA,search_sampled,6,ambiguous,1.0,65606.61628000441,73033.72848054851,nan,35539.75876498537,0.8983057231903174,nan,nan,65606.6162800044,104818.27325811799,2.5976783928432003,-0.9329407802720087,1.5976783928432006,0.9008006830637993,3.4361979845253545,5.461170679840312,0.34671476892590436,-0.653285231074438,0.8376532385636868,nan,nan
SCA8-0,moderate,SAA,search_sampled,6,certified_feasible,1.0,45836.671202552985,52614.030364974555,nan,27745.976087708383,0.8711872267642645,nan,nan,45836.67120255298,74215.46289509862,2.6191285481255675,-0.9774258922752962,1.6191285481255677,0.889949436915543,3.8768057558601745,9.41260212475869,5.812813772131544,4.812813772131135,0.8380307694520073,nan,nan
SCA8-0,moderate,SAA,search_sampled,6,certified_feasible,1.0,45836.671202552985,52614.03036497456,nan,28256.821835564853,0.8711872267642644,nan,nan,45836.67120255299,74215.46289509862,2.6191285481255675,-0.977425892275296,1.6191285481255673,0.889949436915543,3.876805755860171,9.412602124758644,5.812813772131544,4.812813772131135,0.838030769452007,nan,nan
SCA8-0,moderate,SAA,search_sampled,4,certified_feasible,1.0,54772.091916616984,84883.2081613227,nan,35507.968962045336,0.6452641588725208,nan,nan,40442.36436212806,90045.53413837527,2.382379309140745,-0.9259254782981959,2.2265150803768963,0.9165454821670616,2.3823793091407444,5.196136722669871,1.9836050007055177,0.9836050007051328,0.8639442868553201,nan,nan
SCA8-0,moderate,SAA,search_sampled,8,ambiguous,-1.0,73136.1398301194,104153.60464965689,nan,44387.26109772718,0.7021949943655679,nan,nan,73136.1398301194,117643.58234827308,2.60855607940938,-0.8507708589733984,1.6085560794093803,0.9050990243218606,2.8286652759723245,3.6609026321966827,0.5881020453897498,-0.41189795461057155,0.7405490405684142,nan,nan
SCA8-0,moderate,SAA,search_sampled,8,ambiguous,-1.0,73136.13983011938,106102.45674312404,nan,48627.63192214159,0.6892973270843605,nan,nan,73136.13983011938,117643.58234827306,2.6085560794093805,-0.8507708589733987,1.6085560794093803,0.9050990243218605,2.8286652759723268,3.6609026321966853,0.7305462345395356,-0.26945376546078775,0.7405490405684142,nan,nan
SCA8-0,moderate,SAA,search_sampled,8,ambiguous,1.0,69251.88701817817,96687.25277664504,nan,36403.96092457524,0.7162462995836207,nan,nan,56924.05744220563,105697.02504144933,2.3482548921875295,-0.7991407190725858,1.856807644970887,0.9591808773465046,2.3482548921875286,3.155506259678917,0.5508660683154957,-0.4491339316848263,0.8392351128042435,nan,nan
SCA8-0,moderate,SAA,search_sampled,5,certified_feasible,1.0,29618.19891085737,39577.33299995473,nan,18704.66441431649,0.7483626779725467,nan,nan,29618.19891085735,46089.67790583714,2.5561269624987792,-0.8497750319083097,1.5561269624987806,0.7654671308365067,2.900170264888723,3.648748568510271,11.820847878408784,10.820847878408202,0.8661837334523896,nan,nan
SCA8-0,moderate,SAA,search_sampled,6,ambiguous,1.0,60877.14255418944,66087.41255527576,nan,33485.0703810874,0.9211609321710329,nan,nan,60877.14255418946,95866.40974303012,2.574752127330799,-0.924110192381383,1.5747521273307983,0.8692633005804635,3.4122728404678906,5.133614723761411,0.4868999528786884,-0.5131000471216778,0.8544579351542615,nan,nan
SCA8-0,moderate,SAA,search_sampled,6,ambiguous,1.0,69296.36933864196,107089.45117727718,nan,43909.16773017044,0.6470886588439781,nan,nan,69296.36933864193,119689.9721619997,2.7272185152600277,-0.8648001073777715,1.7272185152600288,0.9420665317084674,2.732845382214149,3.846155373489921,0.1408402169918789,-0.8591597830084486,0.8368807260496831,nan,nan
SCA8-0,moderate,SAA,search_sampled,5,certified_feasible,1.0,49007.39071338233,57246.33620504382,nan,29153.9888039402,0.8560790779317056,nan,nan,45976.00511546294,78293.88058608293,2.5357376488034853,-0.8698152181880539,1.7029291777190672,0.8761992116862808,2.7915727213191337,3.919538079049495,2.507775746638562,1.5077757466381376,0.8821946728085858,nan,nan
SCA8-0,moderate,SAA,search_sampled,8,certified_infeasible,-1.0,70520.73406114007,82142.9852575344,nan,30540.140365550847,0.8585119452384609,nan,nan,50576.89479631504,89650.09345142423,1.9884504906906564,-0.6199504504777186,1.7725503673656928,0.8867536591316151,1.9884504906906562,2.2940077817522244,1.2348339451629233,0.23483394516258174,0.8922542682657069,nan,nan
SCA8-0,moderate,SAA,search_sampled,4,certified_feasible,1.0,62463.825214297976,94090.09224993069,nan,39206.56032722783,0.663872504751891,nan,nan,48237.52449340586,105800.25996111627,2.4660318820702463,-0.942367391792623,2.193318605634071,0.9150603934623281,2.4660318820702454,5.890889286270351,1.1581921072968417,0.15819210729649427,0.867482615800386,nan,nan
SCA8-0,moderate,SAA,search_sampled,8,certified_infeasible,-1.0,78981.04829532756,111257.6383317497,nan,48859.89593032681,0.7098932664723719,nan,nan,78981.04829532758,131314.11006425612,2.6626027749498045,-0.874829750314586,1.662602774949804,0.8911395290153928,2.879104917149401,3.997278784434657,1.2964324712811905,0.29643247128088124,0.7700502430516537,nan,nan
SCA8-0,moderate,SAA,search_sampled,8,certified_infeasible,-1.0,78981.04829532756,111257.6383317497,nan,51792.94403317436,0.7098932664723719,nan,nan,78981.04829532756,131314.11006425615,2.6626027749498045,-0.874829750314586,1.6626027749498047,0.891139529015393,2.8791049171494,3.997278784434657,1.2964324712811905,0.29643247128088124,0.7700502430516537,nan,nan
SCA8-0,moderate,SAA,search_sampled,6,certified_infeasible,-1.0,71811.409769915,110349.75511221397,nan,49040.26992590325,0.6507618408114312,nan,nan,69489.88749841195,126148.96076786633,2.7243421190742327,-0.8889681228556598,1.8153571017185661,0.8734442433227763,2.7243421190742327,4.244154222280829,2.0801503234737884,1.0801503234734402,0.8665983776245756,nan,nan
SCA8-0,moderate,SAA,search_sampled,6,certified_feasible,1.0,45934.5336810486,53351.47470752028,nan,30016.4277337414,0.860979643634364,nan,nan,45934.533681048604,78509.39166263383,2.7091583471331675,-0.9908273869683685,1.7091583471331673,0.829094619500043,3.7064476789243814,14.766190321789027,2.7128587984994663,1.712858798499015,0.8789251112563116,nan,nan
SCA8-0,moderate,SAA,search_sampled,8,ambiguous,1.0,72735.85190079687,82132.62125310565,nan,29845.992218339674,0.8855902903262878,nan,nan,43327.59991404187,83198.89504194637,1.7395341038770737,-0.48668784478427524,1.9202285657872953,0.8680870651455161,1.7395341038770744,1.973895802894207,0.3919916340344616,-0.6080083659658474,0.8860978032801143,nan,nan
SCA8-0,moderate,SAA,search_sampled,8,certified_infeasible,-1.0,74311.76582161487,117270.66061411286,nan,50563.888272568925,0.6336773872720205,nan,nan,73054.31919401222,127852.30439944696,2.703564117635622,-0.8651297979468727,1.7500991838676414,0.8997492001802961,2.703564117635622,3.8508534726544035,1.4077480604205086,0.4077480604201804,0.7308268898520515,nan,nan
SCA8-0,moderate,SAA,search_sampled,9,certified_infeasible,-1.0,73806.11243376213,106420.88308493815,nan,38176.1620895282,0.6935303513207548,nan,nan,56183.41738994671,112352.5449543422,2.283495997645762,-0.8184217155742487,1.9997456575940895,0.8379806746751596,2.283495997645761,3.318814994475839,1.4117670058745677,0.4117670058742375,0.870711190124343,nan,nan
SCA8-0,moderate,SAA,search_sampled,9,certified_infeasible,-1.0,73806.11243376213,106420.88308493815,nan,38457.813101496096,0.6935303513207548,nan,nan,56183.41738994671,112352.5449543422,2.283495997645762,-0.8184217155742487,1.9997456575940895,0.8379806746751596,2.283495997645761,3.318814994475839,1.38943777812972,0.3894377781293901,0.870711190124343,nan,nan
SCA8-0,moderate,SAA,search_sampled,6,ambiguous,1.0,63681.45686479027,81035.41999065949,nan,36812.73974327462,0.7858471872192492,nan,nan,63681.45686479026,108361.6277878365,2.7016197983333208,-0.9017850450812754,1.7016197983333212,0.8852807289096714,2.9716503871383018,4.512593224799651,0.314600026130932,-0.6853999738694208,0.8378757899784531,nan,nan
SCA8-0,moderate,SAA,search_sampled,6,ambiguous,-1.0,72325.439271653,116117.67271134234,nan,47986.47905023091,0.6228633211711646,nan,nan,65458.98435282273,124350.34122427438,2.6243784688839127,-0.8917192643232057,1.8996680509741537,0.8935173715844512,2.624378468883913,4.297732681676602,0.5383854670329316,-0.46161453296739247,0.8453152755299347,nan,nan
SCA8-0,moderate,SAA,search_sampled,8,ambiguous,-1.0,78717.07350402174,115591.5360944505,nan,51964.173916894484,0.6809934028361867,nan,nan,78717.07350402174,130432.94110121063,2.656984124219845,-0.852197233760029,1.656984124219845,0.9693917446111328,2.767929354080799,3.6785250402234984,0.822503573725929,-0.17749642627437445,0.697064736123526,nan,nan
SCA8-0,moderate,SAA,search_sampled,3,certified_feasible,1.0,35346.645889914704,48036.83308288597,nan,25361.927819758912,0.7358238172971402,nan,nan,35346.645889914704,61959.09785140238,2.7528989325994546,-0.9318733336000014,1.7528989325994546,0.9724071311431962,3.0669373156411965,5.418217424949531,11.094546339732487,10.09454633973201,0.8006036076313093,nan,nan
SCA8-0,moderate,SAA,search_sampled,9,ambiguous,-1.0,71170.57542561648,103165.33471915958,nan,38044.551998687915,0.6898690884817037,nan,nan,60451.403807791175,111651.49397511153,2.4181748813141892,-0.8189639708395459,1.846962798913886,0.8824185625736612,2.418174881314189,3.3237816834655254,0.8262139402664616,-0.1737860597338714,0.8505704980516446,nan,nan
SCA8-0,moderate,SAA,search_sampled,9,ambiguous,-1.0,71170.57542561648,103165.33471915958,nan,37915.40187748749,0.6898690884817037,nan,nan,60451.403807791175,111651.49397511153,2.4181748813141892,-0.8189639708395459,1.846962798913886,0.8824185625736611,2.418174881314189,3.3237816834655254,0.8262139402664616,-0.1737860597338714,0.8505704980516446,nan,nan
SCA8-0,moderate,SAA,search_sampled,9,ambiguous,-1.0,71170.57542561648,103165.3347191596,nan,37828.77574975462,0.6898690884817036,nan,nan,60451.403807791175,111651.49397511153,2.4181748813141892,-0.818963970839546,1.846962798913886,0.8824185625736612,2.4181748813141892,3.3237816834655267,0.7824777454735625,-0.21752225452676976,0.8505704980516446,nan,nan
SCA8-0,moderate,SAA,search_sampled,8,ambiguous,-1.0,64594.2983872109,78928.4001470879,nan,30470.312055724935,0.8183910768093041,nan,nan,42958.55056928496,82127.89699948939,1.9364936332142335,-0.6261175828604104,1.9117939481461512,0.8448937960527918,1.9364936332142335,2.312850050451948,0.27473593442969985,-0.7252640655706565,0.899699425476156,nan,nan
SCA8-0,moderate,SAA,search_sampled,5,ambiguous,-1.0,69309.67816743495,104904.61668205466,nan,43095.22943609383,0.6606923542507095,nan,nan,69309.67816743495,118495.92807866365,2.709659187745858,-0.8614662574893682,1.7096591877458578,0.8936616782141823,2.7409375184919904,3.7995941852558874,0.48800375757889414,-0.5119962424214423,0.8348785320289567,nan,nan
SCA8-0,moderate,SAA,search_sampled,8,certified_infeasible,-1.0,74738.68811929796,112599.59339968156,nan,48530.074127079206,0.6637562877692357,nan,nan,74738.68811929795,125803.03243035698,2.6832384350866585,-0.8906568953305165,1.6832384350866594,0.8769141397093979,2.936553573798867,4.276803504919156,1.369923034143802,0.3699230341434761,0.7468187289441451,nan,nan
SCA8-0,moderate,SAA,search_sampled,9,certified_infeasible,-1.0,71242.7001579652,100555.03750596587,nan,40812.15557639451,0.7084945908725698,nan,nan,59295.117866803805,107428.36405637457,2.340218458221057,-0.7834597584393955,1.811757323725939,0.793188162992321,2.3402184582210563,3.0391048902258975,1.2915014375414315,0.29150143754109237,0.8711145949195493,nan,nan
SCA8-0,moderate,SAA,search_sampled,6,certified_feasible,1.0,45744.840962097274,53717.99347626177,nan,28521.152016604818,0.8515738954827516,nan,nan,45744.84096209725,71670.57949102177,2.566746719054193,-0.9328708551444507,1.566746719054194,0.7893348007764202,3.5205516318892345,5.45832562234966,4.239798873550884,3.2397988735504515,0.8481767601254208,nan,nan
SCA8-0,moderate,SAA,search_sampled,6,ambiguous,-1.0,71113.75045795192,91942.51425926077,nan,37768.44081757784,0.7734588403513132,nan,nan,61305.6274781468,113694.39361903013,2.4608464603572107,-0.8341070681376008,1.8545506880189424,0.8972174848449938,2.460846460357212,3.4721706086624895,0.84524999286699,-0.15475000713334353,0.8550434741347298,nan,nan
SCA8-0,moderate,SAA,search_sampled,8,certified_feasible,1.0,64955.790856520754,71564.67039627227,nan,27195.39188723795,0.9076516456631963,nan,nan,45759.54237481771,75459.0642478383,1.866170899072152,-0.5167651335410582,1.6490345036615741,0.9500898083407865,1.8661708990721526,2.034397749818948,1.2749975329537515,0.274997532953419,0.8726308816200887,nan,nan
SCA8-0,moderate,SAA,search_sampled,5,certified_feasible,1.0,60498.42995911669,92141.31532969995,nan,40815.48983210924,0.6565830945937908,nan,nan,60498.42995911669,106900.64811600206,2.766998716962454,-0.8948926727870387,1.7669987169624537,0.9310763561115786,2.824444544521202,4.362128968681964,1.1031933338133757,0.1031933338130161,0.8517444130743457,nan,nan
SCA8-0,moderate,SAA,search_sampled,3,certified_feasible,1.0,30209.513490739177,38758.318069029636,nan,21479.034152490487,0.7794330351728679,nan,nan,30209.513490739177,53402.74036021474,2.7677457922844577,-0.95228158973239,1.7677457922844577,0.9737017741244784,3.1787108487995623,6.473989854001135,15.09308822878862,14.093088228788096,0.8455846998004609,nan,nan
SCA8-0,moderate,SAA,search_sampled,7,ambiguous,-1.0,72673.62731570138,79365.93105750463,nan,37104.73319210913,0.9156778777413405,nan,nan,72673.62731570138,113955.71756512336,2.5680477468131393,-0.9131795260004284,1.5680477468131393,0.9316273954817906,3.329360615413386,4.799587588017073,0.29503045302127473,-0.7049695469790442,0.826265197357318,nan,nan
SCA8-0,moderate,SAA,search_sampled,7,ambiguous,-1.0,72673.62731570138,79365.93105750463,nan,37044.0816727743,0.9156778777413405,nan,nan,72673.62731570138,113955.71756512337,2.5680477468131393,-0.9131795260004283,1.5680477468131395,0.9316273954817907,3.3293606154133837,4.7995875880170695,0.29503045302127473,-0.7049695469790442,0.826265197357318,nan,nan
SCA8-0,moderate,SAA,search_sampled,6,certified_feasible,1.0,39796.22221171779,44627.59091685385,nan,23748.96487767328,0.8917403201499844,nan,nan,39796.222211717795,66111.96709234272,2.661262386681427,-0.9886338731676826,1.661262386681427,0.9054350333189309,3.8612345134750683,13.26504564910299,7.400546002442199,6.400546002441741,0.8579686811036216,nan,nan
SCA8-0,moderate,SAA,search_sampled,9,certified_infeasible,-1.0,69991.29191541305,87038.38216529237,nan,34011.68612724068,0.8041428410571141,nan,nan,49409.603662807574,89887.23335868106,1.9902023981759587,-0.6329511754258976,1.8192259539685902,0.719617812598536,1.9902023981759591,2.3342806986071927,2.978490018479139,1.9784900184787697,0.9131796384174566,nan,nan
SCA8-0,moderate,SAA,search_sampled,4,certified_infeasible,-1.0,76060.26195589655,120380.7642316036,nan,45547.911917009464,0.6318306952227208,nan,nan,57150.0349504769,126700.823391368,2.4171736148956544,-0.9345493045011215,2.2169859301251527,0.9600739691135707,2.4171736148956553,5.527870557581834,1.1793367279688354,0.17933672796851707,0.8278268328381607,nan,nan
SCA8-0,moderate,SAA,search_sampled,9,ambiguous,1.0,64511.54752452062,71924.02769006269,nan,29735.024054209283,0.896940140817973,nan,nan,45128.87500316023,75401.26817498889,1.8683498970837125,-0.5231358903174874,1.6707987551142982,0.9111301324216885,1.8683498970837127,2.0479421245921112,0.7885087412703965,-0.21149125872994518,0.8828352255381352,nan,nan
SCA8-0,moderate,SAA,search_sampled,8,ambiguous,1.0,71041.52799081689,104264.0745532123,nan,43986.895280419325,0.6813615168526728,nan,nan,71041.52799081687,116201.47316563914,2.635683753601975,-0.8469344769048515,1.6356837536019753,0.9559962046543286,2.770833467835299,3.6147336983254577,0.10641798185120475,-0.8935820181491155,0.7001654413610408,nan,nan
SCA8-0,moderate,SAA,search_sampled,8,ambiguous,1.0,71041.52799081689,104264.0745532123,nan,44718.6205242462,0.6813615168526728,nan,nan,71041.52799081687,116201.47316563912,2.635683753601975,-0.8469344769048516,1.635683753601975,0.9559962046543284,2.7708334678352995,3.6147336983254585,0.10641798185120475,-0.8935820181491155,0.7001654413610408,nan,nan
SCA8-0,moderate,SAA,search_sampled,7,ambiguous,1.0,52177.09391793442,71063.91394299158,nan,31818.04310727464,0.7342276976158614,nan,nan,52177.09391793443,90588.89162898515,2.736181240209849,-0.8954550798823332,1.7361812402098487,0.8532916886410875,2.87624057065505,4.373846428067856,0.029798556732241435,-0.9702014432681911,0.8561831348102706,nan,nan
SCA8-0,moderate,SAA,search_sampled,7,ambiguous,1.0,68069.39217508797,77123.65164373092,nan,37906.229864513036,0.8826007421112698,nan,nan,68069.39217508794,108070.26460611132,2.587648444518693,-0.9199000869204081,1.5876484445186938,0.9143775953037622,3.341554098092843,4.996880637818991,0.3350697179729893,-0.6649302820273412,0.824334842555189,nan,nan
SCA8-0,moderate,SAA,search_sampled,6,ambiguous,1.0,67952.43690119566,105874.62884624401,nan,44675.94119498506,0.6418198357972928,nan,nan,65999.87575586229,115996.49056086784,2.6782905016542213,-0.8616810180619487,1.7575258927751043,0.9778674198086024,2.6782905016542196,3.8025427557117797,0.8878463806167741,-0.11215361938354901,0.821302190501332,nan,nan
SCA8-0,moderate,SAA,search_sampled,6,ambiguous,1.0,63257.533720676445,79625.63864542404,nan,31544.845961004776,0.7944367517397835,nan,nan,55195.817425299254,99776.66298399966,2.4498659889840817,-0.8171444781213094,1.80768521308766,0.9519950969333747,2.4498659889840826,3.3072037975908235,0.7177674924031776,-0.28223250759717183,0.8439030990023854,nan,nan
SCA8-0,moderate,SAA,search_sampled,10,certified_infeasible,-1.0,80711.02909021598,119173.69188984457,nan,43751.919089688774,0.6772554228228436,nan,nan,66768.69187044562,128605.46490920728,2.420662442071832,-0.8433364075986454,1.926134260032328,0.8781770265917249,2.4206624420718326,3.5729830614943108,2.3754009640446623,1.3754009640443439,0.8645503123560917,nan,nan
SCA8-0,moderate,SAA,search_sampled,7,ambiguous,-1.0,74463.41752508932,109310.07552054914,nan,46449.239375494064,0.6812127534491638,nan,nan,74463.41752508927,136356.9262146475,2.831193500737514,-0.9667651867300353,1.8311935007375157,0.9471869514473047,3.140731236644843,7.757439126589771,0.35573276189707836,-0.6442672381032343,0.8252589187623103,nan,nan
SCA8-0,moderate,SAA,search_sampled,2,certified_feasible,1.0,18983.663724105932,28989.09278386626,nan,16326.958353108093,0.6548553921863742,nan,nan,16317.89721068566,32918.177317804424,2.593602333250819,-0.9210561939682665,2.0173051032732445,1.0,2.5936023332508182,5.033336519255222,29.520640898280362,28.520640898279616,0.8263757427822903,nan,nan
SCA8-0,moderate,SAA,search_sampled,2,certified_feasible,1.0,18983.663724105932,28989.09278386626,nan,16326.958353108093,0.6548553921863742,nan,nan,16317.89721068566,32918.177317804424,2.593602333250819,-0.9210561939682665,2.0173051032732445,1.0,2.5936023332508182,5.033336519255222,29.520640898280362,28.520640898279616,0.8263757427822903,nan,nan
SCA8-0,moderate,SAA,search_sampled,7,certified_infeasible,-1.0,77853.55561734324,108740.52331097226,nan,44022.30383077454,0.7159571542128819,nan,nan,77853.55561734321,139595.130395184,2.7930475915744393,-0.9773522568196708,1.7930475915744406,0.8811428138595443,3.3144075227145082,9.397287893782266,1.684375248246054,0.6843752482457351,0.843317007603347,nan,nan
SCA8-0,moderate,SAA,search_sampled,6,certified_infeasible,-1.0,77665.51608108902,104495.01256272772,nan,46609.34302797605,0.7432461528675054,nan,nan,69485.56647712034,133320.78634546118,2.611279278835094,-0.8943747582841983,1.9186831611908925,0.895619928745972,2.611279278835093,4.351421366796731,2.5105257060021313,1.5105257060018003,0.8672941774118663,nan,nan
SCA8-0,moderate,SAA,search_sampled,6,certified_infeasible,-1.0,76614.96731394023,95968.37443428498,nan,41761.950935505214,0.7983355742511078,nan,nan,72363.39421449884,127460.7803594449,2.608161062774289,-0.8463634799005088,1.761398587545893,0.9758652639759391,2.608161062774289,3.6080102857444336,2.1445633513259823,1.1445633513256523,0.8410058184488551,nan,nan
SCA8-0,moderate,SAA,search_sampled,4,certified_feasible,1.0,51618.702607815314,79914.48588181626,nan,35571.16458111089,0.6459242281074429,nan,nan,46173.95346525776,85870.65856586483,2.5580769248379056,-0.8627155845110994,1.8597207326090388,0.9959092069903659,2.5580769248379065,3.816843721257462,4.975166687171345,3.975166687170979,0.8104544220721324,nan,nan
SCA8-0,moderate,SAA,search_sampled,5,certified_feasible,1.0,60558.282774874744,81496.40049973624,nan,34472.866458470126,0.7430792329910416,nan,nan,60558.282774874715,106698.23112871268,2.7619097873921397,-0.9640418605646653,1.7619097873921412,0.9829204233517717,3.284227934226097,7.457897183245845,2.6043696051534266,1.6043696051530885,0.8093473627714306,nan,nan
SCA8-0,moderate,SAA,search_sampled,5,certified_feasible,1.0,60558.282774874744,81496.40049973624,nan,34472.866458470126,0.7430792329910416,nan,nan,60558.282774874715,106698.23112871268,2.7619097873921397,-0.9640418605646653,1.7619097873921412,0.9829204233517717,3.284227934226097,7.457897183245845,2.6043696051534266,1.6043696051530885,0.8093473627714306,nan,nan
SCA8-0,moderate,SAA,search_sampled,3,certified_feasible,1.0,24002.11811964933,18008.901441490994,nan,10721.95713807793,1.3327919083587447,nan,nan,24002.11811964932,33807.138452433945,2.4085064611342664,-0.9816431566064857,1.4085064611342677,0.9153811852377277,5.151499597012646,10.437968848600141,22.005524331361396,21.00552433136079,0.8347423641750591,nan,nan
SCA8-0,moderate,SAA,search_sampled,4,certified_feasible,1.0,28711.938608813478,35024.420409844715,nan,16532.30001981491,0.8197691288773785,nan,nan,28711.938608813474,45749.32265403359,2.5933902366310537,-0.912982858759122,1.5933902366310537,0.9697001222916645,3.2688787345377763,4.794160751538556,16.98939808780281,15.989398087802279,0.7746609469973951,nan,nan
SCA8-0,moderate,SAA,search_sampled,4,certified_feasible,1.0,28711.938608813478,35024.420409844715,nan,17244.772663882624,0.8197691288773785,nan,nan,28711.938608813478,45749.322654033596,2.593390236631054,-0.912982858759122,1.5933902366310537,0.9697001222916646,3.2688787345377754,4.794160751538556,16.046728228393658,15.046728228393109,0.7746609469973951,nan,nan
SCA8-0,moderate,SAA,search_sampled,10,certified_infeasible,-1.0,75867.68051244921,119713.08933027626,nan,43559.678363941726,0.633745908128208,nan,nan,69669.69435106672,123840.62876834418,2.5506292246229614,-0.8364954312398616,1.777539429759936,0.7744994914317076,2.550629224622963,3.497438218944856,3.5666994930886946,2.566699493088342,0.8526277210626566,nan,nan
SCA8-0,moderate,SAA,search_sampled,10,certified_infeasible,-1.0,75867.68051244917,119713.08933027621,nan,40462.53308558179,0.6337459081282079,nan,nan,69669.69435106672,123840.62876834418,2.550629224622963,-0.8364954312398617,1.777539429759936,0.7744994914317076,2.550629224622963,3.497438218944857,3.566699493088697,2.566699493088344,0.8526277210626566,nan,nan
SCA8-0,moderate,SAA,search_sampled,5,certified_infeasible,-1.0,69245.08763288845,118802.5791719547,nan,48519.994180334426,0.5828584540463823,nan,nan,69245.08763288842,124072.56411634681,2.7917886792797937,-0.9096064027767197,1.791788679279795,0.8626856424683892,2.8630164976392916,4.703770922273372,1.5583136235635757,0.5583136235632238,0.8227650187797246,nan,nan
SCA8-0,moderate,SAA,search_sampled,6,certified_feasible,1.0,36616.18476163061,38957.38615636682,nan,17914.430297650644,0.9399035298379846,nan,nan,31963.49228939743,45249.40341325498,2.1087094738379815,-0.5975225599984965,1.4156589337475056,0.8726471379239074,2.1087094738379806,2.2291753234649554,8.66243149962501,7.662431499624521,0.8956904061595594,nan,nan
SCA8-0,moderate,SAA,search_sampled,5,certified_feasible,1.0,35622.711888333375,47526.11093791399,nan,24406.00959987016,0.749539804232442,nan,nan,35622.711888333375,59260.79520515907,2.6635677651640917,-0.840552628889893,1.6635677651640917,0.8887104317021663,2.7032936954523867,3.541655512513008,9.108883321242814,8.108883321242315,0.825317766937277,nan,nan
SCA8-0,moderate,SAA,search_sampled,7,ambiguous,1.0,62473.01779854398,87718.00680067207,nan,41715.820977256975,0.7122028882907235,nan,nan,62473.017798543944,112046.5536376611,2.7935191477219217,-0.9701234699544493,1.7935191477219237,0.9087696459845606,3.254353993814606,8.181819984372035,0.7493352438234525,-0.2506647561769008,0.8446405683975412,nan,nan
SCA8-0,moderate,SAA,search_sampled,6,certified_feasible,1.0,42185.786544510505,46594.99288378504,nan,23285.784580486492,0.9053716705082075,nan,nan,41467.660528358814,57920.53350626588,2.355963991088789,-0.685876150233546,1.3967639545678086,0.8672629836311531,2.3559639910887875,2.5232747520909484,4.765738368205726,3.7657383682052616,0.8929941591957259,nan,nan
SCA8-0,moderate,SAA,search_sampled,6,certified_feasible,1.0,42185.786544510505,46594.99288378504,nan,20727.357107799224,0.9053716705082075,nan,nan,41467.660528358814,57920.53350626586,2.3559639910887884,-0.6858761502335463,1.396763954567808,0.8672629836311528,2.355963991088789,2.5232747520909493,4.765738368205726,3.7657383682052616,0.8929941591957258,nan,nan
SCA8-0,moderate,SAA,search_sampled,8,certified_infeasible,-1.0,78919.46374892944,108617.03511039098,nan,50990.111446743984,0.7265845884001626,nan,nan,78919.46374892945,130589.30667668142,2.6547160924981945,-0.880774189229184,1.6547160924981938,0.8981201752653963,2.9258992104240567,4.095716197099894,2.166972587476245,1.1669725874759234,0.7794826354144166,nan,nan
SCA8-0,moderate,SAA,search_sampled,5,certified_feasible,1.0,41803.205046635056,52602.30974830502,nan,27754.189301829614,0.7947028418838977,nan,nan,41803.20504663505,69390.55514738815,2.6599338512436317,-0.8730031474678183,1.659933851243632,0.8502267177947499,2.8730861231079876,3.9684281261635355,4.983932576402319,3.9839325764018527,0.8584301975789209,nan,nan
SCA8-0,moderate,SAA,search_sampled,5,certified_feasible,1.0,41803.205046635056,52602.30974830503,nan,27225.365724993535,0.7947028418838976,nan,nan,41803.20504663505,69390.55514738815,2.6599338512436317,-0.8730031474678183,1.659933851243632,0.85022671779475,2.8730861231079876,3.9684281261635355,4.983932576402319,3.9839325764018527,0.8584301975789209,nan,nan
SCA8-0,moderate,SAA,search_sampled,5,certified_feasible,1.0,41803.205046635056,52602.30974830503,nan,27653.05632208749,0.7947028418838976,nan,nan,41803.20504663505,69390.55514738815,2.6599338512436317,-0.8730031474678183,1.659933851243632,0.8502267177947501,2.8730861231079876,3.9684281261635355,4.983932576402319,3.9839325764018527,0.8584301975789209,nan,nan
SCA8-0,moderate,SAA,search_sampled,4,certified_feasible,1.0,37984.47849739818,45908.18549305885,nan,22854.614885378298,0.8274009980887024,nan,nan,37984.478497398195,61614.51018404093,2.622097041249661,-0.8159939691907273,1.6220970412496598,0.9730841799812949,2.643388036901608,3.2968483384446587,9.511377790912823,8.511377790912368,0.8317952097123739,nan,nan
SCA8-0,moderate,SAA,search_sampled,3,certified_feasible,1.0,37605.00233428176,42230.21839193082,nan,24402.21167898298,0.890476151112379,nan,nan,37605.00233428175,63390.335853286764,2.6856889221756113,-0.9446759713363986,1.6856889221756117,0.8900773004818281,3.31418183167677,6.0125416662033295,9.727518261218231,8.727518261217773,0.8632026000698905,nan,nan
SCA8-0,moderate,SAA,search_sampled,8,certified_infeasible,-1.0,87087.13760754354,123062.60025379247,nan,53741.71311650768,0.7076653461566992,nan,nan,87087.13760754354,144103.37868538892,2.6547033539532316,-0.8622159795911802,1.6547033539532316,0.8737181435895617,2.8225241081490293,3.8099174984095203,2.8916497559022023,1.891649755901896,0.7700467338075293,nan,nan
SCA8-0,moderate,SAA,search_sampled,10,certified_infeasible,-1.0,79077.98091911791,116551.46320400816,nan,45398.980253994225,0.6784812369167961,nan,nan,62685.625416820694,130722.13962046403,2.445785322150612,-0.9008859718807231,2.085360698744609,0.8157820523394804,2.445785322150613,4.492079507491586,3.5624684337974037,2.5624684337970627,0.8999987491884299,nan,nan
SCA8-0,moderate,SAA,search_sampled,5,certified_feasible,1.0,46444.26614335825,67746.90689801847,nan,35232.56874583555,0.6855555223100037,nan,nan,44282.79133452725,85413.64444563184,2.792517711009334,-0.9384876842757199,1.928822503540668,0.8444886431740185,2.7925177110093324,5.702088575891792,3.524944060248899,2.5249440602484645,0.8665100854878843,nan,nan
SCA8-0,moderate,SAA,search_sampled,5,certified_infeasible,-1.0,69813.00326024221,109750.53811123245,nan,49441.24111603471,0.6361062502444094,nan,nan,65092.35921290708,125129.71730189497,2.724737049424882,-0.9220765592949789,1.9223410983248423,0.8679608193224625,2.7247370494248835,5.066183750019106,1.7048565607001787,0.7048565606998273,0.8720461335921968,nan,nan
SCA8-0,moderate,SAA,search_sampled,5,certified_infeasible,-1.0,69813.00326024221,109750.53811123242,nan,49786.82839651195,0.6361062502444095,nan,nan,65092.35921290708,125129.71730189497,2.724737049424882,-0.9220765592949788,1.9223410983248423,0.8679608193224627,2.724737049424883,5.066183750019103,1.7048565607001787,0.7048565606998273,0.8720461335921968,nan,nan
SCA8-0,moderate,SAA,search_sampled,5,certified_infeasible,-1.0,69813.00326024221,109750.53811123242,nan,46937.6411270208,0.6361062502444095,nan,nan,65092.35921290708,125129.71730189497,2.724737049424882,-0.9220765592949787,1.9223410983248423,0.8679608193224625,2.724737049424882,5.0661837500191,1.4198883128170232,0.41988831281667577,0.8720461335921967,nan,nan
SCA8-0,moderate,SAA,search_sampled,5,certified_feasible,1.0,57158.69143175471,74354.8243782066,nan,36614.80924407232,0.7687287531070806,nan,nan,55298.226585421326,100597.06576269411,2.727411850116416,-0.8907813886124041,1.8191734522859953,0.9142485027627743,2.7274118501164164,4.2792402767288875,1.1014271647263725,0.10142716472599177,0.8652332046926499,nan,nan
SCA8-0,moderate,SAA,search_sampled,7,certified_infeasible,-1.0,63103.414072697065,85890.1523286443,nan,33817.96038463746,0.7346990587610371,nan,nan,52507.58524508399,96375.82101315868,2.359355804215671,-0.796696536239468,1.8354647345391273,0.763708166421355,2.3593558042156726,3.136480623174793,2.5716366839221405,1.5716366839217433,0.9114904053640606,nan,nan
SCA8-0,moderate,SAA,search_sampled,5,certified_feasible,1.0,52629.21271373031,75736.51545743854,nan,28686.347922336045,0.6948987868778597,nan,nan,46315.48337775227,80314.06108716283,2.4060695179633385,-0.7830612609392765,1.734065051898861,0.8516002344717212,2.4060695179633385,3.0363123221994446,3.323048612495224,2.323048612494842,0.8166235871962825,nan,nan
SCA8-0,moderate,SAA,search_sampled,5,ambiguous,1.0,53005.880937785776,76305.83864001723,nan,32334.354342040126,0.6946503948124855,nan,nan,45943.38368507398,89281.12801244545,2.5511228057172666,-0.8864588939001818,1.943285862975107,0.865130086614255,2.551122805717267,4.196994861205752,0.8152285595375538,-0.1847714404628611,0.8775583293312519,nan,nan
SCA8-0,moderate,SAA,search_sampled,5,certified_feasible,1.0,53005.880937785776,76305.83864001722,nan,31962.361184199202,0.6946503948124856,nan,nan,45943.38368507398,89281.12801244544,2.5511228057172666,-0.886458893900182,1.9432858629751069,0.8651300866142546,2.5511228057172675,4.196994861205755,2.126199962151774,1.126199962151378,0.8775583293312519,nan,nan
SCA8-0,moderate,SAA,search_sampled,4,ambiguous,-1.0,69576.52157059603,104669.20472450263,nan,41991.05226809307,0.6647277177057642,nan,nan,46531.82393500242,111269.22138114645,2.268021478424091,-0.937232813475465,2.39124994405059,0.8927265844566609,2.268021478424092,5.644801398254159,0.4854414936954503,-0.5145585063048848,0.8703128798727616,nan,nan
SCA8-0,moderate,SAA,search_sampled,4,ambiguous,-1.0,69576.52157059606,104669.20472450265,nan,42809.267921758714,0.6647277177057644,nan,nan,46531.82393500242,111269.22138114646,2.2680214784240906,-0.9372328134754648,2.3912499440505903,0.8927265844566608,2.2680214784240915,5.644801398254148,0.6669763184782977,-0.33302368152204,0.8703128798727618,nan,nan
SCA8-0,moderate,SAA,search_sampled,5,certified_feasible,1.0,40875.11890921544,60826.39212067588,nan,29005.003690243168,0.6719964391134966,nan,nan,38865.34984440652,74301.39023278684,2.7685972077179577,-0.9281339354753856,1.911764348712797,0.8706990321585893,2.768597207717958,5.275371713560946,5.204648017016192,4.204648017015717,0.8473316052204767,nan,nan
SCA8-0,moderate,SAA,search_sampled,5,certified_infeasible,-1.0,67400.23810285865,105206.47143966853,nan,43206.26774435723,0.6406472641895403,nan,nan,57528.82508867801,113597.89998736155,2.538963212783985,-0.8929595999937902,1.9746257604297615,0.837693625437497,2.538963212783984,4.322561053668309,1.019056282545776,0.019056282545423252,0.8756521292624955,nan,nan
SCA8-0,moderate,SAA,search_sampled,7,certified_infeasible,-1.0,65739.79949299271,102720.00307911063,nan,43384.075853648355,0.6399902406774918,nan,nan,65739.79949299268,126290.8637200261,2.9210716292721215,-0.9731626966620813,1.9210716292721226,0.8464636943042215,2.994615523300858,8.632678365192897,1.6244442815502187,0.624444281549849,0.8618270386868698,nan,nan
SCA8-0,moderate,SAA,search_sampled,7,certified_infeasible,-1.0,65739.79949299271,102720.00307911061,nan,42715.61398161558,0.6399902406774919,nan,nan,65739.79949299268,126290.8637200261,2.9210716292721215,-0.9731626966620813,1.9210716292721226,0.8464636943042215,2.994615523300858,8.632678365192897,1.6244442815502187,0.624444281549849,0.8618270386868698,nan,nan
SCA8-0,moderate,SAA,search_sampled,7,certified_infeasible,-1.0,83734.57089401482,100567.97451424602,nan,33668.553486821766,0.832616658518397,nan,nan,64084.30087120989,112230.58055329727,2.105640233681663,-0.6737158185695948,1.7512960120895582,0.9149316205595927,2.105640233681663,2.475808149720869,1.5779179846868683,0.5779179846865709,0.87322700852809,nan,nan
SCA8-0,moderate,SAA,search_sampled,3,certified_feasible,1.0,33734.80024552175,45181.0100237874,nan,21634.267288004583,0.746658833606435,nan,nan,26166.157900617312,50161.407080509736,2.2625764618617956,-0.7858090069252772,1.917033722376426,0.8242501206793608,2.262576461861795,3.0557259027555834,9.502902972698852,8.502902972698324,0.89128508370621,nan,nan
SCA8-0,moderate,SAA,search_sampled,3,certified_feasible,1.0,47610.758993586074,69607.20387083519,nan,32231.06352043491,0.6839918334018092,nan,nan,38075.68565073747,77384.33154626332,2.4250824737441192,-0.8775455348469465,2.032381826452139,0.9241550701922394,2.4250824737441192,4.041361361372682,4.379066441945959,3.379066441945548,0.8556510171159738,nan,nan
SCA8-0,moderate,SAA,search_sampled,10,certified_infeasible,-1.0,76761.42168221647,117948.95792012727,nan,40980.52174873655,0.6508020336576251,nan,nan,58324.12906716911,121846.87958838974,2.3471557027883914,-0.8693346612150508,2.0891332890383074,0.8129650147653821,2.347155702788393,3.9123238614521827,3.5343830691255804,2.5343830691252314,0.8942976812154516,nan,nan
SCA8-0,moderate,SAA,search_sampled,10,certified_infeasible,-1.0,76761.42168221645,117948.95792012727,nan,40612.79673094741,0.6508020336576249,nan,nan,58324.12906716911,121846.87958838973,2.347155702788392,-0.869334661215051,2.089133289038307,0.8129650147653822,2.3471557027883936,3.912323861452186,3.5343830691255818,2.5343830691252327,0.8942976812154515,nan,nan
SCA8-0,moderate,SAA,search_sampled,6,certified_infeasible,-1.0,63382.195761867144,98650.266029724,nan,37929.48007205701,0.6424939162634357,nan,nan,50409.49372058509,99393.99259362712,2.3634947403374595,-0.8385536746823729,1.9717316175512163,0.7606988379526621,2.363494740337459,3.519661645482291,1.7833180819239025,0.7833180819235183,0.8751492324531002,nan,nan
SCA8-0,moderate,SAA,search_sampled,5,certified_infeasible,-1.0,67584.22012075738,114502.74748198163,nan,45206.489194723334,0.5902410344467286,nan,nan,58204.11612542134,118558.96194302794,2.615448957650388,-0.9329828732200834,2.036951505071407,0.8860691857977548,2.615448957650389,5.462885470523419,1.6070706262376864,0.607070626237326,0.8708470538547725,nan,nan
SCA8-0,moderate,SAA,search_sampled,5,certified_infeasible,-1.0,67584.22012075735,114502.74748198161,nan,44162.413024333255,0.5902410344467284,nan,nan,58204.11612542134,118558.96194302796,2.615448957650389,-0.9329828732200833,2.036951505071407,0.886069185797755,2.615448957650389,5.462885470523415,1.3127047345696998,0.3127047345693438,0.8708470538547725,nan,nan
SCA8-0,moderate,SAA,search_sampled,7,certified_infeasible,-1.0,63653.22872286365,104577.54844410607,nan,41360.24359691793,0.6086701177249781,nan,nan,63653.22872286365,119742.88085304579,2.8811752876572507,-0.9637289267497156,1.8811752876572505,0.812402439487321,3.015434502417923,7.425655458660665,1.627709577694545,0.6277095776941644,0.8665338151587414,nan,nan
SCA8-0,moderate,SAA,search_sampled,6,certified_infeasible,-1.0,82502.64896887817,107097.30943705542,nan,41382.660073106344,0.7703522096170649,nan,nan,62436.70245655597,123362.84951761499,2.2520434712861,-0.799107814854002,1.9758066115591546,0.8950549431708592,2.2520434712860995,3.155247828223377,2.116627699255743,1.116627699255434,0.8685170444897377,nan,nan
SCA8-0,moderate,SAA,search_sampled,8,ambiguous,1.0,71079.70887704451,103434.79829655174,nan,44088.044844264856,0.6871933821851338,nan,nan,71079.70887704453,116780.44703531936,2.6429505534037734,-0.8463334023178491,1.6429505534037727,0.965448802642714,2.757987757590458,3.6076571656129186,0.24596220176534922,-0.754037798234969,0.7083539823288407,nan,nan
SCA8-0,moderate,SAA,search_sampled,6,certified_feasible,1.0,52328.5934945795,73550.19121005204,nan,27626.22068532124,0.7114678103981298,nan,nan,44606.2870826154,80573.01770754452,2.3921778979808948,-0.7990191155006594,1.8063152747574587,0.9339312519130915,2.3921778979808948,3.154551495016722,2.5527137591283555,1.55271375912796,0.8267188666944958,nan,nan
SCA8-0,moderate,SAA,search_sampled,6,certified_feasible,1.0,64949.58866999049,79900.20537422059,nan,31338.883674016346,0.812883876402978,nan,nan,56938.7770839384,100814.21268959017,2.428852791894851,-0.8002351796635226,1.7705721452529823,0.9673437328090152,2.428852791894852,3.164138559991232,1.1402681742728944,0.14026817427256005,0.8409431062601561,nan,nan
SCA8-0,moderate,SAA,search_sampled,8,certified_infeasible,-1.0,67332.03010569907,83416.43887527178,nan,33071.20487513173,0.807179388302312,nan,nan,63236.631785704856,105567.15523091023,2.507035459225331,-0.7946489197973368,1.6693987685595633,0.8931700377004571,2.507035459225331,3.1208040577174283,1.6636207446796385,0.6636207446792762,0.8888075388980899,nan,nan
SCA8-0,moderate,SAA,search_sampled,4,ambiguous,-1.0,62463.82521429798,94090.09224993069,nan,41693.67043989925,0.6638725047518911,nan,nan,48237.52449340586,105800.25996111627,2.466031882070246,-0.942367391792623,2.193318605634071,0.9150603934623279,2.4660318820702454,5.890889286270351,0.6415590024844913,-0.3584409975158819,0.867482615800386,nan,nan
SCA8-0,moderate,SAA,search_sampled,3,certified_feasible,1.0,40420.32075519352,50223.14643295357,nan,28095.786291905177,0.8048145850271142,nan,nan,40420.320755193534,71290.97209464842,2.7637408799010683,-0.9553609635917524,1.7637408799010672,0.9316500514103235,3.2111273500161697,6.693566651029177,7.1292779197344816,6.129277919734028,0.8528903390238511,nan,nan
SCA8-0,moderate,SAA,search_sampled,6,certified_infeasible,-1.0,60335.63283465959,88968.35355570828,nan,37041.54761236969,0.6781696010242555,nan,nan,54730.37296692148,101594.64273153774,2.5909236110416476,-0.8701396045523766,1.8562753590760395,0.822979263035182,2.590923611041647,3.9244304547728333,1.1066590496178335,0.1066590496174413,0.8647891307149754,nan,nan
SCA8-0,moderate,SAA,search_sampled,6,certified_infeasible,-1.0,76614.96731394023,95968.37443428501,nan,41413.91340326443,0.7983355742511075,nan,nan,72363.39421449884,127460.78035944489,2.6081610627742884,-0.846363479900509,1.7613985875458928,0.9758652639759389,2.608161062774289,3.6080102857444363,1.6754918116745143,0.675491811674191,0.8410058184488551,nan,nan
SCA8-0,moderate,SAA,search_sampled,4,ambiguous,-1.0,71851.94425485935,115339.69363743531,nan,44567.90668450728,0.6229593818822029,nan,nan,57538.94652030829,121002.78455229642,2.4848559482164596,-0.9184873320959833,2.1029718455062203,0.9347484226652515,2.4848559482164587,4.953389097594844,0.5025604675553317,-0.4974395324449937,0.843161588674129,nan,nan
SCA8-0,moderate,SAA,search_sampled,5,ambiguous,-1.0,64295.37846792543,107669.06408486712,nan,44930.0867328985,0.5971574009155165,nan,nan,64295.3784679254,113519.10214359695,2.765587276233662,-0.9055163855527489,1.7655872762336635,0.8084383973006146,2.883697056629116,4.600835953861104,0.9081319989853853,-0.09186800101498162,0.8678566226809277,nan,nan
SCA8-0,moderate,SAA,search_sampled,8,certified_feasible,1.0,55931.67513805792,66837.77926308227,nan,24972.975699025043,0.8368272518137312,nan,nan,49917.94361530558,80848.06252934835,2.3379597664808007,-0.7309459469409922,1.619619252595957,0.9004631600007883,2.3379597664808016,2.726435503521844,2.2303038461142872,1.2303038461139142,0.8844782270978246,nan,nan
SCA8-0,moderate,SAA,search_sampled,8,ambiguous,1.0,70624.31713118491,102461.77421934804,nan,46806.22715650077,0.68927478241782,nan,nan,70624.3171311849,115717.2135633905,2.6384896628231513,-0.8426255431866627,1.638489662823152,0.9728512921722442,2.745773571167951,3.564904300632269,0.5188929501425122,-0.481107049857804,0.6899404520464407,nan,nan
SCA8-0,moderate,SAA,search_sampled,10,ambiguous,1.0,71118.54365928796,99683.58274609214,nan,34916.450385439915,0.7134428930031208,nan,nan,58335.102053318085,108300.75521920626,2.343071844536597,-0.7972944014454709,1.8565280835579876,0.9478717542724154,2.343071844536597,3.1411026267035473,0.18337238237345957,-0.8166276176268592,0.8435552286803343,nan,nan
SCA8-0,moderate,SAA,search_sampled,7,certified_feasible,1.0,61381.63539226816,83867.34928584186,nan,34199.80778910397,0.731889536451945,nan,nan,61381.63539226813,108982.06890244393,2.7754833054867034,-0.9655125756587007,1.775483305486705,0.9750504200716924,3.2622550726169792,7.615257928634905,2.220543861879751,1.2205438618794124,0.8125816649163033,nan,nan
SCA8-0,moderate,SAA,search_sampled,9,ambiguous,-1.0,59528.74716426199,75451.4186667832,nan,33666.39692667307,0.7889678977032805,nan,nan,52984.32063748039,92068.06059291662,2.436677876491226,-0.7933512323878159,1.737647279142217,0.8442752471907927,2.4366778764912262,3.110989805921323,0.3930852009025764,-0.6069147990978104,0.9023645575812993,nan,nan
SCA8-0,moderate,SAA,search_sampled,4,certified_feasible,1.0,49585.123625148146,61001.106146356426,nan,31335.597480914286,0.8128561391359269,nan,nan,49585.123625148146,78471.85567906179,2.582568519386793,-0.9102122279548006,1.5825685193867929,0.9047172118919057,3.270445521747818,4.719613124707121,4.696220369721033,3.6962203697206446,0.8405651513652462,nan,nan
SCA8-0,moderate,SAA,search_sampled,4,certified_feasible,1.0,57846.61734214235,89243.46904264722,nan,34479.24577734374,0.6481888026394279,nan,nan,43915.45165456905,94990.46079554448,2.4012797780124986,-0.9115946401236844,2.163030487372011,0.8982710965702689,2.401279778012497,4.756370749392748,1.8471053946789482,0.8471053946785825,0.8527567729874962,nan,nan
SCA8-0,moderate,SAA,search_sampled,3,certified_feasible,1.0,33243.66159789847,44516.79602800943,nan,26301.051829201722,0.7467667164766746,nan,nan,33243.66159789847,59317.64118885099,2.7843293529555364,-0.9669036467425515,1.7843293529555364,0.8900108495984906,3.2515097241418838,7.773648980183032,10.476169248067823,9.4761692480673,0.8498810285015941,nan,nan
SCA8-0,moderate,SAA,search_sampled,6,ambiguous,1.0,62596.396226204,89522.04143531235,nan,35387.44491678631,0.6992288739464847,nan,nan,58774.83019026424,98719.32107537084,2.5160258538926104,-0.7998395495053902,1.6796189926163871,0.8692038182443539,2.5160258538926095,3.16100995034824,0.42725994112922133,-0.5727400588711359,0.8122425314567427,nan,nan
SCA8-0,moderate,SAA,search_sampled,7,certified_infeasible,-1.0,63331.28946608767,94366.8200262972,nan,38880.71355832209,0.6711181901481807,nan,nan,59369.40589707465,112155.9297429368,2.708382177057345,-0.9080565403736517,1.889119960832607,0.8500955042091126,2.708382177057346,4.66395742393891,1.6988634732659749,0.6988634732655916,0.8721881984230745,nan,nan
SCA8-0,moderate,SAA,search_sampled,7,certified_infeasible,-1.0,63331.28946608767,94366.8200262972,nan,38884.08587463771,0.6711181901481807,nan,nan,59369.40589707465,112155.9297429368,2.708382177057345,-0.9080565403736517,1.889119960832607,0.8500955042091128,2.708382177057346,4.66395742393891,1.6988634732659749,0.6988634732655916,0.8721881984230745,nan,nan
SCA8-0,moderate,SAA,search_sampled,6,ambiguous,-1.0,69433.92453180697,88633.1536444633,nan,36207.23130577218,0.7833854678163575,nan,nan,62101.29192375748,113008.78211674881,2.52196711076428,-0.8411584454030774,1.819749293710203,0.9359670880523859,2.52196711076428,3.5484029643531527,0.5019425873421265,-0.4980574126582096,0.8496807567155059,nan,nan
SCA8-0,moderate,SAA,search_sampled,4,certified_feasible,1.0,47091.21342215608,54621.484385641445,nan,29455.47275851009,0.8621371965961276,nan,nan,47091.21342215605,73918.81869322182,2.5696944997056184,-0.9458620349017695,1.5696944997056201,0.8358432108496813,3.65420659656275,6.078046718708966,4.540276861129738,3.5402768611293247,0.8697722761894918,nan,nan
SCA8-0,moderate,SAA,search_sampled,10,certified_infeasible,-1.0,71647.15016613244,103066.16784738615,nan,39220.04565178466,0.695156826556538,nan,nan,61253.36939551893,116336.59383695117,2.478674487689766,-0.8527118965454847,1.8992684808202882,0.8650043282644426,2.478674487689767,3.684946295401687,1.9408074154827901,0.9408074154824434,0.8796598445569881,nan,nan
SCA8-0,moderate,SAA,search_sampled,7,certified_infeasible,-1.0,63859.71653762183,93610.1757884466,nan,41561.4027057776,0.6821877643082411,nan,nan,63859.71653762182,108280.63122797251,2.695601501208995,-0.8481509717608418,1.695601501208996,0.8048261713459872,2.6972036724045805,3.6291840150837804,2.016508428575965,1.0165084285755797,0.8526515430501564,nan,nan
SCA8-0,moderate,SAA,search_sampled,9,ambiguous,1.0,58800.49901010962,75988.21663829821,nan,32169.789828654728,0.7738107513431767,nan,nan,52732.65215423053,92127.00193495398,2.4635786520158387,-0.8038756469335953,1.7470580024214277,0.8560178167849817,2.4635786520158387,3.1933699617839473,0.42364187390710395,-0.5763581260932759,0.9003603483625731,nan,nan
SCA8-0,moderate,SAA,search_sampled,9,ambiguous,1.0,58800.49901010962,75988.21663829821,nan,33665.27990045434,0.7738107513431767,nan,nan,52732.65215423053,92127.00193495398,2.4635786520158387,-0.803875646933595,1.7470580024214277,0.8560178167849818,2.463578652015838,3.193369961783945,0.42364187390710395,-0.5763581260932759,0.9003603483625731,nan,nan
SCA8-0,moderate,SAA,search_sampled,8,ambiguous,-1.0,76992.04189620102,111831.32148495059,nan,48240.08155003043,0.6884658150674006,nan,nan,76992.04189620099,126482.2318353116,2.6427961737374384,-0.8681807512099788,1.6427961737374392,0.929638734238495,2.8727891219397437,3.895162510665885,0.6171404580037073,-0.38285954199659944,0.7251737652772471,nan,nan
SCA8-0,moderate,SAA,search_sampled,10,certified_infeasible,-1.0,74986.22616929341,107176.46222331513,nan,37941.15581537721,0.6996520002036505,nan,nan,63891.01848291125,116306.19574511018,2.4030708495877278,-0.8065123293056595,1.8203841245106818,0.8853629529452043,2.40307084958773,3.2150545768002634,1.1097837821736771,0.10978378217335569,0.8551547514942409,nan,nan
SCA8-0,moderate,SAA,search_sampled,8,certified_infeasible,-1.0,88577.5344519583,128531.84882755141,nan,52646.08159592869,0.689148528243774,nan,nan,88577.5344519583,155316.476215793,2.7534522401956427,-0.9464940115994892,1.7534522401956425,0.9038129853746173,3.1681737296517376,6.113836245572101,2.046127964203807,1.0461279642035166,0.8345756930572517,nan,nan
SCA8-0,moderate,SAA,search_sampled,8,certified_infeasible,-1.0,88577.53445195833,128531.84882755142,nan,49717.60982884366,0.6891485282437741,nan,nan,88577.53445195829,155316.476215793,2.7534522401956414,-0.9464940115994894,1.753452240195643,0.9038129853746173,3.1681737296517394,6.113836245572113,2.046127964203806,1.046127964203516,0.8345756930572517,nan,nan
SCA8-0,moderate,SAA,search_sampled,2,certified_feasible,1.0,34942.10423738486,53528.90242616443,nan,23672.953620840508,0.6527707958440314,nan,nan,21674.14923589176,53565.08059088661,2.1532541176006013,-0.9121778255966229,2.471380998991388,1.0,2.1532541176006017,4.7721370215231715,11.731491881793943,10.73149188179347,0.8233403214169337,nan,nan
SCA8-0,moderate,SAA,search_sampled,2,certified_feasible,1.0,34942.10423738486,53528.90242616443,nan,23672.953620840508,0.6527707958440314,nan,nan,21674.14923589176,53565.08059088661,2.1532541176006013,-0.9121778255966229,2.471380998991388,1.0,2.1532541176006017,4.7721370215231715,11.731491881793943,10.73149188179347,0.8233403214169337,nan,nan
SCA8-0,moderate,SAA,search_sampled,3,certified_feasible,1.0,40773.99122985127,50849.68253742187,nan,27265.04273409028,0.8018534078328694,nan,nan,40773.991229851265,65725.28957798783,2.61194152437717,-0.9258019432526589,1.6119415243771706,0.9741193675346455,3.334210932727938,5.191809302113319,9.094092747161643,8.094092747161222,0.8298086037585725,nan,nan
SCA8-0,moderate,SAA,search_sampled,3,certified_feasible,1.0,42913.53110744099,65724.35775641166,nan,31936.27591594374,0.6529319201031617,nan,nan,39377.72932285521,77503.33558600931,2.723641282658232,-0.9364316300647584,1.9682022533743622,0.9927382841560489,2.723641282658232,5.609116499899956,5.818091226699654,4.818091226699212,0.8238220741893895,nan,nan
SCA8-0,moderate,SAA,search_sampled,3,certified_feasible,1.0,42913.53110744099,65724.35775641166,nan,31936.27591594374,0.6529319201031617,nan,nan,39377.72932285521,77503.33558600931,2.723641282658232,-0.9364316300647584,1.9682022533743622,0.9927382841560489,2.723641282658232,5.609116499899956,5.818091226699654,4.818091226699212,0.8238220741893895,nan,nan
SCA8-0,moderate,SAA,search_sampled,5,certified_infeasible,-1.0,79802.28340784684,128113.08273031846,nan,50829.781615667634,0.6229050281760281,nan,nan,75062.33081106667,145330.8821383183,2.7617406863287073,-0.934423340445985,1.9361360161346297,0.9439843839596969,2.7617406863287064,5.522558852935879,1.9512197295226348,0.9512197295223191,0.8395999524850315,nan,nan
SCA8-0,moderate,SAA,search_sampled,3,certified_feasible,1.0,42913.53110744099,65724.35775641166,nan,31936.27591594374,0.6529319201031617,nan,nan,39377.72932285521,77503.33558600931,2.723641282658232,-0.9364316300647584,1.9682022533743622,0.9927382841560489,2.723641282658232,5.609116499899956,5.818091226699654,4.818091226699212,0.8238220741893895,nan,nan
SCA8-0,moderate,SAA,search_sampled,8,certified_infeasible,-1.0,88577.5344519583,128531.84882755141,nan,52646.08159592869,0.689148528243774,nan,nan,88577.5344519583,155316.476215793,2.7534522401956427,-0.9464940115994892,1.7534522401956425,0.9038129853746173,3.1681737296517376,6.113836245572101,2.046127964203807,1.0461279642035166,0.8345756930572517,nan,nan
SCA8-0,moderate,SAA,search_sampled,8,certified_infeasible,-1.0,88577.5344519583,128531.84882755144,nan,52070.74063520715,0.6891485282437738,nan,nan,88577.53445195829,155316.476215793,2.7534522401956423,-0.9464940115994893,1.753452240195643,0.9038129853746173,3.1681737296517385,6.113836245572107,2.046127964203807,1.0461279642035166,0.8345756930572517,nan,nan
SCA8-0,moderate,SAA,search_sampled,6,ambiguous,1.0,69006.79621995945,101589.53990911956,nan,44453.26634986443,0.6792706835929355,nan,nan,69006.79621995943,113906.80109934599,2.650660620966485,-0.8387248892204817,1.6506606209664858,0.9844400873651004,2.7112846360848715,3.5215294395445156,0.760665542030307,-0.239334457970013,0.6780859243357077,nan,nan
SCA8-0,moderate,SAA,search_sampled,6,ambiguous,1.0,62712.672503853195,97025.94528985405,nan,44197.52892026397,0.6463495131792447,nan,nan,62712.67250385317,113295.75493820621,2.806584704730054,-0.9267933358039129,1.8065847047300547,0.9368981497120713,2.9339112296630256,5.226845811855991,0.5375921700867263,-0.46240782991362867,0.8536465570285734,nan,nan
SCA8-0,moderate,SAA,search_sampled,10,certified_infeasible,-1.0,78971.30203914383,121065.10841504275,nan,44585.39180636225,0.6523043928429786,nan,nan,69353.54640205145,128811.06358447712,2.509324335165501,-0.8488123935770863,1.8573104082917804,0.8231050057695908,2.5093243351655006,3.637113903983783,2.799502339044626,1.7995023390442955,0.8756732704767018,nan,nan
SCA8-0,moderate,SAA,search_sampled,3,certified_feasible,1.0,42913.53110744099,65724.35775641166,nan,31936.27591594374,0.6529319201031617,nan,nan,39377.72932285521,77503.33558600931,2.723641282658232,-0.9364316300647584,1.9682022533743622,0.9927382841560489,2.723641282658232,5.609116499899956,5.818091226699654,4.818091226699212,0.8238220741893895,nan,nan
SCA8-0,moderate,SAA,search_sampled,8,certified_infeasible,-1.0,88577.5344519583,128531.84882755141,nan,52646.08159592869,0.689148528243774,nan,nan,88577.5344519583,155316.476215793,2.7534522401956427,-0.9464940115994892,1.7534522401956425,0.9038129853746173,3.1681737296517376,6.113836245572101,2.046127964203807,1.0461279642035166,0.8345756930572517,nan,nan
SCA8-0,moderate,SAA,search_sampled,3,certified_feasible,1.0,40773.99122985127,50849.68253742187,nan,27265.04273409028,0.8018534078328694,nan,nan,40773.991229851265,65725.28957798783,2.61194152437717,-0.9258019432526589,1.6119415243771706,0.9741193675346455,3.334210932727938,5.191809302113319,9.094092747161643,8.094092747161222,0.8298086037585725,nan,nan
SCA8-0,moderate,SAA,search_sampled,7,certified_infeasible,-1.0,84504.79149780751,123449.84212753159,nan,46207.63343556765,0.6845273354866558,nan,nan,80307.17384084401,134293.70358308774,2.5395113533828386,-0.804051310651808,1.6722504000606024,0.8578834232737863,2.5395113533828377,3.1948010343197675,2.4788472388165026,1.4788472388161946,0.8237568481091927,nan,nan
SCA8-0,moderate,SAA,search_sampled,8,certified_infeasible,-1.0,88577.53445195833,128531.84882755142,nan,49717.60982884366,0.6891485282437741,nan,nan,88577.53445195829,155316.476215793,2.7534522401956414,-0.9464940115994894,1.753452240195643,0.9038129853746173,3.1681737296517394,6.113836245572113,2.046127964203806,1.046127964203516,0.8345756930572517,nan,nan
SCA8-0,moderate,SAA,search_sampled,3,certified_feasible,1.0,42913.53110744099,65724.35775641166,nan,31936.27591594374,0.6529319201031617,nan,nan,39377.72932285521,77503.33558600931,2.723641282658232,-0.9364316300647584,1.9682022533743622,0.9927382841560489,2.723641282658232,5.609116499899956,5.818091226699654,4.818091226699212,0.8238220741893895,nan,nan
SCA8-0,moderate,SAA,search_sampled,8,certified_infeasible,-1.0,73827.50061755648,112243.65377588518,nan,45466.82150115745,0.6577432053750359,nan,nan,73827.50061755648,130616.16847203384,2.76920750911853,-0.9403108857335234,1.7692075091185302,0.9022305457132007,3.0905004761625046,5.788518566751578,1.320166378281982,0.32016637828165306,0.844665181768744,nan,nan
SCA8-0,moderate,SAA,search_sampled,8,ambiguous,-1.0,72871.45090892921,107142.96731142302,nan,44214.27001199741,0.6801328424769139,nan,nan,72871.45090892923,127700.87285233485,2.7524129307090166,-0.9398558279986916,1.752412930709016,0.9228062065956021,3.1226651743335863,5.766578688845782,0.8096474084925442,-0.19035259150778136,0.8448749116482818,nan,nan
SCA8-0,moderate,SAA,search_sampled,5,certified_infeasible,-1.0,79802.28340784684,128113.08273031845,nan,54520.22636617475,0.6229050281760282,nan,nan,75062.33081106667,145330.8821383183,2.7617406863287073,-0.9344233404459852,1.9361360161346297,0.9439843839596966,2.7617406863287073,5.522558852935889,2.4605576640799143,1.4605576640795912,0.8395999524850315,nan,nan
SCA8-0,moderate,SAA,search_sampled,2,certified_feasible,1.0,27281.191107407187,34999.58233981165,nan,22974.33083835429,0.7794719046225624,nan,nan,27281.191107407187,47383.38153263618,2.7368516406078394,-0.9364284423238739,1.7368516406078398,1.0,3.1316078971296886,5.608975865984403,18.196079602582437,17.19607960258188,0.8071756845762946,nan,nan
SCA8-0,moderate,SAA,search_sampled,2,certified_feasible,1.0,27281.191107407187,34999.58233981165,nan,22974.33083835429,0.7794719046225624,nan,nan,27281.191107407187,47383.38153263618,2.7368516406078394,-0.9364284423238739,1.7368516406078398,1.0,3.1316078971296886,5.608975865984403,18.196079602582437,17.19607960258188,0.8071756845762946,nan,nan
SCA8-0,moderate,SAA,search_sampled,8,certified_infeasible,-1.0,77057.95381518581,123744.51363960044,nan,51720.74425238808,0.6227181436068605,nan,nan,77057.9538151858,142441.26027361315,2.848495232760025,-0.9297506686434194,1.8484952327600253,0.9180967288038584,2.8779209309763374,5.335730678073647,1.8453857551007324,0.8453857551004084,0.8561226401561424,nan,nan
SCA8-0,moderate,SAA,search_sampled,7,certified_infeasible,-1.0,70251.56117302894,102604.81995397074,nan,43872.80022274816,0.6846809068476929,nan,nan,66965.61452492666,119714.18962230756,2.6573047065451485,-0.8657265166536091,1.787696424076662,0.83885023769716,2.657304706545148,3.8594006888727117,3.0382065281335997,2.0382065281332316,0.8553536654746905,nan,nan
SCA8-0,moderate,SAA,search_sampled,5,certified_feasible,1.0,50846.33139979284,72006.59428928106,nan,27168.392960757235,0.7061343742424693,nan,nan,43479.894857168394,78595.50780792421,2.4008694296003816,-0.8021488481333277,1.807628745794136,0.9409178746682879,2.4008694296003816,3.179403927069075,3.398723623694929,2.3987236236945333,0.8134882974921448,nan,nan
SCA8-0,moderate,SAA,search_sampled,6,certified_feasible,1.0,58542.59359572638,91297.14122118417,nan,41978.31511938929,0.6412313990631552,nan,nan,56595.20263548125,99970.22698892941,2.674384922294252,-0.8633892241584824,1.7664081465140835,0.9872089882297804,2.674384922294253,3.826242743255692,2.6449795027670797,1.6449795027667298,0.8208520699891062,nan,nan
SCA8-0,moderate,SAA,search_sampled,6,certified_feasible,1.0,61315.43085962729,83735.57221451089,nan,35785.47228708227,0.7322506939171747,nan,nan,61315.43085962729,108781.12131046063,2.77412308427709,-0.9649880266111687,1.7741230842770899,0.9796419914200974,3.2614232572124675,7.557996787382459,2.302869373231899,1.3028693732315613,0.8105692093080408,nan,nan
SCA8-0,moderate,SAA,search_sampled,7,certified_feasible,1.0,52920.747134420555,60442.80275024689,nan,20019.428032632542,0.8755508468575175,nan,nan,35683.84316293478,63116.32417733679,1.866945814073934,-0.5453258053518395,1.76876475689974,0.9376346680401225,1.866945814073934,2.097320707156173,3.780583950828419,2.780583950828046,0.8756139070478803,nan,nan
SCA8-0,moderate,SAA,search_sampled,10,ambiguous,1.0,72668.23450635404,101943.72415112324,nan,40750.72461984224,0.7128269553761771,nan,nan,59243.181417059386,110339.41528840798,2.3336551088307953,-0.7957851316715455,1.8624829499219833,0.951060674631159,2.333655108830795,3.1294737891684914,0.0013906452838830913,-0.9986093547164316,0.841650045595646,nan,nan
SCA8-0,moderate,SAA,search_sampled,10,ambiguous,1.0,72668.23450635404,101943.72415112324,nan,35557.464924168075,0.7128269553761771,nan,nan,59243.181417059386,110339.41528840797,2.333655108830795,-0.7957851316715456,1.862482949921983,0.9510606746311587,2.3336551088307953,3.1294737891684923,0.0013906452838830913,-0.9986093547164316,0.841650045595646,nan,nan
SCA8-0,moderate,SAA,search_sampled,5,certified_feasible,1.0,52504.40132919346,81604.48201008391,nan,34572.384059285396,0.6434009509760195,nan,nan,46717.32364722453,87232.56313309625,2.551212534364087,-0.8631713956815353,1.867242305912332,0.9833139237464021,2.551212534364088,3.8231958781191184,4.5767006269964154,3.5767006269960504,0.8132786450268351,nan,nan
SCA8-0,moderate,SAA,search_sampled,6,certified_feasible,1.0,61315.430859627275,83735.57221451089,nan,32580.4973211533,0.7322506939171745,nan,nan,61315.43085962729,108781.12131046061,2.7741230842770905,-0.9649880266111687,1.7741230842770896,0.9796419914200973,3.261423257212468,7.557996787382459,2.3825115240317456,1.3825115240314088,0.8105692093080408,nan,nan
SCA8-0,moderate,SAA,search_sampled,6,ambiguous,1.0,63593.94857215256,79116.36975822982,nan,36988.2454055885,0.8038026614022873,nan,nan,55611.030949358006,99671.94456169101,2.4417885506019132,-0.8103121546687613,1.792305282965477,0.9587091727621986,2.4417885506019137,3.2470968781601712,0.956695306887792,-0.043304693112552195,0.8373271937488472,nan,nan
SCA8-0,moderate,SAA,search_sampled,4,certified_feasible,1.0,55862.68260004483,89564.2522086126,nan,34997.743386448434,0.6237162843712439,nan,nan,44661.90403885844,96731.37060568683,2.531086372218577,-0.9526168606541413,2.1658586369610426,0.94246827920214,2.5310863722185757,6.496853625301342,2.2213322855066444,1.2213322855062707,0.8311672235334111,nan,nan
SCA8-0,moderate,SAA,search_sampled,7,ambiguous,-1.0,57393.54060640691,76054.56934161065,nan,37999.34512399715,0.7546363236719559,nan,nan,57393.5406064069,99764.37138239201,2.738250861130097,-0.9272595146671733,1.7382508611300973,0.8384665936189701,3.065489854271979,5.2435679542657745,0.9656595781787686,-0.03434042182164007,0.8553765688045678,nan,nan
SCA8-0,moderate,SAA,search_sampled,7,ambiguous,1.0,65890.0073388181,88737.50963047802,nan,36630.76540125799,0.7425271186130668,nan,nan,65890.00733881808,115124.30032890053,2.7472194188249355,-0.9774669871651147,1.7472194188249366,0.9051032531351447,3.4418928974154697,9.421181395721236,0.934825886479211,-0.06517411352112143,0.8251361203211662,nan,nan
SCA8-0,moderate,SAA,search_sampled,10,certified_infeasible,-1.0,81070.83440137365,120885.38390527932,nan,44055.55048792824,0.6706421552575564,nan,nan,70916.46599991129,134881.39877571052,2.538494469623157,-0.8703143435505906,1.9019757523715188,0.8382352564015932,2.538494469623158,3.927073461812036,3.154281720270548,2.15428172027022,0.8750768568455101,nan,nan
SCA8-0,moderate,SAA,search_sampled,7,certified_infeasible,-1.0,90755.00179221937,107780.9471060395,nan,51830.37948827878,0.8420319567514165,nan,nan,90755.00179221937,151060.71865782136,2.664489181584393,-0.9383449963749364,1.6644891815843934,0.9310902714227074,3.313072614920888,5.695486594824961,2.446327163042305,1.446327163042015,0.8267236153763522,nan,nan
SCA8-0,moderate,SAA,search_sampled,7,certified_feasible,1.0,53686.61631458597,60959.09512283025,nan,24756.64262048796,0.8806990360734438,nan,nan,36904.70947765158,64219.35951624805,1.8835992270651913,-0.5493321637899166,1.74013995571859,0.9596013199602196,1.8835992270651918,2.106622487684592,3.825480506948307,2.82548050694794,0.870245330155792,nan,nan
SCA8-0,moderate,SAA,search_sampled,7,certified_feasible,1.0,53686.61631458597,60959.09512283024,nan,21015.43192367785,0.8806990360734439,nan,nan,36904.70947765158,64219.35951624805,1.8835992270651913,-0.5493321637899166,1.74013995571859,0.9596013199602196,1.8835992270651918,2.106622487684592,3.7640377019654303,2.764037701965063,0.870245330155792,nan,nan
SCA8-0,moderate,SAA,search_sampled,4,certified_feasible,1.0,53888.89174942392,82795.19138127318,nan,30816.46091732156,0.6508698252929294,nan,nan,38206.43456085639,87109.89669951976,2.32545757005136,-0.9230108730720706,2.279979739035016,0.9833896931459111,2.3254575700513613,5.09683178564807,3.532773166175993,2.532773166175624,0.8320525639757418,nan,nan
SCA8-0,moderate,SAA,search_sampled,8,ambiguous,1.0,71197.4369084061,103003.01966243534,nan,44018.029200050485,0.6912169870527731,nan,nan,71197.4369084061,116525.74268411561,2.6366564267478245,-0.843155998722476,1.6366564267478245,0.9685017833991183,2.7508023236555172,3.5709275690262023,0.3975101488159288,-0.6024898511843867,0.6934519258636896,nan,nan
SCA8-0,moderate,SAA,search_sampled,10,ambiguous,1.0,71209.64338450835,100010.6939549173,nan,40631.664209940674,0.7120202907161923,nan,nan,58335.67677188036,108781.21629781296,2.346829518121833,-0.8009667375437021,1.864745937948027,0.9408042639783468,2.3468295181218335,3.169948210524738,0.07592837702656954,-0.9240716229737505,0.8467209114209948,nan,nan
SCA8-0,moderate,SAA,search_sampled,10,ambiguous,1.0,71209.64338450837,100010.69395491731,nan,35655.63383887689,0.7120202907161923,nan,nan,58335.67677188036,108781.21629781296,2.3468295181218326,-0.8009667375437022,1.864745937948027,0.9408042639783468,2.3468295181218344,3.1699482105247387,0.07592837702656953,-0.9240716229737505,0.8467209114209947,nan,nan
SCA8-0,moderate,SAA,search_sampled,10,ambiguous,1.0,71209.64338450837,100010.69395491731,nan,35631.927109610755,0.7120202907161923,nan,nan,58335.67677188036,108781.21629781296,2.3468295181218326,-0.8009667375437022,1.864745937948027,0.9408042639783468,2.3468295181218344,3.1699482105247387,0.048229259409433976,-0.9517707405908864,0.8467209114209947,nan,nan
SCA8-0,moderate,SAA,search_sampled,7,ambiguous,1.0,52948.06639646182,70777.99258180473,nan,33887.72441124349,0.7480865798117232,nan,nan,52948.06639646182,92066.57375413156,2.7388089881273507,-0.8957729274320664,1.7388089881273507,0.8774147779115286,2.873736400579451,4.380510522429428,0.27496398514381976,-0.7250360148566033,0.8496828734735522,nan,nan
SCA8-0,moderate,SAA,search_sampled,7,certified_feasible,1.0,61486.92439909898,84211.9858211078,nan,33345.862498351,0.7301445726468931,nan,nan,61486.92439909898,109334.47108472257,2.778174337930045,-0.9665245341641294,1.7781743379300452,0.9663669018285502,3.263687842983733,7.729505013431726,2.060500285582811,1.0605002855824706,0.81596379596455,nan,nan
SCA8-0,moderate,SAA,search_sampled,5,certified_infeasible,-1.0,72000.93505777171,94316.78309272946,nan,41558.16107303021,0.7633947288785553,nan,nan,72000.93505777168,119295.28393383192,2.656857426061375,-0.962213405532408,1.6568574260613764,0.8288958326557148,3.560960255714582,7.275219844425587,1.6489135858285053,0.6489135858281643,0.8682479348256592,nan,nan
SCA8-0,moderate,SAA,search_sampled,5,certified_infeasible,-1.0,76861.37933285929,115743.29306844456,nan,48953.675684461305,0.6640676733416204,nan,nan,76861.37933285927,137010.96075296693,2.782572235135427,-0.9397638694827677,1.7825722351354278,0.8854512591035243,3.0594905038759648,5.762175280489286,2.72440699885978,1.7244069988594428,0.8520374556575183,nan,nan
SCA8-0,moderate,SAA,search_sampled,8,certified_infeasible,-1.0,77902.43695073525,125773.40020886372,nan,52311.30740126233,0.6193872219512849,nan,nan,77902.43695073527,132655.11721633043,2.702836553113483,-0.9140439208232602,1.7028365531134824,0.8390671411090712,3.0472660323440546,4.823660118099013,3.5757824546390156,2.57578245463867,0.7691921739147071,nan,nan
SCA8-0,moderate,SAA,search_sampled,7,certified_infeasible,-1.0,74426.02426479658,100948.04021628723,nan,45556.44382053793,0.7372706206612268,nan,nan,74426.02426479656,126416.11838810169,2.698547243882492,-0.9408917135372191,1.6985472438824922,0.8169679151443945,3.2515810935565805,5.816889490338868,3.5975751227327164,2.5975751227323576,0.8559842366831274,nan,nan
SCA8-0,moderate,SAA,search_sampled,7,certified_infeasible,-1.0,74426.02426479658,100948.04021628723,nan,42928.28631589705,0.7372706206612268,nan,nan,74426.02426479656,126416.11838810169,2.698547243882492,-0.9408917135372191,1.6985472438824922,0.8169679151443945,3.2515810935565805,5.816889490338868,3.5975751227327164,2.5975751227323576,0.8559842366831274,nan,nan
SCA8-0,moderate,SAA,search_sampled,7,certified_infeasible,-1.0,74426.02426479658,100948.04021628722,nan,42917.72078279217,0.737270620661227,nan,nan,74426.02426479658,126416.11838810169,2.698547243882492,-0.9408917135372188,1.6985472438824918,0.8169679151443945,3.2515810935565788,5.816889490338852,3.2303526146711987,2.230352614670845,0.8559842366831276,nan,nan
SCA8-0,moderate,SAA,search_sampled,8,ambiguous,-1.0,74600.12685897305,109736.60676705542,nan,48281.444985520364,0.6798107674071906,nan,nan,74600.12685897303,122173.5778486362,2.637712735791962,-0.8435487407534489,1.6377127357919625,0.934637613764642,2.7513188391381167,3.5754068372198486,0.900024991608358,-0.0999750083919618,0.7444226016533008,nan,nan
SCA8-0,moderate,SAA,search_sampled,10,certified_infeasible,-1.0,70436.54557620877,101362.23351368155,nan,35946.64291988477,0.6948993045491787,nan,nan,55112.70343702479,108666.60659427446,2.3252036097383333,-0.825236458087218,1.971716134710098,0.862242494281421,2.3252036097383346,3.3829032624181417,1.4852608022450704,0.4852608022447248,0.8898455862308012,nan,nan
SCA8-0,moderate,SAA,search_sampled,10,certified_infeasible,-1.0,72448.68694559608,102422.82647690925,nan,36591.530217612584,0.7073490298759653,nan,nan,55112.70343702479,108666.60659427446,2.260624960039457,-0.825236458087218,1.971716134710098,0.862242494281421,2.3252036097383346,3.3829032624181417,1.4623156977057823,0.46231569770544567,0.8898455862308012,nan,nan
SCA8-0,moderate,SAA,search_sampled,7,ambiguous,1.0,60354.48028346523,87958.54617831823,nan,34580.62886211337,0.6861695981321552,nan,nan,60354.48028346522,109104.2937731498,2.807724849269228,-0.9696718226280129,1.8077248492692286,0.8831364094938077,3.2163053629266822,8.12066962124748,0.30888836492762234,-0.6911116350727495,0.8593746373025078,nan,nan
SCA8-0,moderate,SAA,search_sampled,6,ambiguous,-1.0,69964.96847513253,85710.39905696637,nan,37367.77252549011,0.8162949798965603,nan,nan,58853.780285293346,104104.15362669103,2.3291361014463132,-0.7676239334595613,1.7688609486433458,0.9133913520469553,2.3291361014463137,2.933724311326892,0.646092991622604,-0.35390700837773165,0.8625419159393014,nan,nan
SCA8-0,moderate,SAA,search_sampled,3,certified_feasible,1.0,29367.28415026027,41662.45210628455,nan,17795.862248211288,0.7048861184488557,nan,nan,20744.74318601987,40281.4502145607,2.0780332661452356,-0.737650477712738,1.94176663713566,0.7690088566451121,2.1309500029736963,2.761053735675808,11.172817511820384,10.172817511819783,0.9035179829778399,nan,nan
SCA8-0,moderate,SAA,search_sampled,3,certified_feasible,1.0,40773.99122985127,50849.68253742186,nan,26428.931322034707,0.8018534078328695,nan,nan,40773.991229851265,65725.28957798785,2.6119415243771704,-0.925801943252659,1.6119415243771709,0.9741193675346457,3.334210932727937,5.191809302113323,9.344367716525705,8.344367716525287,0.8298086037585725,nan,nan
SCA8-0,moderate,SAA,search_sampled,3,certified_feasible,1.0,40773.99122985127,50849.68253742186,nan,26428.931322034707,0.8018534078328695,nan,nan,40773.991229851265,65725.28957798785,2.6119415243771704,-0.925801943252659,1.6119415243771709,0.9741193675346457,3.334210932727937,5.191809302113323,9.344367716525705,8.344367716525287,0.8298086037585725,nan,nan
SCA8-0,moderate,SAA,search_sampled,10,certified_infeasible,-1.0,78971.30203914383,121065.10841504275,nan,44585.39180636225,0.6523043928429786,nan,nan,69353.54640205145,128811.06358447712,2.509324335165501,-0.8488123935770863,1.8573104082917804,0.8231050057695908,2.5093243351655006,3.637113903983783,2.799502339044626,1.7995023390442955,0.8756732704767018,nan,nan
SCA8-0,moderate,SAA,search_sampled,3,certified_feasible,1.0,42285.183058020906,45449.7263786806,nan,27865.59637271863,0.9303726650784832,nan,nan,42285.1830580209,67839.8853993314,2.604341769225547,-0.9540169026110055,1.6043417692255475,0.9436812319281825,3.636929656416757,6.595016508312553,7.9498899468310755,6.949889946830658,0.8306795938798028,nan,nan
SCA8-0,moderate,SAA,search_sampled,7,certified_infeasible,-1.0,70093.04494260043,99345.73012490937,nan,44169.52357735315,0.7055466284708064,nan,nan,70093.04494260042,119541.26018433429,2.7054653608247046,-0.8724808303732672,1.705465360824705,0.8199119626277189,2.801462794408793,3.9602924680830203,2.830880018765922,1.8308800187655558,0.8602184300740288,nan,nan
SCA8-0,moderate,SAA,search_sampled,7,certified_infeasible,-1.0,84104.74418418821,121174.9791086778,nan,45359.37539846239,0.6940768201722359,nan,nan,84104.7441841882,148120.11127554794,2.761138598212331,-0.9383656708559761,1.7611385982123315,0.9617687870135994,3.09396731846403,5.696441755352832,1.1473157285292674,0.14731572852897723,0.818239024180377,nan,nan
SCA8-0,moderate,SAA,search_sampled,7,certified_infeasible,-1.0,84104.74418418817,121174.9791086778,nan,50505.75489494764,0.6940768201722356,nan,nan,84104.7441841882,148120.11127554794,2.7611385982123324,-0.9383656708559763,1.7611385982123315,0.9617687870135992,3.0939673184640313,5.696441755352842,1.0259823899062617,0.025982389905973093,0.8182390241803771,nan,nan
SCA8-0,moderate,SAA,search_sampled,2,certified_feasible,1.0,17754.873174543387,12291.069808543609,nan,8548.139422408984,1.4445344018957447,nan,nan,17754.873174543387,24505.179036399542,2.380194541267387,-0.978675251858797,1.3801945412673868,1.0,5.277444145041995,9.684407213871513,34.27220096780418,33.27220096780342,0.8236442312404554,nan,nan
SCA8-0,moderate,SAA,search_sampled,8,certified_infeasible,-1.0,89872.94568645966,127459.35191611297,nan,51356.430218893314,0.7051106437886904,nan,nan,89872.94568645966,148848.83783843913,2.656214077568227,-0.8862569247076552,1.6562140775682268,0.8988410465383636,2.956128847622081,4.193266984645574,2.590605861764522,1.5906058617642282,0.7563359727905037,nan,nan
SCA8-0,moderate,SAA,search_sampled,6,certified_infeasible,-1.0,88109.76249918534,135258.89139633856,nan,55484.4285177657,0.6514156784044917,nan,nan,88109.76249918534,156381.74778518098,2.774851541412643,-0.8967054085321003,1.774851541412643,0.9613281109663446,2.8217142629491834,4.400238399473542,2.043521009271179,1.043521009270888,0.826284195044598,nan,nan
SCA8-0,moderate,SAA,search_sampled,7,certified_infeasible,-1.0,77853.55561734324,108740.52331097226,nan,44022.30383077454,0.7159571542128819,nan,nan,77853.55561734321,139595.130395184,2.7930475915744393,-0.9773522568196708,1.7930475915744406,0.8811428138595443,3.3144075227145082,9.397287893782266,1.684375248246054,0.6843752482457351,0.843317007603347,nan,nan
SCA8-0,moderate,SAA,search_sampled,6,certified_infeasible,-1.0,88109.76249918534,135258.89139633856,nan,55484.4285177657,0.6514156784044917,nan,nan,88109.76249918534,156381.74778518098,2.774851541412643,-0.8967054085321003,1.774851541412643,0.9613281109663446,2.8217142629491834,4.400238399473542,2.043521009271179,1.043521009270888,0.826284195044598,nan,nan
SCA8-0,moderate,SAA,search_sampled,7,ambiguous,-1.0,77424.38901071355,95164.51074819277,nan,43919.457647168994,0.8135846903640377,nan,nan,77424.38901071354,131643.60073761852,2.700285948906906,-0.9717715384960007,1.7002859489069062,0.9712034136149831,3.526267449328349,8.41727261808864,0.246004466563937,-0.7539955334363629,0.819341285405286,nan,nan
SCA8-0,moderate,SAA,search_sampled,10,certified_infeasible,-1.0,89244.88556602607,136848.42942145557,nan,45604.81847658886,0.6521440249136974,nan,nan,68914.5917656198,141987.79419378808,2.3631873649877213,-0.8658687580667424,2.0603444140929112,0.8497538661924419,2.363187364987722,3.861446525238456,3.8344826336980917,2.834482633697778,0.8713121133274124,nan,nan
SCA8-0,moderate,SAA,search_sampled,2,certified_feasible,1.0,18983.663724105932,28989.09278386626,nan,16326.958353108093,0.6548553921863742,nan,nan,16317.89721068566,32918.177317804424,2.593602333250819,-0.9210561939682665,2.0173051032732445,1.0,2.5936023332508182,5.033336519255222,29.520640898280362,28.520640898279616,0.8263757427822903,nan,nan
SCA8-0,moderate,SAA,search_sampled,7,certified_infeasible,-1.0,83963.41272971856,134599.8078262902,nan,48364.218078414306,0.6238003908451252,nan,nan,80808.92609065569,157915.92572315293,2.8432009139775327,-0.9567289449034222,1.954189139278928,0.9593524407370687,2.843200913977531,6.798549365293161,2.591870766619528,1.5918707666192164,0.8212377743848696,nan,nan
SCA8-0,moderate,SAA,search_sampled,6,certified_infeasible,-1.0,76614.96731394023,95968.37443428498,nan,41761.950935505214,0.7983355742511078,nan,nan,72363.39421449884,127460.7803594449,2.608161062774289,-0.8463634799005088,1.761398587545893,0.9758652639759391,2.608161062774289,3.6080102857444336,2.1445633513259823,1.1445633513256523,0.8410058184488551,nan,nan
